Watching for file changes with StatReloader
Waiting for apps ready_event.
Apps ready_event triggered. Sending autoreload_started signal.
Watching dir C:\Users\Ireneirungu\PycharmProjects\RafikiChatbot\venv\lib\site-packages\rest_framework\templates with glob **/*.
Watching dir C:\Users\Ireneirungu\PycharmProjects\RafikiChatbot\static\build with glob **/*.
Watching dir C:\Users\Ireneirungu\PycharmProjects\RafikiChatbot\locale with glob **/*.mo.
Watching dir C:\Users\Ireneirungu\PycharmProjects\RafikiChatbot\chatbot\locale with glob **/*.mo.
Watching dir C:\Users\Ireneirungu\PycharmProjects\RafikiChatbot\venv\lib\site-packages\corsheaders\locale with glob **/*.mo.
Watching dir C:\Users\Ireneirungu\PycharmProjects\RafikiChatbot\venv\lib\site-packages\mongoengine\locale with glob **/*.mo.
Watching dir C:\Users\Ireneirungu\PycharmProjects\RafikiChatbot\venv\lib\site-packages\rest_framework\locale with glob **/*.mo.
Watching dir C:\Users\Ireneirungu\PycharmProjects\RafikiChatbot\venv\lib\site-packages\rest_framework_simplejwt\locale with glob **/*.mo.
File C:\Users\Ireneirungu\PycharmProjects\RafikiChatbot\venv\Lib\site-packages\django\db\models\manager.py first seen with mtime 1737108719.4939034
File C:\Users\Ireneirungu\AppData\Local\Programs\Python\Python39\Lib\xml\dom\domreg.py first seen with mtime 1652795112.0
File C:\Users\Ireneirungu\AppData\Local\Programs\Python\Python39\Lib\concurrent\__init__.py first seen with mtime 1652795110.0
File C:\Users\Ireneirungu\PycharmProjects\RafikiChatbot\venv\Lib\site-packages\django\core\checks\messages.py first seen with mtime 1737108719.4222894
File C:\Users\Ireneirungu\PycharmProjects\RafikiChatbot\venv\Lib\site-packages\django\contrib\admindocs\utils.py first seen with mtime 1737108718.211594
File C:\Users\Ireneirungu\PycharmProjects\RafikiChatbot\venv\Lib\site-packages\rest_framework\generics.py first seen with mtime 1737108716.6648896
File C:\Users\Ireneirungu\AppData\Local\Programs\Python\Python39\Lib\stat.py first seen with mtime 1652795110.0
File C:\Users\Ireneirungu\PycharmProjects\RafikiChatbot\venv\Lib\site-packages\gridfs\errors.py first seen with mtime 1734681582.7291164
File C:\Users\Ireneirungu\PycharmProjects\RafikiChatbot\venv\Lib\site-packages\urllib3\exceptions.py first seen with mtime 1734352373.6075337
File C:\Users\Ireneirungu\PycharmProjects\RafikiChatbot\venv\Lib\site-packages\jwt\api_jwk.py first seen with mtime 1738679958.2140179
File C:\Users\Ireneirungu\PycharmProjects\RafikiChatbot\venv\Lib\site-packages\pymongo\max_staleness_selectors.py first seen with mtime 1734681582.7613585
File C:\Users\Ireneirungu\PycharmProjects\RafikiChatbot\venv\Lib\site-packages\rest_framework\utils\urls.py first seen with mtime 1737108716.7835445
File C:\Users\Ireneirungu\PycharmProjects\RafikiChatbot\venv\Lib\site-packages\rest_framework\authentication.py first seen with mtime 1737108716.6620271
File C:\Users\Ireneirungu\PycharmProjects\RafikiChatbot\venv\Lib\site-packages\django\contrib\admin\decorators.py first seen with mtime 1737108717.9382794
File C:\Users\Ireneirungu\PycharmProjects\RafikiChatbot\venv\Lib\site-packages\urllib3\util\request.py first seen with mtime 1734352373.6236277
File C:\Users\Ireneirungu\PycharmProjects\RafikiChatbot\core\urls.py first seen with mtime 1738782543.9474359
File C:\Users\Ireneirungu\PycharmProjects\RafikiChatbot\venv\Lib\site-packages\django\contrib\auth\admin.py first seen with mtime 1737108718.3199017
File C:\Users\Ireneirungu\PycharmProjects\RafikiChatbot\venv\Lib\site-packages\sqlparse\tokens.py first seen with mtime 1734690958.5090446
File C:\Users\Ireneirungu\PycharmProjects\RafikiChatbot\venv\Lib\site-packages\django\utils\_os.py first seen with mtime 1737108719.5756967
File C:\Users\Ireneirungu\AppData\Local\Programs\Python\Python39\Lib\asyncio\runners.py first seen with mtime 1652795110.0
File C:\Users\Ireneirungu\PycharmProjects\RafikiChatbot\venv\Lib\site-packages\django\views\debug.py first seen with mtime 1737108719.5964787
File C:\Users\Ireneirungu\PycharmProjects\RafikiChatbot\venv\Lib\site-packages\django\views\generic\__init__.py first seen with mtime 1737108719.6014786
File C:\Users\Ireneirungu\AppData\Local\Programs\Python\Python39\Lib\asyncio\constants.py first seen with mtime 1652795110.0
File C:\Users\Ireneirungu\AppData\Local\Programs\Python\Python39\Lib\email\mime\multipart.py first seen with mtime 1652795110.0
File C:\Users\Ireneirungu\PycharmProjects\RafikiChatbot\venv\Lib\site-packages\pymongo\helpers.py first seen with mtime 1734681582.760356
File C:\Users\Ireneirungu\PycharmProjects\RafikiChatbot\venv\Lib\site-packages\urllib3\util\util.py first seen with mtime 1734352373.6296594
File C:\Users\Ireneirungu\PycharmProjects\RafikiChatbot\venv\Lib\site-packages\charset_normalizer\api.py first seen with mtime 1734352373.995681
File C:\Users\Ireneirungu\PycharmProjects\RafikiChatbot\venv\Lib\site-packages\django\db\backends\base\introspection.py first seen with mtime 1737108719.4615612
File C:\Users\Ireneirungu\PycharmProjects\RafikiChatbot\venv\Lib\site-packages\django\db\backends\base\client.py first seen with mtime 1737108719.4595618
File C:\Users\Ireneirungu\PycharmProjects\RafikiChatbot\venv\Lib\site-packages\jwt\__init__.py first seen with mtime 1738679958.2069287
File C:\Users\Ireneirungu\AppData\Local\Programs\Python\Python39\Lib\concurrent\futures\__init__.py first seen with mtime 1652795110.0
File C:\Users\Ireneirungu\PycharmProjects\RafikiChatbot\venv\Lib\site-packages\django\contrib\contenttypes\__init__.py first seen with mtime 1737108718.4385047
File C:\Users\Ireneirungu\PycharmProjects\RafikiChatbot\venv\Lib\site-packages\bson\codec_options.py first seen with mtime 1734681582.7199757
File C:\Users\Ireneirungu\PycharmProjects\RafikiChatbot\venv\Lib\site-packages\werkzeug\wsgi.py first seen with mtime 1738677770.4299629
File C:\Users\Ireneirungu\PycharmProjects\RafikiChatbot\venv\Lib\site-packages\django\contrib\contenttypes\fields.py first seen with mtime 1737108718.4395099
File C:\Users\Ireneirungu\PycharmProjects\RafikiChatbot\venv\Lib\site-packages\django\forms\utils.py first seen with mtime 1737108719.513073
File C:\Users\Ireneirungu\PycharmProjects\RafikiChatbot\venv\Lib\site-packages\django\db\models\constraints.py first seen with mtime 1737108719.4914224
File C:\Users\Ireneirungu\PycharmProjects\RafikiChatbot\venv\Lib\site-packages\django\core\checks\model_checks.py first seen with mtime 1737108719.4222894
File C:\Users\Ireneirungu\PycharmProjects\RafikiChatbot\venv\Lib\site-packages\requests\adapters.py first seen with mtime 1734352374.203614
File C:\Users\Ireneirungu\PycharmProjects\RafikiChatbot\venv\Lib\site-packages\django\core\servers\basehttp.py first seen with mtime 1737108719.455562
File C:\Users\Ireneirungu\PycharmProjects\RafikiChatbot\venv\Lib\site-packages\django\contrib\postgres\lookups.py first seen with mtime 1737108718.9757223
File C:\Users\Ireneirungu\PycharmProjects\RafikiChatbot\venv\Lib\site-packages\rest_framework\schemas\coreapi.py first seen with mtime 1737108716.7267835
File C:\Users\Ireneirungu\AppData\Local\Programs\Python\Python39\Lib\asyncio\format_helpers.py first seen with mtime 1652795110.0
File C:\Users\Ireneirungu\AppData\Local\Programs\Python\Python39\Lib\signal.py first seen with mtime 1652795110.0
File C:\Users\Ireneirungu\AppData\Local\Programs\Python\Python39\Lib\wsgiref\handlers.py first seen with mtime 1652795112.0
File C:\Users\Ireneirungu\PycharmProjects\RafikiChatbot\venv\Lib\site-packages\django\db\models\sql\datastructures.py first seen with mtime 1737108719.5059032
File C:\Users\Ireneirungu\PycharmProjects\RafikiChatbot\venv\Lib\site-packages\django\core\checks\urls.py first seen with mtime 1737108719.4237895
File C:\Users\Ireneirungu\PycharmProjects\RafikiChatbot\venv\Lib\site-packages\django\db\models\fields\mixins.py first seen with mtime 1737108719.4979036
File C:\Users\Ireneirungu\PycharmProjects\RafikiChatbot\venv\Lib\site-packages\jwt\exceptions.py first seen with mtime 1738679958.230459
File C:\Users\Ireneirungu\PycharmProjects\RafikiChatbot\venv\Lib\site-packages\django\db\models\__init__.py first seen with mtime 1737108719.4895866
File C:\Users\Ireneirungu\PycharmProjects\RafikiChatbot\venv\Lib\site-packages\rest_framework_simplejwt\exceptions.py first seen with mtime 1738782341.4376569
File C:\Users\Ireneirungu\PycharmProjects\RafikiChatbot\venv\Lib\site-packages\werkzeug\datastructures\__init__.py first seen with mtime 1738677770.4309626
File C:\Users\Ireneirungu\PycharmProjects\RafikiChatbot\venv\Lib\site-packages\django\middleware\common.py first seen with mtime 1737108719.5530572
File C:\Users\Ireneirungu\PycharmProjects\RafikiChatbot\venv\Lib\site-packages\django\core\files\base.py first seen with mtime 1737108719.4266655
File C:\Users\Ireneirungu\PycharmProjects\RafikiChatbot\venv\Lib\site-packages\django\contrib\contenttypes\views.py first seen with mtime 1737108718.4405098
File C:\Users\Ireneirungu\AppData\Local\Programs\Python\Python39\Lib\email\quoprimime.py first seen with mtime 1652795110.0
File C:\Users\Ireneirungu\PycharmProjects\RafikiChatbot\venv\Lib\site-packages\pytz\tzinfo.py first seen with mtime 1734681582.3648672
File C:\Users\Ireneirungu\AppData\Local\Programs\Python\Python39\Lib\collections\__init__.py first seen with mtime 1652795110.0
File C:\Users\Ireneirungu\PycharmProjects\RafikiChatbot\venv\Lib\site-packages\pymongo\client_session.py first seen with mtime 1734681582.7411919
File C:\Users\Ireneirungu\PycharmProjects\RafikiChatbot\venv\Lib\site-packages\requests\packages.py first seen with mtime 1734352374.2110522
File C:\Users\Ireneirungu\PycharmProjects\RafikiChatbot\venv\Lib\site-packages\django\core\checks\caches.py first seen with mtime 1737108719.4208922
File C:\Users\Ireneirungu\PycharmProjects\RafikiChatbot\venv\Lib\site-packages\pymongo\client_options.py first seen with mtime 1734681582.740127
File C:\Users\Ireneirungu\PycharmProjects\RafikiChatbot\venv\Lib\site-packages\pymongo\errors.py first seen with mtime 1734681582.7563891
File C:\Users\Ireneirungu\PycharmProjects\RafikiChatbot\venv\Lib\site-packages\django\db\models\fields\reverse_related.py first seen with mtime 1737108719.5009031
File C:\Users\Ireneirungu\AppData\Local\Programs\Python\Python39\Lib\platform.py first seen with mtime 1652795110.0
File C:\Users\Ireneirungu\PycharmProjects\RafikiChatbot\venv\Lib\site-packages\django\forms\forms.py first seen with mtime 1737108719.5109124
File C:\Users\Ireneirungu\PycharmProjects\RafikiChatbot\core\__init__.py first seen with mtime 1738505856.240755
File C:\Users\Ireneirungu\AppData\Local\Programs\Python\Python39\Lib\token.py first seen with mtime 1652795112.0
File C:\Users\Ireneirungu\AppData\Local\Programs\Python\Python39\Lib\http\client.py first seen with mtime 1652795110.0
File C:\Users\Ireneirungu\PycharmProjects\RafikiChatbot\venv\Lib\site-packages\requests\structures.py first seen with mtime 1734352374.2132938
File C:\Users\Ireneirungu\PycharmProjects\RafikiChatbot\venv\Lib\site-packages\django\utils\numberformat.py first seen with mtime 1737108719.588478
File C:\Users\Ireneirungu\PycharmProjects\RafikiChatbot\venv\Lib\site-packages\rest_framework\permissions.py first seen with mtime 1737108716.6676507
File C:\Users\Ireneirungu\AppData\Local\Programs\Python\Python39\Lib\_compat_pickle.py first seen with mtime 1652795110.0
File C:\Users\Ireneirungu\AppData\Local\Programs\Python\Python39\DLLs\_decimal.pyd first seen with mtime 1652795162.0
File C:\Users\Ireneirungu\PycharmProjects\RafikiChatbot\venv\Lib\site-packages\mongoengine\base\utils.py first seen with mtime 1734694514.418805
File C:\Users\Ireneirungu\AppData\Local\Programs\Python\Python39\Lib\importlib\abc.py first seen with mtime 1652795110.0
File C:\Users\Ireneirungu\PycharmProjects\RafikiChatbot\venv\Lib\site-packages\sqlparse\filters\tokens.py first seen with mtime 1734690958.5227046
File C:\Users\Ireneirungu\PycharmProjects\RafikiChatbot\venv\Lib\site-packages\django\core\files\move.py first seen with mtime 1737108719.4280593
File C:\Users\Ireneirungu\PycharmProjects\RafikiChatbot\venv\Lib\site-packages\django\db\backends\signals.py first seen with mtime 1737108719.458562
File C:\Users\Ireneirungu\PycharmProjects\RafikiChatbot\venv\Lib\site-packages\sqlparse\filters\others.py first seen with mtime 1734690958.517513
File C:\Users\Ireneirungu\AppData\Local\Programs\Python\Python39\DLLs\_asyncio.pyd first seen with mtime 1652795162.0
File C:\Users\Ireneirungu\AppData\Local\Programs\Python\Python39\DLLs\_zoneinfo.pyd first seen with mtime 1652795162.0
File C:\Users\Ireneirungu\AppData\Local\Programs\Python\Python39\Lib\getpass.py first seen with mtime 1652795110.0
File C:\Users\Ireneirungu\AppData\Local\Programs\Python\Python39\Lib\base64.py first seen with mtime 1652795110.0
File C:\Users\Ireneirungu\PycharmProjects\RafikiChatbot\venv\Lib\site-packages\urllib3\_request_methods.py first seen with mtime 1734352373.6045341
File C:\Users\Ireneirungu\AppData\Local\Programs\Python\Python39\DLLs\_hashlib.pyd first seen with mtime 1652795162.0
File C:\Users\Ireneirungu\PycharmProjects\RafikiChatbot\venv\Lib\site-packages\django\core\files\storage\memory.py first seen with mtime 1737108719.4313564
File C:\Users\Ireneirungu\PycharmProjects\RafikiChatbot\venv\Lib\site-packages\sqlparse\lexer.py first seen with mtime 1734690958.506648
File C:\Users\Ireneirungu\PycharmProjects\RafikiChatbot\venv\Lib\site-packages\werkzeug\http.py first seen with mtime 1738677770.4169629
File C:\Users\Ireneirungu\PycharmProjects\RafikiChatbot\venv\Lib\site-packages\mongoengine\document.py first seen with mtime 1734694514.4055016
File C:\Users\Ireneirungu\AppData\Local\Programs\Python\Python39\Lib\zoneinfo\_common.py first seen with mtime 1652795112.0
File C:\Users\Ireneirungu\PycharmProjects\RafikiChatbot\venv\Lib\site-packages\django\http\request.py first seen with mtime 1737108719.5507414
File C:\Users\Ireneirungu\PycharmProjects\RafikiChatbot\venv\Lib\site-packages\django\utils\ipv6.py first seen with mtime 1737108719.5864735
File C:\Users\Ireneirungu\PycharmProjects\RafikiChatbot\venv\Lib\site-packages\requests\sessions.py first seen with mtime 1734352374.2122855
File C:\Users\Ireneirungu\PycharmProjects\RafikiChatbot\venv\Lib\site-packages\django\db\migrations\state.py first seen with mtime 1737108719.4855864
File C:\Users\Ireneirungu\PycharmProjects\RafikiChatbot\venv\Lib\site-packages\idna\core.py first seen with mtime 1734352373.845154
File C:\Users\Ireneirungu\PycharmProjects\RafikiChatbot\venv\Lib\site-packages\django\core\validators.py first seen with mtime 1737108719.4152586
File C:\Users\Ireneirungu\PycharmProjects\RafikiChatbot\venv\Lib\site-packages\werkzeug\sansio\response.py first seen with mtime 1738677770.4808953
File C:\Users\Ireneirungu\PycharmProjects\RafikiChatbot\venv\Lib\site-packages\django\contrib\auth\management\__init__.py first seen with mtime 1737108718.4307463
File C:\Users\Ireneirungu\PycharmProjects\RafikiChatbot\venv\Lib\site-packages\bson\decimal128.py first seen with mtime 1734681582.7209766
File C:\Users\Ireneirungu\PycharmProjects\RafikiChatbot\venv\Lib\site-packages\django\contrib\staticfiles\utils.py first seen with mtime 1737108719.408871
File C:\Users\Ireneirungu\AppData\Local\Programs\Python\Python39\Lib\_sitebuiltins.py first seen with mtime 1652795110.0
File C:\Users\Ireneirungu\AppData\Local\Programs\Python\Python39\Lib\io.py first seen with mtime 1652795110.0
File C:\Users\Ireneirungu\AppData\Local\Programs\Python\Python39\Lib\asyncio\proactor_events.py first seen with mtime 1652795110.0
File C:\Users\Ireneirungu\PycharmProjects\RafikiChatbot\venv\Lib\site-packages\django\urls\converters.py first seen with mtime 1737108719.5736966
File C:\Users\Ireneirungu\AppData\Local\Programs\Python\Python39\Lib\urllib\response.py first seen with mtime 1652795112.0
File C:\Users\Ireneirungu\PycharmProjects\RafikiChatbot\venv\Lib\site-packages\werkzeug\datastructures\accept.py first seen with mtime 1738677770.431963
File C:\Users\Ireneirungu\PycharmProjects\RafikiChatbot\venv\Lib\site-packages\django\contrib\contenttypes\apps.py first seen with mtime 1737108718.4385047
File C:\Users\Ireneirungu\PycharmProjects\RafikiChatbot\venv\Lib\site-packages\werkzeug\datastructures\cache_control.py first seen with mtime 1738677770.434963
File C:\Users\Ireneirungu\PycharmProjects\RafikiChatbot\venv\Lib\site-packages\django\contrib\messages\apps.py first seen with mtime 1737108718.9689293
File C:\Users\Ireneirungu\PycharmProjects\RafikiChatbot\venv\Lib\site-packages\django\http\__init__.py first seen with mtime 1737108719.5487413
File C:\Users\Ireneirungu\PycharmProjects\RafikiChatbot\venv\Lib\site-packages\django\utils\datastructures.py first seen with mtime 1737108719.5796971
File C:\Users\Ireneirungu\PycharmProjects\RafikiChatbot\venv\Lib\site-packages\werkzeug\sansio\http.py first seen with mtime 1738677770.478094
File C:\Users\Ireneirungu\AppData\Local\Programs\Python\Python39\Lib\asyncio\base_tasks.py first seen with mtime 1652795110.0
File C:\Users\Ireneirungu\PycharmProjects\RafikiChatbot\venv\Lib\site-packages\django\core\mail\utils.py first seen with mtime 1737108719.4355326
File C:\Users\Ireneirungu\PycharmProjects\RafikiChatbot\venv\Lib\site-packages\django\core\mail\message.py first seen with mtime 1737108719.4355326
File C:\Users\Ireneirungu\AppData\Local\Programs\Python\Python39\Lib\xml\dom\minidom.py first seen with mtime 1652795112.0
File C:\Users\Ireneirungu\PycharmProjects\RafikiChatbot\venv\Lib\site-packages\django\core\exceptions.py first seen with mtime 1737108719.4138215
File C:\Users\Ireneirungu\PycharmProjects\RafikiChatbot\venv\Lib\site-packages\mongoengine\base\datastructures.py first seen with mtime 1734694514.4156575
File C:\Users\Ireneirungu\PycharmProjects\RafikiChatbot\chatbot\models.py first seen with mtime 1742606537.1181095
File C:\Users\Ireneirungu\PycharmProjects\RafikiChatbot\venv\Lib\site-packages\django\contrib\auth\decorators.py first seen with mtime 1737108718.3228998
File C:\Users\Ireneirungu\PycharmProjects\RafikiChatbot\venv\Lib\site-packages\django\db\backends\base\creation.py first seen with mtime 1737108719.460562
File C:\Users\Ireneirungu\AppData\Local\Programs\Python\Python39\Lib\heapq.py first seen with mtime 1652795110.0
File C:\Users\Ireneirungu\PycharmProjects\RafikiChatbot\venv\Lib\site-packages\requests\__version__.py first seen with mtime 1734352374.202619
File C:\Users\Ireneirungu\PycharmProjects\RafikiChatbot\venv\Lib\site-packages\django\contrib\staticfiles\checks.py first seen with mtime 1737108719.4064355
File C:\Users\Ireneirungu\AppData\Local\Programs\Python\Python39\Lib\sre_constants.py first seen with mtime 1652795110.0
File C:\Users\Ireneirungu\PycharmProjects\RafikiChatbot\venv\Lib\site-packages\django\db\models\functions\__init__.py first seen with mtime 1737108719.5019038
File C:\Users\Ireneirungu\PycharmProjects\RafikiChatbot\venv\Lib\site-packages\pymongo\change_stream.py first seen with mtime 1734681582.7391322
File C:\Users\Ireneirungu\AppData\Local\Programs\Python\Python39\Lib\contextlib.py first seen with mtime 1652795110.0
File C:\Users\Ireneirungu\PycharmProjects\RafikiChatbot\venv\Lib\site-packages\django\core\handlers\exception.py first seen with mtime 1737108719.4335313
File C:\Users\Ireneirungu\PycharmProjects\RafikiChatbot\venv\Lib\site-packages\bson\objectid.py first seen with mtime 1734681582.724011
File C:\Users\Ireneirungu\AppData\Local\Programs\Python\Python39\Lib\ntpath.py first seen with mtime 1652795110.0
File C:\Users\Ireneirungu\PycharmProjects\RafikiChatbot\venv\Lib\site-packages\rest_framework\schemas\__init__.py first seen with mtime 1737108716.7267835
File C:\Users\Ireneirungu\PycharmProjects\RafikiChatbot\venv\Lib\site-packages\django\template\utils.py first seen with mtime 1737108719.5606966
File C:\Users\Ireneirungu\PycharmProjects\RafikiChatbot\venv\Lib\site-packages\mongoengine\queryset\transform.py first seen with mtime 1734694514.4256113
File C:\Users\Ireneirungu\PycharmProjects\RafikiChatbot\venv\Lib\site-packages\django\core\management\sql.py first seen with mtime 1737108719.4405317
File C:\Users\Ireneirungu\PycharmProjects\RafikiChatbot\venv\Lib\site-packages\django\urls\base.py first seen with mtime 1737108719.5726955
File C:\Users\Ireneirungu\AppData\Local\Programs\Python\Python39\Lib\_bootlocale.py first seen with mtime 1652795110.0
File C:\Users\Ireneirungu\PycharmProjects\RafikiChatbot\venv\Lib\site-packages\charset_normalizer\models.py first seen with mtime 1734352374.0527532
File C:\Users\Ireneirungu\PycharmProjects\RafikiChatbot\venv\Lib\site-packages\idna\__init__.py first seen with mtime 1734352373.843154
File C:\Users\Ireneirungu\PycharmProjects\RafikiChatbot\venv\Lib\site-packages\requests\status_codes.py first seen with mtime 1734352374.2122855
File C:\Users\Ireneirungu\PycharmProjects\RafikiChatbot\venv\Lib\site-packages\django\utils\autoreload.py first seen with mtime 1737108719.5766966
File C:\Users\Ireneirungu\PycharmProjects\RafikiChatbot\venv\Lib\site-packages\django\core\checks\database.py first seen with mtime 1737108719.4208922
File C:\Users\Ireneirungu\PycharmProjects\RafikiChatbot\venv\Lib\site-packages\pymongo\cursor.py first seen with mtime 1734681582.7494118
File C:\Users\Ireneirungu\PycharmProjects\RafikiChatbot\venv\Lib\site-packages\urllib3\util\url.py first seen with mtime 1734352373.6286242
File C:\Users\Ireneirungu\AppData\Local\Programs\Python\Python39\Lib\asyncio\windows_events.py first seen with mtime 1652795110.0
File C:\Users\Ireneirungu\AppData\Local\Programs\Python\Python39\Lib\codecs.py first seen with mtime 1652795110.0
File C:\Users\Ireneirungu\AppData\Local\Programs\Python\Python39\Lib\asyncio\staggered.py first seen with mtime 1652795110.0
File C:\Users\Ireneirungu\PycharmProjects\RafikiChatbot\venv\Lib\site-packages\django\template\context.py first seen with mtime 1737108719.5566967
File C:\Users\Ireneirungu\PycharmProjects\RafikiChatbot\venv\Lib\site-packages\werkzeug\datastructures\range.py first seen with mtime 1738677770.442195
File C:\Users\Ireneirungu\AppData\Local\Programs\Python\Python39\Lib\email\_policybase.py first seen with mtime 1652795110.0
File C:\Users\Ireneirungu\AppData\Local\Programs\Python\Python39\Lib\importlib\metadata.py first seen with mtime 1652795110.0
File C:\Users\Ireneirungu\PycharmProjects\RafikiChatbot\venv\Lib\site-packages\django\db\models\functions\comparison.py first seen with mtime 1737108719.5019038
File C:\Users\Ireneirungu\PycharmProjects\RafikiChatbot\venv\Lib\site-packages\mongoengine\base\common.py first seen with mtime 1734694514.4143317
File C:\Users\Ireneirungu\PycharmProjects\RafikiChatbot\venv\Lib\site-packages\django\contrib\admin\templatetags\log.py first seen with mtime 1737108718.2078006
File C:\Users\Ireneirungu\AppData\Local\Programs\Python\Python39\DLLs\_uuid.pyd first seen with mtime 1652795162.0
File C:\Users\Ireneirungu\PycharmProjects\RafikiChatbot\venv\Lib\site-packages\django\db\migrations\operations\special.py first seen with mtime 1737108719.488587
File C:\Users\Ireneirungu\AppData\Local\Programs\Python\Python39\Lib\tempfile.py first seen with mtime 1652795110.0
File C:\Users\Ireneirungu\PycharmProjects\RafikiChatbot\venv\Lib\site-packages\django\db\migrations\__init__.py first seen with mtime 1737108719.480587
File C:\Users\Ireneirungu\PycharmProjects\RafikiChatbot\venv\Lib\site-packages\django\utils\encoding.py first seen with mtime 1737108719.5825505
File C:\Users\Ireneirungu\PycharmProjects\RafikiChatbot\venv\Lib\site-packages\django\core\checks\security\sessions.py first seen with mtime 1737108719.4252796
File C:\Users\Ireneirungu\PycharmProjects\RafikiChatbot\venv\Lib\site-packages\rest_framework\__init__.py first seen with mtime 1737108716.6606266
File C:\Users\Ireneirungu\PycharmProjects\RafikiChatbot\venv\Lib\site-packages\django\views\i18n.py first seen with mtime 1737108719.5964787
File C:\Users\Ireneirungu\PycharmProjects\RafikiChatbot\venv\Lib\site-packages\django\contrib\messages\storage\base.py first seen with mtime 1737108718.9718716
File C:\Users\Ireneirungu\PycharmProjects\RafikiChatbot\venv\Lib\site-packages\django\views\decorators\common.py first seen with mtime 1737108719.5984783
File C:\Users\Ireneirungu\PycharmProjects\RafikiChatbot\venv\Lib\site-packages\django\db\models\signals.py first seen with mtime 1737108719.4959035
File C:\Users\Ireneirungu\AppData\Local\Programs\Python\Python39\Lib\__future__.py first seen with mtime 1652795110.0
File C:\Users\Ireneirungu\PycharmProjects\RafikiChatbot\venv\Lib\site-packages\django\core\checks\async_checks.py first seen with mtime 1737108719.4196482
File C:\Users\Ireneirungu\PycharmProjects\RafikiChatbot\venv\Lib\site-packages\pymongo\uri_parser.py first seen with mtime 1734681582.7797568
File C:\Users\Ireneirungu\PycharmProjects\RafikiChatbot\venv\Lib\site-packages\rest_framework\fields.py first seen with mtime 1737108716.6648896
File C:\Users\Ireneirungu\PycharmProjects\RafikiChatbot\venv\Lib\site-packages\django\urls\resolvers.py first seen with mtime 1737108719.5746963
File C:\Users\Ireneirungu\PycharmProjects\RafikiChatbot\venv\Lib\site-packages\django\utils\regex_helper.py first seen with mtime 1737108719.588478
File C:\Users\Ireneirungu\PycharmProjects\RafikiChatbot\venv\Lib\site-packages\django\test\__init__.py first seen with mtime 1737108719.5686963
File C:\Users\Ireneirungu\PycharmProjects\RafikiChatbot\venv\Lib\site-packages\mongoengine\connection.py first seen with mtime 1734694514.4024746
File C:\Users\Ireneirungu\AppData\Local\Programs\Python\Python39\Lib\xml\dom\__init__.py first seen with mtime 1652795112.0
File C:\Users\Ireneirungu\PycharmProjects\RafikiChatbot\chatbot\urls.py first seen with mtime 1742620043.3848858
File C:\Users\Ireneirungu\AppData\Local\Programs\Python\Python39\Lib\configparser.py first seen with mtime 1652795110.0
File C:\Users\Ireneirungu\PycharmProjects\RafikiChatbot\venv\Lib\site-packages\corsheaders\signals.py first seen with mtime 1737108771.0295494
File C:\Users\Ireneirungu\PycharmProjects\RafikiChatbot\venv\Lib\site-packages\corsheaders\checks.py first seen with mtime 1737108771.0275495
File C:\Users\Ireneirungu\PycharmProjects\RafikiChatbot\venv\Lib\site-packages\pymongo\compression_support.py first seen with mtime 1734681582.748357
File C:\Users\Ireneirungu\PycharmProjects\RafikiChatbot\venv\Lib\site-packages\rest_framework\exceptions.py first seen with mtime 1737108716.6634398
File C:\Users\Ireneirungu\PycharmProjects\RafikiChatbot\venv\Lib\site-packages\urllib3\util\timeout.py first seen with mtime 1734352373.6276243
File C:\Users\Ireneirungu\PycharmProjects\RafikiChatbot\venv\Lib\site-packages\werkzeug\serving.py first seen with mtime 1738677770.4220357
File C:\Users\Ireneirungu\PycharmProjects\RafikiChatbot\venv\Lib\site-packages\django\views\generic\list.py first seen with mtime 1737108719.603189
File C:\Users\Ireneirungu\PycharmProjects\RafikiChatbot\venv\Lib\site-packages\requests\__init__.py first seen with mtime 1734352374.20162
File C:\Users\Ireneirungu\PycharmProjects\RafikiChatbot\venv\Lib\site-packages\django\views\defaults.py first seen with mtime 1737108719.5964787
File C:\Users\Ireneirungu\PycharmProjects\RafikiChatbot\venv\Lib\site-packages\urllib3\_base_connection.py first seen with mtime 1734352373.6025262
File C:\Users\Ireneirungu\AppData\Local\Programs\Python\Python39\Lib\unittest\case.py first seen with mtime 1652795112.0
File C:\Users\Ireneirungu\PycharmProjects\RafikiChatbot\venv\Lib\site-packages\django\contrib\sessions\backends\__init__.py first seen with mtime 1737108719.182492
File C:\Users\Ireneirungu\PycharmProjects\RafikiChatbot\venv\Lib\site-packages\django\db\backends\postgresql\__init__.py first seen with mtime 1737108719.4735818
File C:\Users\Ireneirungu\PycharmProjects\RafikiChatbot\venv\Lib\site-packages\django\template\loaders\__init__.py first seen with mtime 1737108719.5636969
File C:\Users\Ireneirungu\PycharmProjects\RafikiChatbot\venv\Lib\site-packages\django\utils\log.py first seen with mtime 1737108719.5874784
File C:\Users\Ireneirungu\PycharmProjects\RafikiChatbot\venv\Lib\site-packages\django\utils\version.py first seen with mtime 1737108719.5914783
File C:\Users\Ireneirungu\PycharmProjects\RafikiChatbot\venv\Lib\site-packages\rest_framework\views.py first seen with mtime 1737108716.6733744
File C:\Users\Ireneirungu\AppData\Local\Programs\Python\Python39\Lib\xml\dom\xmlbuilder.py first seen with mtime 1652795112.0
File C:\Users\Ireneirungu\PycharmProjects\RafikiChatbot\venv\Lib\site-packages\django\templatetags\l10n.py first seen with mtime 1737108719.5676963
File C:\Users\Ireneirungu\PycharmProjects\RafikiChatbot\venv\Lib\site-packages\pymongo\ssl_context.py first seen with mtime 1734681582.7767556
File C:\Users\Ireneirungu\PycharmProjects\RafikiChatbot\venv\Lib\site-packages\pytz\tzfile.py first seen with mtime 1734681582.3639057
File C:\Users\Ireneirungu\PycharmProjects\RafikiChatbot\venv\Lib\site-packages\pymongo\topology_description.py first seen with mtime 1734681582.7787602
File C:\Users\Ireneirungu\PycharmProjects\RafikiChatbot\venv\Lib\site-packages\sqlparse\filters\reindent.py first seen with mtime 1734690958.5198305
File C:\Users\Ireneirungu\AppData\Local\Programs\Python\Python39\Lib\importlib\_common.py first seen with mtime 1652795110.0
File C:\Users\Ireneirungu\PycharmProjects\RafikiChatbot\venv\Lib\site-packages\rest_framework_simplejwt\authentication.py first seen with mtime 1738782341.4356258
File C:\Users\Ireneirungu\PycharmProjects\RafikiChatbot\venv\Lib\site-packages\werkzeug\datastructures\csp.py first seen with mtime 1738677770.4363651
File C:\Users\Ireneirungu\PycharmProjects\RafikiChatbot\venv\Lib\site-packages\django\core\handlers\__init__.py first seen with mtime 1737108719.432527
File C:\Users\Ireneirungu\AppData\Local\Programs\Python\Python39\Lib\dis.py first seen with mtime 1652795110.0
File C:\Users\Ireneirungu\PycharmProjects\RafikiChatbot\venv\Lib\site-packages\django\template\autoreload.py first seen with mtime 1737108719.5556965
File C:\Users\Ireneirungu\PycharmProjects\RafikiChatbot\venv\Lib\site-packages\mongoengine\signals.py first seen with mtime 1734694514.4143317
File C:\Users\Ireneirungu\AppData\Local\Programs\Python\Python39\Lib\copy.py first seen with mtime 1652795110.0
File C:\Users\Ireneirungu\PycharmProjects\RafikiChatbot\venv\Lib\site-packages\django\contrib\sessions\apps.py first seen with mtime 1737108719.1794913
File C:\Users\Ireneirungu\PycharmProjects\RafikiChatbot\venv\Lib\site-packages\urllib3\util\ssltransport.py first seen with mtime 1734352373.6276243
File C:\Users\Ireneirungu\AppData\Local\Programs\Python\Python39\Lib\unittest\runner.py first seen with mtime 1652795112.0
File C:\Users\Ireneirungu\PycharmProjects\RafikiChatbot\venv\Lib\site-packages\urllib3\http2\probe.py first seen with mtime 1734352373.6216247
File C:\Users\Ireneirungu\PycharmProjects\RafikiChatbot\venv\Lib\site-packages\django\views\generic\dates.py first seen with mtime 1737108719.602479
File C:\Users\Ireneirungu\AppData\Local\Programs\Python\Python39\Lib\threading.py first seen with mtime 1652795112.0
File C:\Users\Ireneirungu\PycharmProjects\RafikiChatbot\venv\Lib\site-packages\django\db\models\aggregates.py first seen with mtime 1737108719.4900002
File C:\Users\Ireneirungu\PycharmProjects\RafikiChatbot\venv\Lib\site-packages\django\forms\models.py first seen with mtime 1737108719.5120683
File C:\Users\Ireneirungu\AppData\Local\Programs\Python\Python39\Lib\http\server.py first seen with mtime 1652795110.0
File C:\Users\Ireneirungu\PycharmProjects\RafikiChatbot\venv\Lib\site-packages\rest_framework\schemas\inspectors.py first seen with mtime 1737108716.7277834
File C:\Users\Ireneirungu\PycharmProjects\RafikiChatbot\venv\Lib\site-packages\django\db\migrations\operations\base.py first seen with mtime 1737108719.487587
File C:\Users\Ireneirungu\PycharmProjects\RafikiChatbot\venv\Lib\site-packages\mongoengine\queryset\visitor.py first seen with mtime 1734694514.4267774
File C:\Users\Ireneirungu\PycharmProjects\RafikiChatbot\venv\Lib\site-packages\django\core\files\utils.py first seen with mtime 1737108719.4299963
File C:\Users\Ireneirungu\PycharmProjects\RafikiChatbot\venv\Lib\site-packages\sqlparse\exceptions.py first seen with mtime 1734690958.5026977
File C:\Users\Ireneirungu\AppData\Local\Programs\Python\Python39\DLLs\unicodedata.pyd first seen with mtime 1652795164.0
File C:\Users\Ireneirungu\PycharmProjects\RafikiChatbot\venv\Lib\site-packages\django\views\csrf.py first seen with mtime 1737108719.5954783
File C:\Users\Ireneirungu\AppData\Local\Programs\Python\Python39\DLLs\select.pyd first seen with mtime 1652795162.0
File C:\Users\Ireneirungu\PycharmProjects\RafikiChatbot\venv\Lib\site-packages\django\contrib\postgres\validators.py first seen with mtime 1737108718.9777222
File C:\Users\Ireneirungu\AppData\Local\Programs\Python\Python39\Lib\logging\handlers.py first seen with mtime 1652795110.0
File C:\Users\Ireneirungu\PycharmProjects\RafikiChatbot\venv\Lib\site-packages\django\contrib\postgres\__init__.py first seen with mtime 1737108718.9738996
File C:\Users\Ireneirungu\AppData\Local\Programs\Python\Python39\DLLs\_lzma.pyd first seen with mtime 1652795162.0
File C:\Users\Ireneirungu\AppData\Local\Programs\Python\Python39\Lib\dataclasses.py first seen with mtime 1652795110.0
File C:\Users\Ireneirungu\PycharmProjects\RafikiChatbot\venv\Lib\site-packages\pymongo\ssl_match_hostname.py first seen with mtime 1734681582.7767556
File C:\Users\Ireneirungu\PycharmProjects\RafikiChatbot\venv\Lib\site-packages\pymongo\auth_aws.py first seen with mtime 1734681582.7371223
File C:\Users\Ireneirungu\PycharmProjects\RafikiChatbot\chatbot\__init__.py first seen with mtime 1738505856.237081
File C:\Users\Ireneirungu\AppData\Local\Programs\Python\Python39\Lib\uuid.py first seen with mtime 1652795112.0
File C:\Users\Ireneirungu\PycharmProjects\RafikiChatbot\venv\Lib\site-packages\corsheaders\middleware.py first seen with mtime 1737108771.02855
File C:\Users\Ireneirungu\PycharmProjects\RafikiChatbot\venv\Lib\site-packages\django\contrib\auth\signals.py first seen with mtime 1737108718.3258996
File C:\Users\Ireneirungu\AppData\Local\Programs\Python\Python39\Lib\html\parser.py first seen with mtime 1652795110.0
File C:\Users\Ireneirungu\PycharmProjects\RafikiChatbot\venv\Lib\site-packages\django\contrib\auth\checks.py first seen with mtime 1737108718.3218997
File C:\Users\Ireneirungu\PycharmProjects\RafikiChatbot\venv\Lib\site-packages\werkzeug\sansio\__init__.py first seen with mtime 1738677770.476719
File C:\Users\Ireneirungu\PycharmProjects\RafikiChatbot\venv\Lib\site-packages\rest_framework\templatetags\rest_framework.py first seen with mtime 1737108716.7780335
File C:\Users\Ireneirungu\PycharmProjects\RafikiChatbot\venv\Lib\site-packages\django\contrib\auth\forms.py first seen with mtime 1737108718.3228998
File C:\Users\Ireneirungu\PycharmProjects\RafikiChatbot\venv\Lib\site-packages\idna\package_data.py first seen with mtime 1734352373.847198
File C:\Users\Ireneirungu\PycharmProjects\RafikiChatbot\venv\Lib\site-packages\jwt\warnings.py first seen with mtime 1738679958.242665
File C:\Users\Ireneirungu\PycharmProjects\RafikiChatbot\venv\Lib\site-packages\rest_framework_simplejwt\models.py first seen with mtime 1738782341.4390137
File C:\Users\Ireneirungu\PycharmProjects\RafikiChatbot\venv\Lib\site-packages\django\core\handlers\asgi.py first seen with mtime 1737108719.4335313
File C:\Users\Ireneirungu\PycharmProjects\RafikiChatbot\venv\Lib\site-packages\django\utils\dateparse.py first seen with mtime 1737108719.5805454
File C:\Users\Ireneirungu\PycharmProjects\RafikiChatbot\venv\Lib\site-packages\django\contrib\contenttypes\admin.py first seen with mtime 1737108718.4385047
File C:\Users\Ireneirungu\PycharmProjects\RafikiChatbot\venv\Lib\site-packages\django\core\checks\security\__init__.py first seen with mtime 1737108719.4252796
File C:\Users\Ireneirungu\AppData\Local\Programs\Python\Python39\Lib\ctypes\__init__.py first seen with mtime 1652795110.0
File C:\Users\Ireneirungu\PycharmProjects\RafikiChatbot\venv\Lib\site-packages\django\utils\deconstruct.py first seen with mtime 1737108719.5815508
File C:\Users\Ireneirungu\AppData\Local\Programs\Python\Python39\Lib\hashlib.py first seen with mtime 1652795110.0
File C:\Users\Ireneirungu\PycharmProjects\RafikiChatbot\venv\Lib\site-packages\charset_normalizer\__init__.py first seen with mtime 1734352373.993682
File C:\Users\Ireneirungu\PycharmProjects\RafikiChatbot\venv\Lib\site-packages\urllib3\poolmanager.py first seen with mtime 1734352373.609536
File C:\Users\Ireneirungu\PycharmProjects\RafikiChatbot\venv\Lib\site-packages\werkzeug\wrappers\response.py first seen with mtime 1738677770.4861808
File C:\Users\Ireneirungu\PycharmProjects\RafikiChatbot\venv\Lib\site-packages\gridfs\__init__.py first seen with mtime 1734681582.7282267
File C:\Users\Ireneirungu\AppData\Local\Programs\Python\Python39\Lib\uu.py first seen with mtime 1652795112.0
File C:\Users\Ireneirungu\PycharmProjects\RafikiChatbot\venv\Lib\site-packages\django\contrib\staticfiles\handlers.py first seen with mtime 1737108719.4064355
File C:\Users\Ireneirungu\PycharmProjects\RafikiChatbot\venv\Lib\site-packages\mongoengine\common.py first seen with mtime 1734694514.4024746
File C:\Users\Ireneirungu\PycharmProjects\RafikiChatbot\venv\Lib\site-packages\pymongo\topology.py first seen with mtime 1734681582.7787602
File C:\Users\Ireneirungu\PycharmProjects\RafikiChatbot\chatbot\views.py first seen with mtime 1742636684.9022503
File C:\Users\Ireneirungu\PycharmProjects\RafikiChatbot\venv\Lib\site-packages\rest_framework\utils\humanize_datetime.py first seen with mtime 1737108716.7805443
File C:\Users\Ireneirungu\PycharmProjects\RafikiChatbot\venv\Lib\site-packages\django\template\backends\django.py first seen with mtime 1737108719.5626974
File C:\Users\Ireneirungu\PycharmProjects\RafikiChatbot\venv\Lib\site-packages\django\test\html.py first seen with mtime 1737108719.5696967
File C:\Users\Ireneirungu\AppData\Local\Programs\Python\Python39\Lib\urllib\parse.py first seen with mtime 1652795112.0
File C:\Users\Ireneirungu\PycharmProjects\RafikiChatbot\venv\Lib\site-packages\pytz\__init__.py first seen with mtime 1734681582.362906
File C:\Users\Ireneirungu\PycharmProjects\RafikiChatbot\venv\Lib\site-packages\requests\utils.py first seen with mtime 1734352374.214603
File C:\Users\Ireneirungu\PycharmProjects\RafikiChatbot\venv\Lib\site-packages\django\middleware\csrf.py first seen with mtime 1737108719.553485
File C:\Users\Ireneirungu\AppData\Local\Programs\Python\Python39\Lib\random.py first seen with mtime 1652795110.0
File C:\Users\Ireneirungu\PycharmProjects\RafikiChatbot\venv\Lib\site-packages\django\db\backends\dummy\__init__.py first seen with mtime 1737108719.4635618
File C:\Users\Ireneirungu\PycharmProjects\RafikiChatbot\venv\Lib\site-packages\django\core\checks\templates.py first seen with mtime 1737108719.4222894
File C:\Users\Ireneirungu\AppData\Local\Programs\Python\Python39\Lib\asyncio\sslproto.py first seen with mtime 1652795110.0
File C:\Users\Ireneirungu\PycharmProjects\RafikiChatbot\venv\Lib\site-packages\django\db\models\fields\json.py first seen with mtime 1737108719.4979036
File C:\Users\Ireneirungu\PycharmProjects\RafikiChatbot\venv\Lib\site-packages\rest_framework_simplejwt\token_blacklist\models.py first seen with mtime 1738782341.541409
File C:\Users\Ireneirungu\PycharmProjects\RafikiChatbot\venv\Lib\site-packages\django\contrib\admin\models.py first seen with mtime 1737108717.9397252
File C:\Users\Ireneirungu\PycharmProjects\RafikiChatbot\venv\Lib\site-packages\pymongo\pool.py first seen with mtime 1734681582.7683558
File C:\Users\Ireneirungu\PycharmProjects\RafikiChatbot\venv\Lib\site-packages\certifi\__init__.py first seen with mtime 1734352374.1751318
File C:\Users\Ireneirungu\AppData\Local\Programs\Python\Python39\Lib\email\utils.py first seen with mtime 1652795110.0
File C:\Users\Ireneirungu\PycharmProjects\RafikiChatbot\venv\Lib\site-packages\django\core\management\commands\runserver.py first seen with mtime 1737108719.4475317
File C:\Users\Ireneirungu\AppData\Local\Programs\Python\Python39\Lib\email\message.py first seen with mtime 1652795110.0
File C:\Users\Ireneirungu\PycharmProjects\RafikiChatbot\venv\Lib\site-packages\django\test\signals.py first seen with mtime 1737108719.5706966
File C:\Users\Ireneirungu\PycharmProjects\RafikiChatbot\venv\Lib\site-packages\django\template\loaders\cached.py first seen with mtime 1737108719.5646966
File C:\Users\Ireneirungu\PycharmProjects\RafikiChatbot\venv\Lib\site-packages\requests\compat.py first seen with mtime 1734352374.2066245
File C:\Users\Ireneirungu\PycharmProjects\RafikiChatbot\venv\Lib\site-packages\django\contrib\auth\middleware.py first seen with mtime 1737108718.3238997
File C:\Users\Ireneirungu\AppData\Local\Programs\Python\Python39\Lib\xml\dom\NodeFilter.py first seen with mtime 1652795112.0
File C:\Users\Ireneirungu\AppData\Local\Programs\Python\Python39\Lib\html\entities.py first seen with mtime 1652795110.0
File C:\Users\Ireneirungu\PycharmProjects\RafikiChatbot\venv\Lib\site-packages\django\utils\text.py first seen with mtime 1737108719.5894783
File C:\Users\Ireneirungu\AppData\Local\Programs\Python\Python39\Lib\bisect.py first seen with mtime 1652795110.0
File C:\Users\Ireneirungu\PycharmProjects\RafikiChatbot\venv\Lib\site-packages\django\template\base.py first seen with mtime 1737108719.5556965
File C:\Users\Ireneirungu\PycharmProjects\RafikiChatbot\venv\Lib\site-packages\django\db\models\sql\__init__.py first seen with mtime 1737108719.5049033
File C:\Users\Ireneirungu\PycharmProjects\RafikiChatbot\venv\Lib\site-packages\django\contrib\admin\templatetags\admin_list.py first seen with mtime 1737108718.2058008
File C:\Users\Ireneirungu\PycharmProjects\RafikiChatbot\venv\Lib\site-packages\pymongo\ssl_support.py first seen with mtime 1734681582.7777553
File C:\Users\Ireneirungu\AppData\Local\Programs\Python\Python39\Lib\wsgiref\headers.py first seen with mtime 1652795112.0
File C:\Users\Ireneirungu\PycharmProjects\RafikiChatbot\venv\Lib\site-packages\django\urls\utils.py first seen with mtime 1737108719.5746963
File C:\Users\Ireneirungu\PycharmProjects\RafikiChatbot\venv\Lib\site-packages\django\contrib\staticfiles\management\__init__.py first seen with mtime 1737108719.408871
File C:\Users\Ireneirungu\PycharmProjects\RafikiChatbot\venv\Lib\site-packages\bson\timestamp.py first seen with mtime 1734681582.726139
File C:\Users\Ireneirungu\PycharmProjects\RafikiChatbot\venv\Lib\site-packages\django\template\loaders\filesystem.py first seen with mtime 1737108719.5656953
File C:\Users\Ireneirungu\PycharmProjects\RafikiChatbot\venv\Lib\site-packages\django\db\models\base.py first seen with mtime 1737108719.490413
File C:\Users\Ireneirungu\PycharmProjects\RafikiChatbot\core\settings.py first seen with mtime 1742637035.1161451
File C:\Users\Ireneirungu\PycharmProjects\RafikiChatbot\venv\Lib\site-packages\django\db\backends\base\operations.py first seen with mtime 1737108719.4615612
File C:\Users\Ireneirungu\AppData\Local\Programs\Python\Python39\Lib\site.py first seen with mtime 1652795110.0
File C:\Users\Ireneirungu\PycharmProjects\RafikiChatbot\venv\Lib\site-packages\jwt\api_jws.py first seen with mtime 1738679958.2155378
File C:\Users\Ireneirungu\AppData\Local\Programs\Python\Python39\Lib\email\base64mime.py first seen with mtime 1652795110.0
File C:\Users\Ireneirungu\AppData\Local\Programs\Python\Python39\Lib\urllib\error.py first seen with mtime 1652795112.0
File C:\Users\Ireneirungu\AppData\Local\Programs\Python\Python39\Lib\pathlib.py first seen with mtime 1652795110.0
File C:\Users\Ireneirungu\AppData\Local\Programs\Python\Python39\Lib\asyncio\transports.py first seen with mtime 1652795110.0
File C:\Users\Ireneirungu\AppData\Local\Programs\Python\Python39\Lib\pprint.py first seen with mtime 1652795110.0
File C:\Users\Ireneirungu\PycharmProjects\RafikiChatbot\venv\Lib\site-packages\sqlparse\filters\right_margin.py first seen with mtime 1734690958.5215716
File C:\Users\Ireneirungu\AppData\Local\Programs\Python\Python39\Lib\asyncio\windows_utils.py first seen with mtime 1652795110.0
File C:\Users\Ireneirungu\AppData\Local\Programs\Python\Python39\Lib\_weakrefset.py first seen with mtime 1652795110.0
File C:\Users\Ireneirungu\PycharmProjects\RafikiChatbot\venv\Lib\site-packages\pymongo\__init__.py first seen with mtime 1734681582.7291164
File C:\Users\Ireneirungu\AppData\Local\Programs\Python\Python39\Lib\asyncio\selector_events.py first seen with mtime 1652795110.0
File C:\Users\Ireneirungu\AppData\Local\Programs\Python\Python39\Lib\glob.py first seen with mtime 1652795110.0
File C:\Users\Ireneirungu\PycharmProjects\RafikiChatbot\venv\Lib\site-packages\django\contrib\admin\templatetags\__init__.py first seen with mtime 1737108718.2058008
File C:\Users\Ireneirungu\AppData\Local\Programs\Python\Python39\Lib\encodings\latin_1.py first seen with mtime 1652795110.0
File C:\Users\Ireneirungu\PycharmProjects\RafikiChatbot\venv\Lib\site-packages\django\templatetags\i18n.py first seen with mtime 1737108719.5666966
File C:\Users\Ireneirungu\AppData\Local\Programs\Python\Python39\Lib\pkgutil.py first seen with mtime 1652795110.0
File C:\Users\Ireneirungu\PycharmProjects\RafikiChatbot\venv\Lib\site-packages\django\db\models\expressions.py first seen with mtime 1737108719.4929035
File C:\Users\Ireneirungu\AppData\Local\Programs\Python\Python39\Lib\sre_compile.py first seen with mtime 1652795110.0
File C:\Users\Ireneirungu\AppData\Local\Programs\Python\Python39\Lib\xml\dom\minicompat.py first seen with mtime 1652795112.0
File C:\Users\Ireneirungu\PycharmProjects\RafikiChatbot\venv\Lib\site-packages\asgiref\local.py first seen with mtime 1734350002.722439
File C:\Users\Ireneirungu\PycharmProjects\RafikiChatbot\venv\Lib\site-packages\django\utils\http.py first seen with mtime 1737108719.5850992
File C:\Users\Ireneirungu\PycharmProjects\RafikiChatbot\venv\Lib\site-packages\django\conf\global_settings.py first seen with mtime 1737108717.754027
File C:\Users\Ireneirungu\PycharmProjects\RafikiChatbot\venv\Lib\site-packages\bson\errors.py first seen with mtime 1734681582.721972
File C:\Users\Ireneirungu\AppData\Local\Programs\Python\Python39\Lib\enum.py first seen with mtime 1652795110.0
File C:\Users\Ireneirungu\AppData\Local\Programs\Python\Python39\DLLs\_ssl.pyd first seen with mtime 1652795162.0
File C:\Users\Ireneirungu\PycharmProjects\RafikiChatbot\venv\Lib\site-packages\bson\code.py first seen with mtime 1734681582.7199757
File C:\Users\Ireneirungu\PycharmProjects\RafikiChatbot\venv\Lib\site-packages\django\forms\fields.py first seen with mtime 1737108719.5099068
File C:\Users\Ireneirungu\PycharmProjects\RafikiChatbot\venv\Lib\site-packages\django\template\backends\__init__.py first seen with mtime 1737108719.5616963
File C:\Users\Ireneirungu\PycharmProjects\RafikiChatbot\venv\Lib\site-packages\django\contrib\admin\options.py first seen with mtime 1737108717.940725
File C:\Users\Ireneirungu\AppData\Local\Programs\Python\Python39\Lib\asyncio\subprocess.py first seen with mtime 1652795110.0
File C:\Users\Ireneirungu\AppData\Local\Programs\Python\Python39\Lib\importlib\__init__.py first seen with mtime 1652795110.0
File C:\Users\Ireneirungu\AppData\Local\Programs\Python\Python39\Lib\importlib\util.py first seen with mtime 1652795110.0
File C:\Users\Ireneirungu\AppData\Local\Programs\Python\Python39\Lib\concurrent\futures\thread.py first seen with mtime 1652795110.0
File C:\Users\Ireneirungu\PycharmProjects\RafikiChatbot\venv\Lib\site-packages\werkzeug\formparser.py first seen with mtime 1738677770.4159656
File C:\Users\Ireneirungu\AppData\Local\Programs\Python\Python39\Lib\asyncio\threads.py first seen with mtime 1652795110.0
File C:\Users\Ireneirungu\PycharmProjects\RafikiChatbot\venv\Lib\site-packages\pymongo\database.py first seen with mtime 1734681582.7543666
File C:\Users\Ireneirungu\PycharmProjects\RafikiChatbot\venv\Lib\site-packages\django\contrib\sessions\models.py first seen with mtime 1737108719.1814911
File C:\Users\Ireneirungu\AppData\Local\Programs\Python\Python39\Lib\functools.py first seen with mtime 1652795110.0
File C:\Users\Ireneirungu\PycharmProjects\RafikiChatbot\venv\Lib\site-packages\rest_framework_simplejwt\__init__.py first seen with mtime 1738782341.4336193
File C:\Users\Ireneirungu\PycharmProjects\RafikiChatbot\venv\Lib\site-packages\django\contrib\staticfiles\management\commands\__init__.py first seen with mtime 1737108719.409875
File C:\Users\Ireneirungu\AppData\Local\Programs\Python\Python39\Lib\json\encoder.py first seen with mtime 1652795110.0
File C:\Users\Ireneirungu\PycharmProjects\RafikiChatbot\venv\Lib\site-packages\django\contrib\messages\__init__.py first seen with mtime 1737108718.9679291
File C:\Users\Ireneirungu\PycharmProjects\RafikiChatbot\venv\Lib\site-packages\charset_normalizer\md.cp39-win_amd64.pyd first seen with mtime 1734352374.0006783
File C:\Users\Ireneirungu\PycharmProjects\RafikiChatbot\venv\Lib\site-packages\django\middleware\cache.py first seen with mtime 1737108719.5517552
File C:\Users\Ireneirungu\PycharmProjects\RafikiChatbot\venv\Lib\site-packages\urllib3\util\response.py first seen with mtime 1734352373.6246278
File C:\Users\Ireneirungu\PycharmProjects\RafikiChatbot\venv\Lib\site-packages\charset_normalizer\md__mypyc.cp39-win_amd64.pyd first seen with mtime 1734352374.0419133
File C:\Users\Ireneirungu\PycharmProjects\RafikiChatbot\venv\Lib\site-packages\django\template\smartif.py first seen with mtime 1737108719.5606966
File C:\Users\Ireneirungu\AppData\Local\Programs\Python\Python39\Lib\email\parser.py first seen with mtime 1652795110.0
File C:\Users\Ireneirungu\PycharmProjects\RafikiChatbot\venv\Lib\site-packages\django\db\backends\base\__init__.py first seen with mtime 1737108719.458562
File C:\Users\Ireneirungu\AppData\Local\Programs\Python\Python39\Lib\email\mime\message.py first seen with mtime 1652795110.0
File C:\Users\Ireneirungu\PycharmProjects\RafikiChatbot\venv\Lib\site-packages\werkzeug\datastructures\auth.py first seen with mtime 1738677770.4329672
File C:\Users\Ireneirungu\AppData\Local\Programs\Python\Python39\Lib\xml\__init__.py first seen with mtime 1652795112.0
File C:\Users\Ireneirungu\PycharmProjects\RafikiChatbot\venv\Lib\site-packages\mongoengine\queryset\manager.py first seen with mtime 1734694514.4236052
File C:\Users\Ireneirungu\AppData\Local\Programs\Python\Python39\Lib\queue.py first seen with mtime 1652795110.0
File C:\Users\Ireneirungu\AppData\Local\Programs\Python\Python39\Lib\asyncio\tasks.py first seen with mtime 1652795110.0
File C:\Users\Ireneirungu\PycharmProjects\RafikiChatbot\venv\Lib\site-packages\django\template\defaultfilters.py first seen with mtime 1737108719.5576987
File C:\Users\Ireneirungu\PycharmProjects\RafikiChatbot\venv\Lib\site-packages\django\core\files\storage\handler.py first seen with mtime 1737108719.4313564
File C:\Users\Ireneirungu\PycharmProjects\RafikiChatbot\venv\Lib\site-packages\pymongo\collation.py first seen with mtime 1734681582.7411919
File C:\Users\Ireneirungu\PycharmProjects\RafikiChatbot\venv\Lib\site-packages\django\views\decorators\csrf.py first seen with mtime 1737108719.5994785
File C:\Users\Ireneirungu\PycharmProjects\RafikiChatbot\venv\Lib\site-packages\django\utils\translation\__init__.py first seen with mtime 1737108719.5924785
File C:\Users\Ireneirungu\PycharmProjects\RafikiChatbot\venv\Lib\site-packages\werkzeug\urls.py first seen with mtime 1738677770.4259627
File C:\Users\Ireneirungu\PycharmProjects\RafikiChatbot\venv\Lib\site-packages\urllib3\connection.py first seen with mtime 1734352373.6065369
File C:\Users\Ireneirungu\PycharmProjects\RafikiChatbot\venv\Lib\site-packages\django\db\models\fields\files.py first seen with mtime 1737108719.4969034
File C:\Users\Ireneirungu\PycharmProjects\RafikiChatbot\venv\Lib\site-packages\django\template\response.py first seen with mtime 1737108719.5606966
File C:\Users\Ireneirungu\PycharmProjects\RafikiChatbot\venv\Lib\site-packages\django\db\backends\utils.py first seen with mtime 1737108719.458562
File C:\Users\Ireneirungu\PycharmProjects\RafikiChatbot\venv\Lib\site-packages\rest_framework_simplejwt\views.py first seen with mtime 1738782341.4475977
File C:\Users\Ireneirungu\PycharmProjects\RafikiChatbot\venv\Lib\site-packages\django\contrib\auth\base_user.py first seen with mtime 1737108718.3209002
File C:\Users\Ireneirungu\PycharmProjects\RafikiChatbot\venv\Lib\site-packages\django\db\backends\base\features.py first seen with mtime 1737108719.460562
File C:\Users\Ireneirungu\AppData\Local\Programs\Python\Python39\Lib\unittest\suite.py first seen with mtime 1652795112.0
File C:\Users\Ireneirungu\PycharmProjects\RafikiChatbot\venv\Lib\site-packages\rest_framework_simplejwt\token_blacklist\__init__.py first seen with mtime 1738782341.537402
File C:\Users\Ireneirungu\PycharmProjects\RafikiChatbot\venv\Lib\site-packages\rest_framework\status.py first seen with mtime 1737108716.6704235
File C:\Users\Ireneirungu\PycharmProjects\RafikiChatbot\venv\Lib\site-packages\asgiref\current_thread_executor.py first seen with mtime 1734350002.7213967
File C:\Users\Ireneirungu\PycharmProjects\RafikiChatbot\venv\Lib\site-packages\django\template\engine.py first seen with mtime 1737108719.5586965
File C:\Users\Ireneirungu\AppData\Local\Programs\Python\Python39\Lib\difflib.py first seen with mtime 1652795110.0
File C:\Users\Ireneirungu\PycharmProjects\RafikiChatbot\venv\Lib\site-packages\bson\regex.py first seen with mtime 1734681582.726139
File C:\Users\Ireneirungu\PycharmProjects\RafikiChatbot\venv\Lib\site-packages\sqlparse\engine\grouping.py first seen with mtime 1734690958.513169
File C:\Users\Ireneirungu\PycharmProjects\RafikiChatbot\venv\Lib\site-packages\pymongo\bulk.py first seen with mtime 1734681582.7391322
File C:\Users\Ireneirungu\PycharmProjects\RafikiChatbot\venv\Lib\site-packages\pymongo\message.py first seen with mtime 1734681582.7623558
File C:\Users\Ireneirungu\PycharmProjects\RafikiChatbot\venv\Lib\site-packages\django\db\models\constants.py first seen with mtime 1737108719.490413
File C:\Users\Ireneirungu\AppData\Local\Programs\Python\Python39\DLLs\_queue.pyd first seen with mtime 1652795162.0
File C:\Users\Ireneirungu\PycharmProjects\RafikiChatbot\venv\Lib\site-packages\jwt\types.py first seen with mtime 1738679958.2394745
File C:\Users\Ireneirungu\PycharmProjects\RafikiChatbot\venv\Lib\site-packages\rest_framework\utils\model_meta.py first seen with mtime 1737108716.7815442
File C:\Users\Ireneirungu\PycharmProjects\RafikiChatbot\venv\Lib\site-packages\rest_framework\relations.py first seen with mtime 1737108716.6676507
File C:\Users\Ireneirungu\AppData\Local\Programs\Python\Python39\Lib\sre_parse.py first seen with mtime 1652795110.0
File C:\Users\Ireneirungu\PycharmProjects\RafikiChatbot\venv\Lib\site-packages\corsheaders\defaults.py first seen with mtime 1737108771.0275495
File C:\Users\Ireneirungu\AppData\Local\Programs\Python\Python39\Lib\concurrent\futures\_base.py first seen with mtime 1652795110.0
File C:\Users\Ireneirungu\PycharmProjects\RafikiChatbot\venv\Lib\site-packages\django\db\models\fields\__init__.py first seen with mtime 1737108719.4969034
File C:\Users\Ireneirungu\PycharmProjects\RafikiChatbot\venv\Lib\site-packages\rest_framework\serializers.py first seen with mtime 1737108716.6704235
File C:\Users\Ireneirungu\PycharmProjects\RafikiChatbot\venv\Lib\site-packages\django\core\files\storage\mixins.py first seen with mtime 1737108719.432527
File C:\Users\Ireneirungu\PycharmProjects\RafikiChatbot\venv\Lib\site-packages\django\db\models\fields\proxy.py first seen with mtime 1737108719.4989033
File C:\Users\Ireneirungu\AppData\Local\Programs\Python\Python39\Lib\http\__init__.py first seen with mtime 1652795110.0
File C:\Users\Ireneirungu\PycharmProjects\RafikiChatbot\venv\Lib\site-packages\django\contrib\admin\exceptions.py first seen with mtime 1737108717.9387197
File C:\Users\Ireneirungu\PycharmProjects\RafikiChatbot\venv\Lib\site-packages\django\core\checks\translation.py first seen with mtime 1737108719.4237895
File C:\Users\Ireneirungu\AppData\Local\Programs\Python\Python39\Lib\secrets.py first seen with mtime 1652795110.0
File C:\Users\Ireneirungu\AppData\Local\Programs\Python\Python39\Lib\warnings.py first seen with mtime 1652795112.0
File C:\Users\Ireneirungu\PycharmProjects\RafikiChatbot\venv\Lib\site-packages\django\contrib\sites\__init__.py first seen with mtime 1737108719.2964797
File C:\Users\Ireneirungu\AppData\Local\Programs\Python\Python39\Lib\asyncio\futures.py first seen with mtime 1652795110.0
File C:\Users\Ireneirungu\PycharmProjects\RafikiChatbot\venv\Lib\site-packages\pymongo\aggregation.py first seen with mtime 1734681582.7361176
File C:\Users\Ireneirungu\PycharmProjects\RafikiChatbot\venv\Lib\site-packages\django\core\__init__.py first seen with mtime 1737108719.4125192
File C:\Users\Ireneirungu\AppData\Local\Programs\Python\Python39\Lib\logging\config.py first seen with mtime 1652795110.0
File C:\Users\Ireneirungu\PycharmProjects\RafikiChatbot\venv\Lib\site-packages\django\contrib\admin\helpers.py first seen with mtime 1737108717.9397252
File C:\Users\Ireneirungu\PycharmProjects\RafikiChatbot\venv\Lib\site-packages\django\core\cache\backends\__init__.py first seen with mtime 1737108719.4166954
File C:\Users\Ireneirungu\AppData\Local\Programs\Python\Python39\Lib\wsgiref\simple_server.py first seen with mtime 1652795112.0
File C:\Users\Ireneirungu\PycharmProjects\RafikiChatbot\venv\Lib\site-packages\pymongo\driver_info.py first seen with mtime 1734681582.7543666
File C:\Users\Ireneirungu\AppData\Local\Programs\Python\Python39\Lib\keyword.py first seen with mtime 1652795110.0
File C:\Users\Ireneirungu\PycharmProjects\RafikiChatbot\venv\Lib\site-packages\mongoengine\queryset\__init__.py first seen with mtime 1734694514.4203155
File C:\Users\Ireneirungu\PycharmProjects\RafikiChatbot\venv\Lib\site-packages\werkzeug\__init__.py first seen with mtime 1738677770.408965
File C:\Users\Ireneirungu\PycharmProjects\RafikiChatbot\venv\Lib\site-packages\django\db\__init__.py first seen with mtime 1737108719.456561
File C:\Users\Ireneirungu\PycharmProjects\RafikiChatbot\venv\Lib\site-packages\urllib3\util\retry.py first seen with mtime 1734352373.6246278
File C:\Users\Ireneirungu\PycharmProjects\RafikiChatbot\venv\Lib\site-packages\django\contrib\sessions\backends\base.py first seen with mtime 1737108719.182492
File C:\Users\Ireneirungu\PycharmProjects\RafikiChatbot\venv\Lib\site-packages\django\utils\safestring.py first seen with mtime 1737108719.5894783
File C:\Users\Ireneirungu\PycharmProjects\RafikiChatbot\venv\Lib\site-packages\jwt\utils.py first seen with mtime 1738679958.2414734
File C:\Users\Ireneirungu\PycharmProjects\RafikiChatbot\venv\Lib\site-packages\pymongo\write_concern.py first seen with mtime 1734681582.7797568
File C:\Users\Ireneirungu\PycharmProjects\RafikiChatbot\venv\Lib\site-packages\django\utils\asyncio.py first seen with mtime 1737108719.5766966
File C:\Users\Ireneirungu\PycharmProjects\RafikiChatbot\venv\Lib\site-packages\pymongo\server.py first seen with mtime 1734681582.7723553
File C:\Users\Ireneirungu\PycharmProjects\RafikiChatbot\venv\Lib\site-packages\pymongo\monitoring.py first seen with mtime 1734681582.7653575
File C:\Users\Ireneirungu\AppData\Local\Programs\Python\Python39\Lib\zipfile.py first seen with mtime 1652795112.0
File C:\Users\Ireneirungu\AppData\Local\Programs\Python\Python39\DLLs\_socket.pyd first seen with mtime 1652795162.0
File C:\Users\Ireneirungu\AppData\Local\Programs\Python\Python39\Lib\asyncio\base_futures.py first seen with mtime 1652795110.0
File C:\Users\Ireneirungu\PycharmProjects\RafikiChatbot\chatbot\admin.py first seen with mtime 1738505856.237081
File C:\Users\Ireneirungu\AppData\Local\Programs\Python\Python39\Lib\unittest\loader.py first seen with mtime 1652795112.0
File C:\Users\Ireneirungu\PycharmProjects\RafikiChatbot\venv\Lib\site-packages\rest_framework\negotiation.py first seen with mtime 1737108716.6662376
File C:\Users\Ireneirungu\AppData\Local\Programs\Python\Python39\Lib\reprlib.py first seen with mtime 1652795110.0
File C:\Users\Ireneirungu\PycharmProjects\RafikiChatbot\venv\Lib\site-packages\django\core\handlers\base.py first seen with mtime 1737108719.4335313
File C:\Users\Ireneirungu\AppData\Local\Programs\Python\Python39\Lib\unittest\__init__.py first seen with mtime 1652795112.0
File C:\Users\Ireneirungu\AppData\Local\Programs\Python\Python39\Lib\unittest\util.py first seen with mtime 1652795112.0
File C:\Users\Ireneirungu\PycharmProjects\RafikiChatbot\venv\Lib\site-packages\werkzeug\exceptions.py first seen with mtime 1738677770.4139664
File C:\Users\Ireneirungu\PycharmProjects\RafikiChatbot\venv\Lib\site-packages\django\contrib\sessions\__init__.py first seen with mtime 1737108719.1794913
File C:\Users\Ireneirungu\PycharmProjects\RafikiChatbot\venv\Lib\site-packages\django\views\decorators\cache.py first seen with mtime 1737108719.5984783
File C:\Users\Ireneirungu\AppData\Local\Programs\Python\Python39\Lib\csv.py first seen with mtime 1652795110.0
File C:\Users\Ireneirungu\PycharmProjects\RafikiChatbot\venv\Lib\site-packages\django\db\models\fields\related_lookups.py first seen with mtime 1737108719.5009031
File C:\Users\Ireneirungu\PycharmProjects\RafikiChatbot\venv\Lib\site-packages\django\db\models\fields\related.py first seen with mtime 1737108719.4989033
File C:\Users\Ireneirungu\PycharmProjects\RafikiChatbot\venv\Lib\site-packages\django\db\models\utils.py first seen with mtime 1737108719.4959035
File C:\Users\Ireneirungu\PycharmProjects\RafikiChatbot\venv\Lib\site-packages\django\contrib\admin\apps.py first seen with mtime 1737108717.9372797
File C:\Users\Ireneirungu\PycharmProjects\RafikiChatbot\venv\Lib\site-packages\django\contrib\staticfiles\apps.py first seen with mtime 1737108719.405435
File C:\Users\Ireneirungu\PycharmProjects\RafikiChatbot\venv\Lib\site-packages\pymongo\saslprep.py first seen with mtime 1734681582.7713554
File C:\Users\Ireneirungu\PycharmProjects\RafikiChatbot\venv\Lib\site-packages\django\contrib\contenttypes\checks.py first seen with mtime 1737108718.4395099
File C:\Users\Ireneirungu\PycharmProjects\RafikiChatbot\venv\Lib\site-packages\pymongo\son_manipulator.py first seen with mtime 1734681582.775756
File C:\Users\Ireneirungu\PycharmProjects\RafikiChatbot\venv\Lib\site-packages\requests\cookies.py first seen with mtime 1734352374.207631
File C:\Users\Ireneirungu\PycharmProjects\RafikiChatbot\venv\Lib\site-packages\django\db\models\enums.py first seen with mtime 1737108719.4918983
File C:\Users\Ireneirungu\PycharmProjects\RafikiChatbot\venv\Lib\site-packages\rest_framework\request.py first seen with mtime 1737108716.6689925
File C:\Users\Ireneirungu\AppData\Local\Programs\Python\Python39\Lib\urllib\__init__.py first seen with mtime 1652795112.0
File C:\Users\Ireneirungu\PycharmProjects\RafikiChatbot\venv\Lib\site-packages\django\contrib\contenttypes\forms.py first seen with mtime 1737108718.4405098
File C:\Users\Ireneirungu\PycharmProjects\RafikiChatbot\venv\Lib\site-packages\bson\_cbson.cp39-win_amd64.pyd first seen with mtime 1734681582.7150095
File C:\Users\Ireneirungu\PycharmProjects\RafikiChatbot\venv\Lib\site-packages\django\core\serializers\base.py first seen with mtime 1737108719.4525635
File C:\Users\Ireneirungu\AppData\Local\Programs\Python\Python39\Lib\bz2.py first seen with mtime 1652795110.0
File C:\Users\Ireneirungu\PycharmProjects\RafikiChatbot\venv\Lib\site-packages\django\contrib\admin\views\__init__.py first seen with mtime 1737108718.2078006
File C:\Users\Ireneirungu\PycharmProjects\RafikiChatbot\venv\Lib\site-packages\pytz\lazy.py first seen with mtime 1734681582.3639057
File C:\Users\Ireneirungu\PycharmProjects\RafikiChatbot\venv\Lib\site-packages\django\utils\deprecation.py first seen with mtime 1737108719.5825505
File C:\Users\Ireneirungu\PycharmProjects\RafikiChatbot\venv\Lib\site-packages\pymongo\read_preferences.py first seen with mtime 1734681582.7703552
File C:\Users\Ireneirungu\AppData\Local\Programs\Python\Python39\Lib\selectors.py first seen with mtime 1652795110.0
File C:\Users\Ireneirungu\PycharmProjects\RafikiChatbot\venv\Lib\site-packages\django\contrib\sessions\exceptions.py first seen with mtime 1737108719.1804903
File C:\Users\Ireneirungu\PycharmProjects\RafikiChatbot\venv\Lib\site-packages\django\utils\translation\trans_real.py first seen with mtime 1737108719.5944774
File C:\Users\Ireneirungu\PycharmProjects\RafikiChatbot\venv\Lib\site-packages\pymongo\server_type.py first seen with mtime 1734681582.7733822
File C:\Users\Ireneirungu\PycharmProjects\RafikiChatbot\venv\Lib\site-packages\pymongo\mongo_client.py first seen with mtime 1734681582.7633555
File C:\Users\Ireneirungu\PycharmProjects\RafikiChatbot\venv\Lib\site-packages\corsheaders\conf.py first seen with mtime 1737108771.0275495
File C:\Users\Ireneirungu\AppData\Local\Programs\Python\Python39\Lib\re.py first seen with mtime 1652795110.0
File C:\Users\Ireneirungu\AppData\Local\Programs\Python\Python39\DLLs\_bz2.pyd first seen with mtime 1652795172.0
File C:\Users\Ireneirungu\PycharmProjects\RafikiChatbot\venv\Lib\site-packages\django\contrib\admin\views\autocomplete.py first seen with mtime 1737108718.2088008
File C:\Users\Ireneirungu\AppData\Local\Programs\Python\Python39\Lib\asyncio\events.py first seen with mtime 1652795110.0
File C:\Users\Ireneirungu\PycharmProjects\RafikiChatbot\venv\Lib\site-packages\django\template\loader_tags.py first seen with mtime 1737108719.5596967
File C:\Users\Ireneirungu\PycharmProjects\RafikiChatbot\venv\Lib\site-packages\requests\_internal_utils.py first seen with mtime 1734352374.202619
File C:\Users\Ireneirungu\AppData\Local\Programs\Python\Python39\Lib\datetime.py first seen with mtime 1652795110.0
File C:\Users\Ireneirungu\PycharmProjects\RafikiChatbot\venv\Lib\site-packages\django\core\checks\security\base.py first seen with mtime 1737108719.4252796
File C:\Users\Ireneirungu\PycharmProjects\RafikiChatbot\venv\Lib\site-packages\django\contrib\auth\validators.py first seen with mtime 1737108718.3268998
File C:\Users\Ireneirungu\PycharmProjects\RafikiChatbot\venv\Lib\site-packages\django\db\models\query.py first seen with mtime 1737108719.4949033
File C:\Users\Ireneirungu\PycharmProjects\RafikiChatbot\venv\Lib\site-packages\pymongo\socket_checker.py first seen with mtime 1734681582.7747476
File C:\Users\Ireneirungu\PycharmProjects\RafikiChatbot\venv\Lib\site-packages\requests\auth.py first seen with mtime 1734352374.2056248
File C:\Users\Ireneirungu\PycharmProjects\RafikiChatbot\venv\Lib\site-packages\jwt\jwk_set_cache.py first seen with mtime 1738679958.2364752
File C:\Users\Ireneirungu\PycharmProjects\RafikiChatbot\venv\Lib\site-packages\rest_framework\utils\field_mapping.py first seen with mtime 1737108716.7795384
File C:\Users\Ireneirungu\AppData\Local\Programs\Python\Python39\Lib\asyncio\queues.py first seen with mtime 1652795110.0
File C:\Users\Ireneirungu\PycharmProjects\RafikiChatbot\venv\Lib\site-packages\django\utils\topological_sort.py first seen with mtime 1737108719.5914783
File C:\Users\Ireneirungu\PycharmProjects\RafikiChatbot\venv\Lib\site-packages\django\core\handlers\wsgi.py first seen with mtime 1737108719.4345317
File C:\Users\Ireneirungu\PycharmProjects\RafikiChatbot\venv\Lib\site-packages\django\core\cache\__init__.py first seen with mtime 1737108719.4152586
File C:\Users\Ireneirungu\PycharmProjects\RafikiChatbot\venv\Lib\site-packages\django\views\generic\detail.py first seen with mtime 1737108719.602479
File C:\Users\Ireneirungu\PycharmProjects\RafikiChatbot\venv\Lib\site-packages\sqlparse\__init__.py first seen with mtime 1734690958.4996963
File C:\Users\Ireneirungu\PycharmProjects\RafikiChatbot\venv\Lib\site-packages\django\contrib\messages\middleware.py first seen with mtime 1737108718.9699283
File C:\Users\Ireneirungu\PycharmProjects\RafikiChatbot\venv\Lib\site-packages\sqlparse\keywords.py first seen with mtime 1734690958.505695
File C:\Users\Ireneirungu\PycharmProjects\RafikiChatbot\venv\Lib\site-packages\django\core\cache\backends\filebased.py first seen with mtime 1737108719.4181447
File C:\Users\Ireneirungu\PycharmProjects\RafikiChatbot\venv\Lib\site-packages\pymongo\periodic_executor.py first seen with mtime 1734681582.7683558
File C:\Users\Ireneirungu\AppData\Local\Programs\Python\Python39\Lib\inspect.py first seen with mtime 1652795110.0
File C:\Users\Ireneirungu\AppData\Local\Programs\Python\Python39\Lib\lzma.py first seen with mtime 1652795110.0
File C:\Users\Ireneirungu\AppData\Local\Programs\Python\Python39\Lib\unittest\result.py first seen with mtime 1652795112.0
File C:\Users\Ireneirungu\PycharmProjects\RafikiChatbot\venv\Lib\site-packages\werkzeug\sansio\multipart.py first seen with mtime 1738677770.478094
File C:\Users\Ireneirungu\PycharmProjects\RafikiChatbot\venv\Lib\site-packages\django\contrib\postgres\forms\hstore.py first seen with mtime 1737108718.9842331
File C:\Users\Ireneirungu\AppData\Local\Programs\Python\Python39\Lib\email\mime\base.py first seen with mtime 1652795110.0
File C:\Users\Ireneirungu\PycharmProjects\RafikiChatbot\venv\Lib\site-packages\django\core\signals.py first seen with mtime 1737108719.4138215
File C:\Users\Ireneirungu\PycharmProjects\RafikiChatbot\venv\Lib\site-packages\idna\intranges.py first seen with mtime 1734352373.847198
File C:\Users\Ireneirungu\PycharmProjects\RafikiChatbot\venv\Lib\site-packages\pymongo\mongo_replica_set_client.py first seen with mtime 1734681582.7643583
File C:\Users\Ireneirungu\PycharmProjects\RafikiChatbot\venv\Lib\site-packages\jwt\api_jwt.py first seen with mtime 1738679958.2155378
File C:\Users\Ireneirungu\AppData\Local\Programs\Python\Python39\Lib\asyncio\log.py first seen with mtime 1652795110.0
File C:\Users\Ireneirungu\PycharmProjects\RafikiChatbot\venv\Lib\site-packages\django\http\cookie.py first seen with mtime 1737108719.5497415
File C:\Users\Ireneirungu\AppData\Local\Programs\Python\Python39\Lib\subprocess.py first seen with mtime 1652795110.0
File C:\Users\Ireneirungu\PycharmProjects\RafikiChatbot\venv\Lib\site-packages\rest_framework\schemas\utils.py first seen with mtime 1737108716.7288504
File C:\Users\Ireneirungu\PycharmProjects\RafikiChatbot\venv\Lib\site-packages\django\db\models\functions\math.py first seen with mtime 1737108719.5029035
File C:\Users\Ireneirungu\PycharmProjects\RafikiChatbot\venv\Lib\site-packages\mongoengine\errors.py first seen with mtime 1734694514.4077282
File C:\Users\Ireneirungu\AppData\Local\Programs\Python\Python39\Lib\operator.py first seen with mtime 1652795110.0
File C:\Users\Ireneirungu\PycharmProjects\RafikiChatbot\venv\Lib\site-packages\django\core\files\storage\filesystem.py first seen with mtime 1737108719.4313564
File C:\Users\Ireneirungu\PycharmProjects\RafikiChatbot\venv\Lib\site-packages\django\utils\timesince.py first seen with mtime 1737108719.5904782
File C:\Users\Ireneirungu\AppData\Local\Programs\Python\Python39\Lib\string.py first seen with mtime 1652795110.0
File C:\Users\Ireneirungu\PycharmProjects\RafikiChatbot\venv\Lib\site-packages\certifi\core.py first seen with mtime 1734352374.1791327
File C:\Users\Ireneirungu\PycharmProjects\RafikiChatbot\venv\Lib\site-packages\django\db\migrations\operations\models.py first seen with mtime 1737108719.488587
File C:\Users\Ireneirungu\PycharmProjects\RafikiChatbot\venv\Lib\site-packages\django\db\migrations\utils.py first seen with mtime 1737108719.4855864
File C:\Users\Ireneirungu\AppData\Local\Programs\Python\Python39\Lib\unittest\signals.py first seen with mtime 1652795112.0
File C:\Users\Ireneirungu\PycharmProjects\RafikiChatbot\venv\Lib\site-packages\pymongo\operations.py first seen with mtime 1734681582.7673576
File C:\Users\Ireneirungu\PycharmProjects\RafikiChatbot\venv\Lib\site-packages\bson\int64.py first seen with mtime 1734681582.721972
File C:\Users\Ireneirungu\PycharmProjects\RafikiChatbot\venv\Lib\site-packages\rest_framework\parsers.py first seen with mtime 1737108716.6676507
File C:\Users\Ireneirungu\AppData\Local\Programs\Python\Python39\Lib\ssl.py first seen with mtime 1652795110.0
File C:\Users\Ireneirungu\AppData\Local\Programs\Python\Python39\Lib\contextvars.py first seen with mtime 1652795110.0
File C:\Users\Ireneirungu\AppData\Local\Programs\Python\Python39\Lib\types.py first seen with mtime 1652795112.0
File C:\Users\Ireneirungu\PycharmProjects\RafikiChatbot\venv\Lib\site-packages\django\core\management\color.py first seen with mtime 1737108719.4395316
File C:\Users\Ireneirungu\PycharmProjects\RafikiChatbot\venv\Lib\site-packages\django\conf\urls\__init__.py first seen with mtime 1737108717.9350169
File C:\Users\Ireneirungu\PycharmProjects\RafikiChatbot\venv\Lib\site-packages\bson\__init__.py first seen with mtime 1734681582.7130284
File C:\Users\Ireneirungu\AppData\Local\Programs\Python\Python39\Lib\asyncio\streams.py first seen with mtime 1652795110.0
File C:\Users\Ireneirungu\PycharmProjects\RafikiChatbot\venv\Lib\site-packages\rest_framework\utils\serializer_helpers.py first seen with mtime 1737108716.7825444
File C:\Users\Ireneirungu\PycharmProjects\RafikiChatbot\venv\Lib\site-packages\sqlparse\filters\__init__.py first seen with mtime 1734690958.5160797
File C:\Users\Ireneirungu\PycharmProjects\RafikiChatbot\venv\Lib\site-packages\rest_framework\compat.py first seen with mtime 1737108716.6620271
File C:\Users\Ireneirungu\PycharmProjects\RafikiChatbot\venv\Lib\site-packages\django\test\utils.py first seen with mtime 1737108719.5716963
File C:\Users\Ireneirungu\PycharmProjects\RafikiChatbot\venv\Lib\site-packages\django\apps\config.py first seen with mtime 1737108717.752023
File C:\Users\Ireneirungu\PycharmProjects\RafikiChatbot\venv\Lib\site-packages\rest_framework_simplejwt\settings.py first seen with mtime 1738782341.442051
File C:\Users\Ireneirungu\PycharmProjects\RafikiChatbot\venv\Lib\site-packages\django\template\backends\base.py first seen with mtime 1737108719.5616963
File C:\Users\Ireneirungu\PycharmProjects\RafikiChatbot\venv\Lib\site-packages\pymongo\command_cursor.py first seen with mtime 1734681582.7463624
File C:\Users\Ireneirungu\PycharmProjects\RafikiChatbot\venv\Lib\site-packages\django\templatetags\tz.py first seen with mtime 1737108719.5676963
File C:\Users\Ireneirungu\PycharmProjects\RafikiChatbot\venv\Lib\site-packages\rest_framework\checks.py first seen with mtime 1737108716.6620271
File C:\Users\Ireneirungu\PycharmProjects\RafikiChatbot\venv\Lib\site-packages\rest_framework\schemas\openapi.py first seen with mtime 1737108716.7288504
File C:\Users\Ireneirungu\PycharmProjects\RafikiChatbot\venv\Lib\site-packages\django\views\generic\base.py first seen with mtime 1737108719.6014786
File C:\Users\Ireneirungu\AppData\Local\Programs\Python\Python39\Lib\email\mime\nonmultipart.py first seen with mtime 1652795110.0
File C:\Users\Ireneirungu\AppData\Local\Programs\Python\Python39\Lib\email\mime\text.py first seen with mtime 1652795110.0
File C:\Users\Ireneirungu\AppData\Local\Programs\Python\Python39\DLLs\_overlapped.pyd first seen with mtime 1652795162.0
File C:\Users\Ireneirungu\AppData\Local\Programs\Python\Python39\Lib\ctypes\wintypes.py first seen with mtime 1652795110.0
File C:\Users\Ireneirungu\PycharmProjects\RafikiChatbot\venv\Lib\site-packages\django\forms\boundfield.py first seen with mtime 1737108719.5099068
File C:\Users\Ireneirungu\PycharmProjects\RafikiChatbot\venv\Lib\site-packages\django\middleware\__init__.py first seen with mtime 1737108719.5517552
File C:\Users\Ireneirungu\PycharmProjects\RafikiChatbot\venv\Lib\site-packages\django\db\migrations\executor.py first seen with mtime 1737108719.4825866
File C:\Users\Ireneirungu\PycharmProjects\RafikiChatbot\venv\Lib\site-packages\pymongo\_cmessage.cp39-win_amd64.pyd first seen with mtime 1734681582.7321234
File C:\Users\Ireneirungu\PycharmProjects\RafikiChatbot\venv\Lib\site-packages\pymongo\monotonic.py first seen with mtime 1734681582.7653575
File C:\Users\Ireneirungu\PycharmProjects\RafikiChatbot\venv\Lib\site-packages\django\contrib\postgres\search.py first seen with mtime 1737108718.976722
File C:\Users\Ireneirungu\PycharmProjects\RafikiChatbot\venv\Lib\site-packages\pymongo\results.py first seen with mtime 1734681582.7713554
File C:\Users\Ireneirungu\PycharmProjects\RafikiChatbot\venv\Lib\site-packages\django\contrib\admindocs\__init__.py first seen with mtime 1737108718.209801
File C:\Users\Ireneirungu\AppData\Local\Programs\Python\Python39\Lib\ipaddress.py first seen with mtime 1652795110.0
File C:\Users\Ireneirungu\PycharmProjects\RafikiChatbot\venv\Lib\site-packages\django\contrib\messages\storage\__init__.py first seen with mtime 1737108718.9718716
File C:\Users\Ireneirungu\PycharmProjects\RafikiChatbot\venv\Lib\site-packages\werkzeug\wrappers\__init__.py first seen with mtime 1738677770.483569
File C:\Users\Ireneirungu\PycharmProjects\RafikiChatbot\venv\Lib\site-packages\django\core\files\temp.py first seen with mtime 1737108719.4280593
File C:\Users\Ireneirungu\PycharmProjects\RafikiChatbot\venv\Lib\site-packages\django\template\loaders\app_directories.py first seen with mtime 1737108719.5646966
File C:\Users\Ireneirungu\PycharmProjects\RafikiChatbot\venv\Lib\site-packages\django\db\backends\dummy\features.py first seen with mtime 1737108719.4635618
File C:\Users\Ireneirungu\PycharmProjects\RafikiChatbot\venv\Lib\site-packages\django\db\backends\base\base.py first seen with mtime 1737108719.4595618
File C:\Users\Ireneirungu\AppData\Local\Programs\Python\Python39\Lib\_compression.py first seen with mtime 1652795110.0
File C:\Users\Ireneirungu\PycharmProjects\RafikiChatbot\venv\Lib\site-packages\werkzeug\datastructures\file_storage.py first seen with mtime 1738677770.4383798
File C:\Users\Ireneirungu\PycharmProjects\RafikiChatbot\venv\Lib\site-packages\jwt\jwks_client.py first seen with mtime 1738679958.237475
File C:\Users\Ireneirungu\AppData\Local\Programs\Python\Python39\Lib\asyncio\coroutines.py first seen with mtime 1652795110.0
File C:\Users\Ireneirungu\PycharmProjects\RafikiChatbot\venv\Lib\site-packages\sqlparse\engine\__init__.py first seen with mtime 1734690958.5114064
File C:\Users\Ireneirungu\PycharmProjects\RafikiChatbot\venv\Lib\site-packages\pymongo\auth.py first seen with mtime 1734681582.7371223
File C:\Users\Ireneirungu\AppData\Local\Programs\Python\Python39\Lib\quopri.py first seen with mtime 1652795110.0
File C:\Users\Ireneirungu\PycharmProjects\RafikiChatbot\venv\Lib\site-packages\pymongo\read_concern.py first seen with mtime 1734681582.7693553
File C:\Users\Ireneirungu\PycharmProjects\RafikiChatbot\venv\Lib\site-packages\django\urls\conf.py first seen with mtime 1737108719.5726955
File C:\Users\Ireneirungu\AppData\Local\Programs\Python\Python39\Lib\json\__init__.py first seen with mtime 1652795110.0
File C:\Users\Ireneirungu\PycharmProjects\RafikiChatbot\venv\Lib\site-packages\django\views\generic\edit.py first seen with mtime 1737108719.603189
File C:\Users\Ireneirungu\PycharmProjects\RafikiChatbot\venv\Lib\site-packages\rest_framework\utils\json.py first seen with mtime 1737108716.7805443
File C:\Users\Ireneirungu\AppData\Local\Programs\Python\Python39\Lib\socketserver.py first seen with mtime 1652795110.0
File C:\Users\Ireneirungu\AppData\Local\Programs\Python\Python39\Lib\email\iterators.py first seen with mtime 1652795110.0
File C:\Users\Ireneirungu\PycharmProjects\RafikiChatbot\venv\Lib\site-packages\django\http\multipartparser.py first seen with mtime 1737108719.5497415
File C:\Users\Ireneirungu\PycharmProjects\RafikiChatbot\venv\Lib\site-packages\django\contrib\postgres\utils.py first seen with mtime 1737108718.9777222
File C:\Users\Ireneirungu\PycharmProjects\RafikiChatbot\venv\Lib\site-packages\django\utils\crypto.py first seen with mtime 1737108719.578697
File C:\Users\Ireneirungu\AppData\Local\Programs\Python\Python39\Lib\decimal.py first seen with mtime 1652795110.0
File C:\Users\Ireneirungu\PycharmProjects\RafikiChatbot\venv\Lib\site-packages\django\contrib\admindocs\views.py first seen with mtime 1737108718.211594
File C:\Users\Ireneirungu\PycharmProjects\RafikiChatbot\venv\Lib\site-packages\django\db\models\sql\constants.py first seen with mtime 1737108719.5059032
File C:\Users\Ireneirungu\PycharmProjects\RafikiChatbot\venv\Lib\site-packages\django\utils\itercompat.py first seen with mtime 1737108719.5864735
File C:\Users\Ireneirungu\PycharmProjects\RafikiChatbot\venv\Lib\site-packages\django\contrib\auth\tokens.py first seen with mtime 1737108718.3258996
File C:\Users\Ireneirungu\AppData\Local\Programs\Python\Python39\Lib\encodings\idna.py first seen with mtime 1652795110.0
File C:\Users\Ireneirungu\PycharmProjects\RafikiChatbot\venv\Lib\site-packages\urllib3\response.py first seen with mtime 1734352373.6105356
File C:\Users\Ireneirungu\PycharmProjects\RafikiChatbot\venv\Lib\site-packages\bson\json_util.py first seen with mtime 1734681582.7229757
File C:\Users\Ireneirungu\PycharmProjects\RafikiChatbot\venv\Lib\site-packages\django\contrib\auth\password_validation.py first seen with mtime 1737108718.3249
File C:\Users\Ireneirungu\PycharmProjects\RafikiChatbot\venv\Lib\site-packages\bson\py3compat.py first seen with mtime 1734681582.725108
File C:\Users\Ireneirungu\AppData\Local\Programs\Python\Python39\Lib\email\errors.py first seen with mtime 1652795110.0
File C:\Users\Ireneirungu\PycharmProjects\RafikiChatbot\venv\Lib\site-packages\urllib3\util\ssl_match_hostname.py first seen with mtime 1734352373.626624
File C:\Users\Ireneirungu\PycharmProjects\RafikiChatbot\manage.py first seen with mtime 1738505856.248953
File C:\Users\Ireneirungu\AppData\Local\Programs\Python\Python39\Lib\copyreg.py first seen with mtime 1652795110.0
File C:\Users\Ireneirungu\AppData\Local\Programs\Python\Python39\Lib\unittest\main.py first seen with mtime 1652795112.0
File C:\Users\Ireneirungu\PycharmProjects\RafikiChatbot\venv\Lib\site-packages\django\forms\__init__.py first seen with mtime 1737108719.5099068
File C:\Users\Ireneirungu\PycharmProjects\RafikiChatbot\venv\Lib\site-packages\mongoengine\base\metaclasses.py first seen with mtime 1734694514.4177966
File C:\Users\Ireneirungu\PycharmProjects\RafikiChatbot\venv\Lib\site-packages\sqlparse\engine\filter_stack.py first seen with mtime 1734690958.5121543
File C:\Users\Ireneirungu\PycharmProjects\RafikiChatbot\venv\Lib\site-packages\charset_normalizer\utils.py first seen with mtime 1734352374.0537543
File C:\Users\Ireneirungu\PycharmProjects\RafikiChatbot\venv\Lib\site-packages\bson\tz_util.py first seen with mtime 1734681582.7271566
File C:\Users\Ireneirungu\PycharmProjects\RafikiChatbot\venv\Lib\site-packages\typing_extensions.py first seen with mtime 1734350002.583874
File C:\Users\Ireneirungu\PycharmProjects\RafikiChatbot\venv\Lib\site-packages\requests\api.py first seen with mtime 1734352374.204618
File C:\Users\Ireneirungu\PycharmProjects\RafikiChatbot\venv\Lib\site-packages\django\utils\module_loading.py first seen with mtime 1737108719.588478
File C:\Users\Ireneirungu\PycharmProjects\RafikiChatbot\venv\Lib\site-packages\pymongo\network.py first seen with mtime 1734681582.7663553
File C:\Users\Ireneirungu\PycharmProjects\RafikiChatbot\venv\Lib\site-packages\django\core\management\commands\__init__.py first seen with mtime 1737108719.4415317
File C:\Users\Ireneirungu\PycharmProjects\RafikiChatbot\venv\Lib\site-packages\django\contrib\contenttypes\management\__init__.py first seen with mtime 1737108718.5388186
File C:\Users\Ireneirungu\PycharmProjects\RafikiChatbot\venv\Lib\site-packages\pymongo\monitor.py first seen with mtime 1734681582.7643583
File C:\Users\Ireneirungu\PycharmProjects\RafikiChatbot\venv\Lib\site-packages\django\core\management\__init__.py first seen with mtime 1737108719.4395316
File C:\Users\Ireneirungu\PycharmProjects\RafikiChatbot\venv\Lib\site-packages\bson\raw_bson.py first seen with mtime 1734681582.725108
File C:\Users\Ireneirungu\PycharmProjects\RafikiChatbot\venv\Lib\site-packages\django\db\migrations\operations\__init__.py first seen with mtime 1737108719.4865873
File C:\Users\Ireneirungu\PycharmProjects\RafikiChatbot\venv\Lib\site-packages\django\contrib\admin\views\main.py first seen with mtime 1737108718.209801
File C:\Users\Ireneirungu\AppData\Local\Programs\Python\Python39\Lib\json\decoder.py first seen with mtime 1652795110.0
File C:\Users\Ireneirungu\AppData\Local\Programs\Python\Python39\Lib\asyncio\protocols.py first seen with mtime 1652795110.0
File C:\Users\Ireneirungu\PycharmProjects\RafikiChatbot\venv\Lib\site-packages\django\db\migrations\operations\fields.py first seen with mtime 1737108719.487587
File C:\Users\Ireneirungu\PycharmProjects\RafikiChatbot\venv\Lib\site-packages\django\utils\__init__.py first seen with mtime 1737108719.5756967
File C:\Users\Ireneirungu\AppData\Local\Programs\Python\Python39\Lib\email\charset.py first seen with mtime 1652795110.0
File C:\Users\Ireneirungu\AppData\Local\Programs\Python\Python39\Lib\email\_header_value_parser.py first seen with mtime 1652795110.0
File C:\Users\Ireneirungu\PycharmProjects\RafikiChatbot\venv\Lib\site-packages\mongoengine\queryset\base.py first seen with mtime 1734694514.4216118
File C:\Users\Ireneirungu\PycharmProjects\RafikiChatbot\venv\Lib\site-packages\django\db\models\deletion.py first seen with mtime 1737108719.4918983
File C:\Users\Ireneirungu\PycharmProjects\RafikiChatbot\venv\Lib\site-packages\django\templatetags\static.py first seen with mtime 1737108719.5676963
File C:\Users\Ireneirungu\PycharmProjects\RafikiChatbot\venv\Lib\site-packages\django\db\migrations\migration.py first seen with mtime 1737108719.483587
File C:\Users\Ireneirungu\PycharmProjects\RafikiChatbot\venv\Lib\site-packages\django\template\library.py first seen with mtime 1737108719.5596967
File C:\Users\Ireneirungu\PycharmProjects\RafikiChatbot\venv\Lib\site-packages\bson\dbref.py first seen with mtime 1734681582.7209766
File C:\Users\Ireneirungu\AppData\Local\Programs\Python\Python39\Lib\locale.py first seen with mtime 1652795110.0
File C:\Users\Ireneirungu\AppData\Local\Programs\Python\Python39\Lib\logging\__init__.py first seen with mtime 1652795110.0
File C:\Users\Ireneirungu\PycharmProjects\RafikiChatbot\venv\Lib\site-packages\werkzeug\user_agent.py first seen with mtime 1738677770.4269626
File C:\Users\Ireneirungu\PycharmProjects\RafikiChatbot\venv\Lib\site-packages\mongoengine\base\__init__.py first seen with mtime 1734694514.4143317
File C:\Users\Ireneirungu\PycharmProjects\RafikiChatbot\venv\Lib\site-packages\django\contrib\admin\templatetags\admin_modify.py first seen with mtime 1737108718.2068007
File C:\Users\Ireneirungu\PycharmProjects\RafikiChatbot\venv\Lib\site-packages\django\core\signing.py first seen with mtime 1737108719.4138215
File C:\Users\Ireneirungu\PycharmProjects\RafikiChatbot\venv\Lib\site-packages\sqlparse\filters\aligned_indent.py first seen with mtime 1734690958.5167682
File C:\Users\Ireneirungu\PycharmProjects\RafikiChatbot\venv\Lib\site-packages\mongoengine\base\fields.py first seen with mtime 1734694514.416675
File C:\Users\Ireneirungu\PycharmProjects\RafikiChatbot\venv\Lib\site-packages\django\core\files\uploadedfile.py first seen with mtime 1737108719.4280593
File C:\Users\Ireneirungu\PycharmProjects\RafikiChatbot\venv\Lib\site-packages\pymongo\server_description.py first seen with mtime 1734681582.7733822
File C:\Users\Ireneirungu\AppData\Local\Programs\Python\Python39\Lib\asyncio\__init__.py first seen with mtime 1652795110.0
File C:\Users\Ireneirungu\PycharmProjects\RafikiChatbot\venv\Lib\site-packages\django\contrib\messages\constants.py first seen with mtime 1737108718.9689293
File C:\Users\Ireneirungu\PycharmProjects\RafikiChatbot\venv\Lib\site-packages\django\db\models\options.py first seen with mtime 1737108719.4939034
File C:\Users\Ireneirungu\PycharmProjects\RafikiChatbot\venv\Lib\site-packages\django\views\decorators\__init__.py first seen with mtime 1737108719.5974784
File C:\Users\Ireneirungu\PycharmProjects\RafikiChatbot\venv\Lib\site-packages\django\utils\formats.py first seen with mtime 1737108719.5835502
File C:\Users\Ireneirungu\AppData\Local\Programs\Python\Python39\Lib\email\_encoded_words.py first seen with mtime 1652795110.0
File C:\Users\Ireneirungu\PycharmProjects\RafikiChatbot\venv\Lib\site-packages\django\conf\locale\__init__.py first seen with mtime 1737108717.7580237
File C:\Users\Ireneirungu\PycharmProjects\RafikiChatbot\venv\Lib\site-packages\django\forms\formsets.py first seen with mtime 1737108719.5109124
File C:\Users\Ireneirungu\PycharmProjects\RafikiChatbot\venv\Lib\site-packages\django\templatetags\__init__.py first seen with mtime 1737108719.5656953
File C:\Users\Ireneirungu\PycharmProjects\RafikiChatbot\venv\Lib\site-packages\django\contrib\auth\models.py first seen with mtime 1737108718.3249
File C:\Users\Ireneirungu\PycharmProjects\RafikiChatbot\venv\Lib\site-packages\django\contrib\admin\__init__.py first seen with mtime 1737108717.9362738
File C:\Users\Ireneirungu\PycharmProjects\RafikiChatbot\venv\Lib\site-packages\django\contrib\staticfiles\__init__.py first seen with mtime 1737108719.405435
File C:\Users\Ireneirungu\AppData\Local\Programs\Python\Python39\Lib\email\headerregistry.py first seen with mtime 1652795110.0
File C:\Users\Ireneirungu\PycharmProjects\RafikiChatbot\venv\Lib\site-packages\rest_framework\settings.py first seen with mtime 1737108716.6704235
File C:\Users\Ireneirungu\AppData\Local\Programs\Python\Python39\Lib\email\contentmanager.py first seen with mtime 1652795110.0
File C:\Users\Ireneirungu\PycharmProjects\RafikiChatbot\venv\Lib\site-packages\django\core\checks\registry.py first seen with mtime 1737108719.4222894
File C:\Users\Ireneirungu\PycharmProjects\RafikiChatbot\venv\Lib\site-packages\urllib3\_version.py first seen with mtime 1734352373.6055334
File C:\Users\Ireneirungu\PycharmProjects\RafikiChatbot\venv\Lib\site-packages\django\contrib\admin\templatetags\admin_urls.py first seen with mtime 1737108718.2068007
File C:\Users\Ireneirungu\PycharmProjects\RafikiChatbot\venv\Lib\site-packages\django\dispatch\dispatcher.py first seen with mtime 1737108719.5085635
File C:\Users\Ireneirungu\PycharmProjects\RafikiChatbot\venv\Lib\site-packages\mongoengine\pymongo_support.py first seen with mtime 1734694514.4129674
File C:\Users\Ireneirungu\PycharmProjects\RafikiChatbot\venv\Lib\site-packages\mongoengine\queryset\field_list.py first seen with mtime 1734694514.4226105
File C:\Users\Ireneirungu\PycharmProjects\RafikiChatbot\venv\Lib\site-packages\requests\certs.py first seen with mtime 1734352374.2066245
File C:\Users\Ireneirungu\PycharmProjects\RafikiChatbot\venv\Lib\site-packages\werkzeug\datastructures\mixins.py first seen with mtime 1738677770.440703
File C:\Users\Ireneirungu\AppData\Local\Programs\Python\Python39\Lib\email\header.py first seen with mtime 1652795110.0
File C:\Users\Ireneirungu\PycharmProjects\RafikiChatbot\venv\Lib\site-packages\django\core\wsgi.py first seen with mtime 1737108719.4152586
File C:\Users\Ireneirungu\AppData\Local\Programs\Python\Python39\Lib\asyncio\exceptions.py first seen with mtime 1652795110.0
File C:\Users\Ireneirungu\PycharmProjects\RafikiChatbot\venv\Lib\site-packages\django\core\mail\__init__.py first seen with mtime 1737108719.4345317
File C:\Users\Ireneirungu\PycharmProjects\RafikiChatbot\venv\Lib\site-packages\asgiref\sync.py first seen with mtime 1734350002.7234914
File C:\Users\Ireneirungu\PycharmProjects\RafikiChatbot\venv\Lib\site-packages\urllib3\util\__init__.py first seen with mtime 1734352373.6226256
File C:\Users\Ireneirungu\PycharmProjects\RafikiChatbot\venv\Lib\site-packages\urllib3\util\proxy.py first seen with mtime 1734352373.6236277
File C:\Users\Ireneirungu\PycharmProjects\RafikiChatbot\venv\Lib\site-packages\requests\hooks.py first seen with mtime 1734352374.2096255
File C:\Users\Ireneirungu\PycharmProjects\RafikiChatbot\venv\Lib\site-packages\django\contrib\auth\hashers.py first seen with mtime 1737108718.3238997
File C:\Users\Ireneirungu\PycharmProjects\RafikiChatbot\venv\Lib\site-packages\django\db\models\fields\related_descriptors.py first seen with mtime 1737108719.4999027
File C:\Users\Ireneirungu\PycharmProjects\RafikiChatbot\venv\Lib\site-packages\django\forms\widgets.py first seen with mtime 1737108719.513073
File C:\Users\Ireneirungu\PycharmProjects\RafikiChatbot\venv\Lib\site-packages\django\contrib\postgres\forms\array.py first seen with mtime 1737108718.9842331
File C:\Users\Ireneirungu\PycharmProjects\RafikiChatbot\venv\Lib\site-packages\django\conf\__init__.py first seen with mtime 1737108717.754027
File C:\Users\Ireneirungu\PycharmProjects\RafikiChatbot\venv\Lib\site-packages\django\contrib\admin\filters.py first seen with mtime 1737108717.9387197
File C:\Users\Ireneirungu\PycharmProjects\RafikiChatbot\venv\Lib\site-packages\django\contrib\staticfiles\views.py first seen with mtime 1737108719.408871
File C:\Users\Ireneirungu\PycharmProjects\RafikiChatbot\venv\Lib\site-packages\django\db\models\sql\query.py first seen with mtime 1737108719.5069034
File C:\Users\Ireneirungu\PycharmProjects\RafikiChatbot\venv\Lib\site-packages\django\template\loader.py first seen with mtime 1737108719.5596967
File C:\Users\Ireneirungu\AppData\Local\Programs\Python\Python39\Lib\importlib\machinery.py first seen with mtime 1652795110.0
File C:\Users\Ireneirungu\AppData\Local\Programs\Python\Python39\Lib\importlib\resources.py first seen with mtime 1652795110.0
File C:\Users\Ireneirungu\PycharmProjects\RafikiChatbot\venv\Lib\site-packages\markupsafe\__init__.py first seen with mtime 1738677770.3640027
File C:\Users\Ireneirungu\PycharmProjects\RafikiChatbot\venv\Lib\site-packages\django\db\models\functions\datetime.py first seen with mtime 1737108719.5019038
File C:\Users\Ireneirungu\PycharmProjects\RafikiChatbot\venv\Lib\site-packages\django\template\__init__.py first seen with mtime 1737108719.5546916
File C:\Users\Ireneirungu\PycharmProjects\RafikiChatbot\venv\Lib\site-packages\charset_normalizer\cd.py first seen with mtime 1734352373.996681
File C:\Users\Ireneirungu\PycharmProjects\RafikiChatbot\venv\Lib\site-packages\django\core\files\locks.py first seen with mtime 1737108719.4280593
File C:\Users\Ireneirungu\PycharmProjects\RafikiChatbot\venv\Lib\site-packages\urllib3\filepost.py first seen with mtime 1734352373.609536
File C:\Users\Ireneirungu\PycharmProjects\RafikiChatbot\venv\Lib\site-packages\django\utils\connection.py first seen with mtime 1737108719.578697
File C:\Users\Ireneirungu\PycharmProjects\RafikiChatbot\venv\Lib\site-packages\sqlparse\formatter.py first seen with mtime 1734690958.5036986
File C:\Users\Ireneirungu\PycharmProjects\RafikiChatbot\venv\Lib\site-packages\gridfs\grid_file.py first seen with mtime 1734681582.7291164
File C:\Users\Ireneirungu\AppData\Local\Programs\Python\Python39\Lib\asyncio\base_subprocess.py first seen with mtime 1652795110.0
File C:\Users\Ireneirungu\PycharmProjects\RafikiChatbot\venv\Lib\site-packages\django\utils\cache.py first seen with mtime 1737108719.5776985
File C:\Users\Ireneirungu\PycharmProjects\RafikiChatbot\venv\Lib\site-packages\django\apps\registry.py first seen with mtime 1737108717.7530267
File C:\Users\Ireneirungu\PycharmProjects\RafikiChatbot\venv\Lib\site-packages\django\template\loaders\base.py first seen with mtime 1737108719.5646966
File C:\Users\Ireneirungu\AppData\Local\Programs\Python\Python39\Lib\nturl2path.py first seen with mtime 1652795110.0
File C:\Users\Ireneirungu\PycharmProjects\RafikiChatbot\venv\Lib\site-packages\pymongo\collection.py first seen with mtime 1734681582.745367
File C:\Users\Ireneirungu\PycharmProjects\RafikiChatbot\venv\Lib\site-packages\django\db\models\functions\text.py first seen with mtime 1737108719.5039034
File C:\Users\Ireneirungu\AppData\Local\Programs\Python\Python39\Lib\html\__init__.py first seen with mtime 1652795110.0
File C:\Users\Ireneirungu\PycharmProjects\RafikiChatbot\venv\Lib\site-packages\rest_framework\utils\__init__.py first seen with mtime 1737108716.7780335
File C:\Users\Ireneirungu\PycharmProjects\RafikiChatbot\venv\Lib\site-packages\django\core\servers\__init__.py first seen with mtime 1737108719.455562
File C:\Users\Ireneirungu\PycharmProjects\RafikiChatbot\venv\Lib\site-packages\django\http\response.py first seen with mtime 1737108719.5507414
File C:\Users\Ireneirungu\PycharmProjects\RafikiChatbot\venv\Lib\site-packages\django\contrib\messages\utils.py first seen with mtime 1737108718.9699283
File C:\Users\Ireneirungu\AppData\Local\Programs\Python\Python39\Lib\encodings\utf_8.py first seen with mtime 1652795110.0
File C:\Users\Ireneirungu\PycharmProjects\RafikiChatbot\venv\Lib\site-packages\rest_framework_simplejwt\utils.py first seen with mtime 1738782341.4462495
File C:\Users\Ireneirungu\PycharmProjects\RafikiChatbot\venv\Lib\site-packages\corsheaders\__init__.py first seen with mtime 1737108771.0265503
File C:\Users\Ireneirungu\PycharmProjects\RafikiChatbot\venv\Lib\site-packages\django\core\files\storage\__init__.py first seen with mtime 1737108719.4299963
File C:\Users\Ireneirungu\PycharmProjects\RafikiChatbot\venv\Lib\site-packages\django\template\exceptions.py first seen with mtime 1737108719.5586965
File C:\Users\Ireneirungu\AppData\Local\Programs\Python\Python39\DLLs\_ctypes.pyd first seen with mtime 1652795162.0
File C:\Users\Ireneirungu\AppData\Local\Programs\Python\Python39\Lib\_markupbase.py first seen with mtime 1652795110.0
File C:\Users\Ireneirungu\PycharmProjects\RafikiChatbot\venv\Lib\site-packages\django\utils\html.py first seen with mtime 1737108719.5850992
File C:\Users\Ireneirungu\PycharmProjects\RafikiChatbot\venv\Lib\site-packages\werkzeug\sansio\request.py first seen with mtime 1738677770.4795732
File C:\Users\Ireneirungu\PycharmProjects\RafikiChatbot\venv\Lib\site-packages\requests\models.py first seen with mtime 1734352374.2096255
File C:\Users\Ireneirungu\PycharmProjects\RafikiChatbot\venv\Lib\site-packages\django\core\checks\files.py first seen with mtime 1737108719.4208922
File C:\Users\Ireneirungu\AppData\Local\Programs\Python\Python39\Lib\opcode.py first seen with mtime 1652795110.0
File C:\Users\Ireneirungu\AppData\Local\Programs\Python\Python39\Lib\urllib\request.py first seen with mtime 1652795112.0
File C:\Users\Ireneirungu\PycharmProjects\RafikiChatbot\venv\Lib\site-packages\django\core\checks\compatibility\django_4_0.py first seen with mtime 1737108719.4237895
File C:\Users\Ireneirungu\PycharmProjects\RafikiChatbot\venv\Lib\site-packages\rest_framework\renderers.py first seen with mtime 1737108716.6676507
File C:\Users\Ireneirungu\PycharmProjects\RafikiChatbot\venv\Lib\site-packages\charset_normalizer\version.py first seen with mtime 1734352374.0547538
File C:\Users\Ireneirungu\PycharmProjects\RafikiChatbot\venv\Lib\site-packages\mongoengine\queryset\queryset.py first seen with mtime 1734694514.4246054
File C:\Users\Ireneirungu\PycharmProjects\RafikiChatbot\venv\Lib\site-packages\django\db\models\indexes.py first seen with mtime 1737108719.4929035
File C:\Users\Ireneirungu\AppData\Local\Programs\Python\Python39\Lib\gettext.py first seen with mtime 1652795110.0
File C:\Users\Ireneirungu\AppData\Local\Programs\Python\Python39\Lib\asyncio\base_events.py first seen with mtime 1652795110.0
File C:\Users\Ireneirungu\PycharmProjects\RafikiChatbot\venv\Lib\site-packages\django\db\models\functions\mixins.py first seen with mtime 1737108719.5029035
File C:\Users\Ireneirungu\PycharmProjects\RafikiChatbot\venv\Lib\site-packages\django\templatetags\cache.py first seen with mtime 1737108719.5666966
File C:\Users\Ireneirungu\PycharmProjects\RafikiChatbot\venv\Lib\site-packages\pymongo\common.py first seen with mtime 1734681582.747444
File C:\Users\Ireneirungu\PycharmProjects\RafikiChatbot\venv\Lib\site-packages\django\core\serializers\json.py first seen with mtime 1737108719.4535613
File C:\Users\Ireneirungu\PycharmProjects\RafikiChatbot\venv\Lib\site-packages\django\template\defaulttags.py first seen with mtime 1737108719.5576987
File C:\Users\Ireneirungu\PycharmProjects\RafikiChatbot\venv\Lib\site-packages\django\core\checks\compatibility\__init__.py first seen with mtime 1737108719.4237895
File C:\Users\Ireneirungu\PycharmProjects\RafikiChatbot\venv\Lib\site-packages\rest_framework\templatetags\__init__.py first seen with mtime 1737108716.7780335
File C:\Users\Ireneirungu\AppData\Local\Programs\Python\Python39\Lib\email\feedparser.py first seen with mtime 1652795110.0
File C:\Users\Ireneirungu\PycharmProjects\RafikiChatbot\venv\Lib\site-packages\django\contrib\admin\widgets.py first seen with mtime 1737108717.942725
File C:\Users\Ireneirungu\PycharmProjects\RafikiChatbot\venv\Lib\site-packages\django\db\models\sql\subqueries.py first seen with mtime 1737108719.5069034
File C:\Users\Ireneirungu\PycharmProjects\RafikiChatbot\venv\Lib\site-packages\_distutils_hack\__init__.py first seen with mtime 1737108633.8327444
File C:\Users\Ireneirungu\PycharmProjects\RafikiChatbot\venv\Lib\site-packages\django\contrib\admin\utils.py first seen with mtime 1737108717.9417253
File C:\Users\Ireneirungu\PycharmProjects\RafikiChatbot\venv\Lib\site-packages\mongoengine\__init__.py first seen with mtime 1734694514.4014757
File C:\Users\Ireneirungu\AppData\Local\Programs\Python\Python39\Lib\traceback.py first seen with mtime 1652795112.0
File C:\Users\Ireneirungu\PycharmProjects\RafikiChatbot\venv\Lib\site-packages\django\contrib\admin\views\decorators.py first seen with mtime 1737108718.2088008
File C:\Users\Ireneirungu\PycharmProjects\RafikiChatbot\venv\Lib\site-packages\urllib3\util\connection.py first seen with mtime 1734352373.6226256
File C:\Users\Ireneirungu\PycharmProjects\RafikiChatbot\venv\Lib\site-packages\django\core\checks\__init__.py first seen with mtime 1737108719.4196482
File C:\Users\Ireneirungu\PycharmProjects\RafikiChatbot\venv\Lib\site-packages\werkzeug\test.py first seen with mtime 1738677770.4229636
File C:\Users\Ireneirungu\PycharmProjects\RafikiChatbot\venv\Lib\site-packages\django\contrib\sites\shortcuts.py first seen with mtime 1737108719.2994788
File C:\Users\Ireneirungu\PycharmProjects\RafikiChatbot\venv\Lib\site-packages\django\db\models\sql\where.py first seen with mtime 1737108719.5079033
File C:\Users\Ireneirungu\PycharmProjects\RafikiChatbot\venv\Lib\site-packages\django\utils\dateformat.py first seen with mtime 1737108719.5796971
File C:\Users\Ireneirungu\PycharmProjects\RafikiChatbot\venv\Lib\site-packages\mongoengine\fields.py first seen with mtime 1734694514.409696
File C:\Users\Ireneirungu\PycharmProjects\RafikiChatbot\venv\Lib\site-packages\django\contrib\admin\actions.py first seen with mtime 1737108717.9372797
File C:\Users\Ireneirungu\PycharmProjects\RafikiChatbot\venv\Lib\site-packages\jwt\algorithms.py first seen with mtime 1738679958.2124398
File C:\Users\Ireneirungu\PycharmProjects\RafikiChatbot\venv\Lib\site-packages\django\core\files\images.py first seen with mtime 1737108719.4266655
File C:\Users\Ireneirungu\PycharmProjects\RafikiChatbot\venv\Lib\site-packages\pymongo\server_selectors.py first seen with mtime 1734681582.7733822
File C:\Users\Ireneirungu\PycharmProjects\RafikiChatbot\venv\Lib\site-packages\rest_framework\reverse.py first seen with mtime 1737108716.6689925
File C:\Users\Ireneirungu\AppData\Local\Programs\Python\Python39\Lib\collections\abc.py first seen with mtime 1652795110.0
File C:\Users\Ireneirungu\PycharmProjects\RafikiChatbot\venv\Lib\site-packages\rest_framework\response.py first seen with mtime 1737108716.6689925
File C:\Users\Ireneirungu\PycharmProjects\RafikiChatbot\venv\Lib\site-packages\django\utils\hashable.py first seen with mtime 1737108719.5845506
File C:\Users\Ireneirungu\PycharmProjects\RafikiChatbot\venv\Lib\site-packages\bson\min_key.py first seen with mtime 1734681582.724011
File C:\Users\Ireneirungu\PycharmProjects\RafikiChatbot\venv\Lib\site-packages\markupsafe\_speedups.cp39-win_amd64.pyd first seen with mtime 1738677770.3699985
File C:\Users\Ireneirungu\PycharmProjects\RafikiChatbot\venv\Lib\site-packages\django\contrib\auth\__init__.py first seen with mtime 1737108718.3189018
File C:\Users\Ireneirungu\PycharmProjects\RafikiChatbot\venv\Lib\site-packages\sqlparse\cli.py first seen with mtime 1734690958.5016952
File C:\Users\Ireneirungu\PycharmProjects\RafikiChatbot\venv\Lib\site-packages\rest_framework\mixins.py first seen with mtime 1737108716.6662376
File C:\Users\Ireneirungu\PycharmProjects\RafikiChatbot\venv\Lib\site-packages\django\utils\duration.py first seen with mtime 1737108719.5825505
File C:\Users\Ireneirungu\PycharmProjects\RafikiChatbot\venv\Lib\site-packages\django\contrib\admin\checks.py first seen with mtime 1737108717.9372797
File C:\Users\Ireneirungu\PycharmProjects\RafikiChatbot\venv\Lib\site-packages\django\core\paginator.py first seen with mtime 1737108719.4138215
File C:\Users\Ireneirungu\PycharmProjects\RafikiChatbot\venv\Lib\site-packages\rest_framework\utils\encoders.py first seen with mtime 1737108716.7795384
File C:\Users\Ireneirungu\AppData\Local\Programs\Python\Python39\Lib\wsgiref\__init__.py first seen with mtime 1652795112.0
File C:\Users\Ireneirungu\AppData\Local\Programs\Python\Python39\Lib\wsgiref\util.py first seen with mtime 1652795112.0
File C:\Users\Ireneirungu\PycharmProjects\RafikiChatbot\venv\Lib\site-packages\charset_normalizer\constant.py first seen with mtime 1734352373.996681
File C:\Users\Ireneirungu\PycharmProjects\RafikiChatbot\venv\Lib\site-packages\django\core\files\__init__.py first seen with mtime 1737108719.4266655
File C:\Users\Ireneirungu\PycharmProjects\RafikiChatbot\venv\Lib\site-packages\django\contrib\messages\api.py first seen with mtime 1737108718.9679291
File C:\Users\Ireneirungu\PycharmProjects\RafikiChatbot\venv\Lib\site-packages\werkzeug\security.py first seen with mtime 1738677770.4199631
File C:\Users\Ireneirungu\PycharmProjects\RafikiChatbot\venv\Lib\site-packages\urllib3\_collections.py first seen with mtime 1734352373.6035266
File C:\Users\Ireneirungu\AppData\Local\Programs\Python\Python39\Lib\typing.py first seen with mtime 1652795112.0
File C:\Users\Ireneirungu\PycharmProjects\RafikiChatbot\venv\Lib\site-packages\urllib3\contrib\__init__.py first seen with mtime 1734352373.611935
File C:\Users\Ireneirungu\PycharmProjects\RafikiChatbot\venv\Lib\site-packages\urllib3\util\ssl_.py first seen with mtime 1734352373.6256237
File C:\Users\Ireneirungu\PycharmProjects\RafikiChatbot\venv\Lib\site-packages\corsheaders\apps.py first seen with mtime 1737108771.0265503
File C:\Users\Ireneirungu\PycharmProjects\RafikiChatbot\venv\Lib\site-packages\django\views\static.py first seen with mtime 1737108719.5974784
File C:\Users\Ireneirungu\PycharmProjects\RafikiChatbot\venv\Lib\site-packages\werkzeug\datastructures\etag.py first seen with mtime 1738677770.4373753
File C:\Users\Ireneirungu\PycharmProjects\RafikiChatbot\venv\Lib\site-packages\werkzeug\utils.py first seen with mtime 1738677770.4279633
File C:\Users\Ireneirungu\PycharmProjects\RafikiChatbot\venv\Lib\site-packages\django\db\utils.py first seen with mtime 1737108719.4575617
File C:\Users\Ireneirungu\PycharmProjects\RafikiChatbot\venv\Lib\site-packages\django\db\backends\dummy\base.py first seen with mtime 1737108719.4635618
File C:\Users\Ireneirungu\PycharmProjects\RafikiChatbot\venv\Lib\site-packages\django\apps\__init__.py first seen with mtime 1737108717.752023
File C:\Users\Ireneirungu\PycharmProjects\RafikiChatbot\venv\Lib\site-packages\django\utils\tree.py first seen with mtime 1737108719.5914783
File C:\Users\Ireneirungu\PycharmProjects\RafikiChatbot\venv\Lib\site-packages\asgiref\__init__.py first seen with mtime 1734350002.720843
File C:\Users\Ireneirungu\PycharmProjects\RafikiChatbot\venv\Lib\site-packages\rest_framework\schemas\generators.py first seen with mtime 1737108716.7277834
File C:\Users\Ireneirungu\PycharmProjects\RafikiChatbot\venv\Lib\site-packages\rest_framework\utils\mediatypes.py first seen with mtime 1737108716.7815442
File C:\Users\Ireneirungu\AppData\Local\Programs\Python\Python39\Lib\sysconfig.py first seen with mtime 1652795110.0
File C:\Users\Ireneirungu\PycharmProjects\RafikiChatbot\venv\Lib\site-packages\django\db\models\functions\window.py first seen with mtime 1737108719.5039034
File C:\Users\Ireneirungu\AppData\Local\Programs\Python\Python39\Lib\socket.py first seen with mtime 1652795110.0
File C:\Users\Ireneirungu\AppData\Local\Programs\Python\Python39\Lib\json\scanner.py first seen with mtime 1652795110.0
File C:\Users\Ireneirungu\PycharmProjects\RafikiChatbot\venv\Lib\site-packages\rest_framework\utils\html.py first seen with mtime 1737108716.7805443
File C:\Users\Ireneirungu\PycharmProjects\RafikiChatbot\venv\Lib\site-packages\rest_framework\validators.py first seen with mtime 1737108716.6733744
File C:\Users\Ireneirungu\PycharmProjects\RafikiChatbot\venv\Lib\site-packages\werkzeug\_internal.py first seen with mtime 1738677770.4099631
File C:\Users\Ireneirungu\PycharmProjects\RafikiChatbot\venv\Lib\site-packages\django\test\client.py first seen with mtime 1737108719.5686963
File C:\Users\Ireneirungu\AppData\Local\Programs\Python\Python39\Lib\asyncio\trsock.py first seen with mtime 1652795110.0
File C:\Users\Ireneirungu\PycharmProjects\RafikiChatbot\venv\Lib\site-packages\bson\binary.py first seen with mtime 1734681582.7189727
File C:\Users\Ireneirungu\PycharmProjects\RafikiChatbot\venv\Lib\site-packages\django\contrib\admin\sites.py first seen with mtime 1737108717.940725
File C:\Users\Ireneirungu\PycharmProjects\RafikiChatbot\venv\Lib\site-packages\django\contrib\sites\requests.py first seen with mtime 1737108719.2994788
File C:\Users\Ireneirungu\PycharmProjects\RafikiChatbot\venv\Lib\site-packages\pymongo\settings.py first seen with mtime 1734681582.7747476
File C:\Users\Ireneirungu\AppData\Local\Programs\Python\Python39\Lib\calendar.py first seen with mtime 1652795110.0
File C:\Users\Ireneirungu\PycharmProjects\RafikiChatbot\venv\Lib\site-packages\django\utils\timezone.py first seen with mtime 1737108719.5904782
File C:\Users\Ireneirungu\PycharmProjects\RafikiChatbot\venv\Lib\site-packages\werkzeug\datastructures\headers.py first seen with mtime 1738677770.440703
File C:\Users\Ireneirungu\PycharmProjects\RafikiChatbot\venv\Lib\site-packages\django\utils\dates.py first seen with mtime 1737108719.5805454
File C:\Users\Ireneirungu\PycharmProjects\RafikiChatbot\venv\Lib\site-packages\django\__init__.py first seen with mtime 1737108717.7501402
File C:\Users\Ireneirungu\PycharmProjects\RafikiChatbot\venv\Lib\site-packages\django\views\__init__.py first seen with mtime 1737108719.5954783
File C:\Users\Ireneirungu\PycharmProjects\RafikiChatbot\venv\Lib\site-packages\werkzeug\sansio\utils.py first seen with mtime 1738677770.482081
File C:\Users\Ireneirungu\PycharmProjects\RafikiChatbot\venv\Lib\site-packages\django\contrib\auth\backends.py first seen with mtime 1737108718.3209002
File C:\Users\Ireneirungu\AppData\Local\Programs\Python\Python39\Lib\posixpath.py first seen with mtime 1652795110.0
File C:\Users\Ireneirungu\PycharmProjects\RafikiChatbot\venv\Lib\site-packages\rest_framework\utils\representation.py first seen with mtime 1737108716.7825444
File C:\Users\Ireneirungu\PycharmProjects\RafikiChatbot\venv\Lib\site-packages\rest_framework_simplejwt\tokens.py first seen with mtime 1738782341.4452572
File C:\Users\Ireneirungu\AppData\Local\Programs\Python\Python39\Lib\shutil.py first seen with mtime 1652795110.0
File C:\Users\Ireneirungu\AppData\Local\Programs\Python\Python39\Lib\zoneinfo\_tzpath.py first seen with mtime 1652795112.0
File C:\Users\Ireneirungu\PycharmProjects\RafikiChatbot\venv\Lib\site-packages\django\db\migrations\exceptions.py first seen with mtime 1737108719.481587
File C:\Users\Ireneirungu\PycharmProjects\RafikiChatbot\venv\Lib\site-packages\django\utils\lorem_ipsum.py first seen with mtime 1737108719.5874784
File C:\Users\Ireneirungu\PycharmProjects\RafikiChatbot\venv\Lib\site-packages\django\utils\translation\reloader.py first seen with mtime 1737108719.5934787
File C:\Users\Ireneirungu\PycharmProjects\RafikiChatbot\venv\Lib\site-packages\django\views\decorators\debug.py first seen with mtime 1737108719.5994785
File C:\Users\Ireneirungu\AppData\Local\Programs\Python\Python39\Lib\genericpath.py first seen with mtime 1652795110.0
File C:\Users\Ireneirungu\PycharmProjects\RafikiChatbot\venv\Lib\site-packages\bson\max_key.py first seen with mtime 1734681582.7229757
File C:\Users\Ireneirungu\PycharmProjects\RafikiChatbot\venv\Lib\site-packages\django\db\transaction.py first seen with mtime 1737108719.456561
File C:\Users\Ireneirungu\PycharmProjects\RafikiChatbot\venv\Lib\site-packages\django\db\models\query_utils.py first seen with mtime 1737108719.4949033
File C:\Users\Ireneirungu\PycharmProjects\RafikiChatbot\venv\Lib\site-packages\django\core\files\uploadhandler.py first seen with mtime 1737108719.4294739
File C:\Users\Ireneirungu\PycharmProjects\RafikiChatbot\venv\Lib\site-packages\django\contrib\admin\templatetags\base.py first seen with mtime 1737108718.2078006
File C:\Users\Ireneirungu\AppData\Local\Programs\Python\Python39\Lib\http\cookiejar.py first seen with mtime 1652795110.0
File C:\Users\Ireneirungu\PycharmProjects\RafikiChatbot\venv\Lib\site-packages\django\db\models\lookups.py first seen with mtime 1737108719.4929035
File C:\Users\Ireneirungu\AppData\Local\Programs\Python\Python39\Lib\tokenize.py first seen with mtime 1652795112.0
File C:\Users\Ireneirungu\AppData\Local\Programs\Python\Python39\Lib\email\__init__.py first seen with mtime 1652795110.0
File C:\Users\Ireneirungu\PycharmProjects\RafikiChatbot\venv\Lib\site-packages\django\core\cache\backends\locmem.py first seen with mtime 1737108719.4181447
File C:\Users\Ireneirungu\PycharmProjects\RafikiChatbot\venv\Lib\site-packages\pymongo\srv_resolver.py first seen with mtime 1734681582.775756
File C:\Users\Ireneirungu\PycharmProjects\RafikiChatbot\venv\Lib\site-packages\django\contrib\auth\apps.py first seen with mtime 1737108718.3199017
File C:\Users\Ireneirungu\AppData\Local\Programs\Python\Python39\Lib\linecache.py first seen with mtime 1652795110.0
File C:\Users\Ireneirungu\PycharmProjects\RafikiChatbot\venv\Lib\site-packages\django\utils\termcolors.py first seen with mtime 1737108719.5894783
File C:\Users\Ireneirungu\AppData\Local\Programs\Python\Python39\Lib\os.py first seen with mtime 1652795110.0
File C:\Users\Ireneirungu\PycharmProjects\RafikiChatbot\venv\Lib\site-packages\requests\exceptions.py first seen with mtime 1734352374.2086258
File C:\Users\Ireneirungu\PycharmProjects\RafikiChatbot\venv\Lib\site-packages\django\urls\__init__.py first seen with mtime 1737108719.5726955
File C:\Users\Ireneirungu\PycharmProjects\RafikiChatbot\venv\Lib\site-packages\django\core\serializers\python.py first seen with mtime 1737108719.4535613
File C:\Users\Ireneirungu\PycharmProjects\RafikiChatbot\venv\Lib\site-packages\django\core\management\base.py first seen with mtime 1737108719.4395316
File C:\Users\Ireneirungu\PycharmProjects\RafikiChatbot\venv\Lib\site-packages\sqlparse\engine\statement_splitter.py first seen with mtime 1734690958.514171
File C:\Users\Ireneirungu\PycharmProjects\RafikiChatbot\venv\Lib\site-packages\urllib3\connectionpool.py first seen with mtime 1734352373.6075337
File C:\Users\Ireneirungu\AppData\Local\Programs\Python\Python39\Lib\email\generator.py first seen with mtime 1652795110.0
File C:\Users\Ireneirungu\PycharmProjects\RafikiChatbot\venv\Lib\site-packages\werkzeug\wrappers\request.py first seen with mtime 1738677770.4861808
File C:\Users\Ireneirungu\PycharmProjects\RafikiChatbot\venv\Lib\site-packages\django\core\cache\utils.py first seen with mtime 1737108719.4152586
File C:\Users\Ireneirungu\AppData\Local\Programs\Python\Python39\Lib\fnmatch.py first seen with mtime 1652795110.0
File C:\Users\Ireneirungu\PycharmProjects\RafikiChatbot\venv\Lib\site-packages\django\core\serializers\__init__.py first seen with mtime 1737108719.4525635
File C:\Users\Ireneirungu\PycharmProjects\RafikiChatbot\venv\Lib\site-packages\charset_normalizer\legacy.py first seen with mtime 1734352373.9976816
File C:\Users\Ireneirungu\PycharmProjects\RafikiChatbot\venv\Lib\site-packages\pymongo\encryption_options.py first seen with mtime 1734681582.7553606
File C:\Users\Ireneirungu\PycharmProjects\RafikiChatbot\venv\Lib\site-packages\bson\son.py first seen with mtime 1734681582.726139
File C:\Users\Ireneirungu\PycharmProjects\RafikiChatbot\venv\Lib\site-packages\sqlparse\utils.py first seen with mtime 1734690958.510053
File C:\Users\Ireneirungu\AppData\Local\Programs\Python\Python39\Lib\email\policy.py first seen with mtime 1652795110.0
File C:\Users\Ireneirungu\PycharmProjects\RafikiChatbot\venv\Lib\site-packages\django\urls\exceptions.py first seen with mtime 1737108719.5736966
File C:\Users\Ireneirungu\PycharmProjects\RafikiChatbot\venv\Lib\site-packages\rest_framework\apps.py first seen with mtime 1737108716.6620271
File C:\Users\Ireneirungu\AppData\Local\Programs\Python\Python39\Lib\ctypes\_endian.py first seen with mtime 1652795110.0
File C:\Users\Ireneirungu\PycharmProjects\RafikiChatbot\venv\Lib\site-packages\django\contrib\staticfiles\finders.py first seen with mtime 1737108719.4064355
File C:\Users\Ireneirungu\PycharmProjects\RafikiChatbot\venv\Lib\site-packages\django\shortcuts.py first seen with mtime 1737108717.7510326
File C:\Users\Ireneirungu\AppData\Local\Programs\Python\Python39\Lib\zoneinfo\__init__.py first seen with mtime 1652795112.0
File C:\Users\Ireneirungu\AppData\Local\Programs\Python\Python39\Lib\hmac.py first seen with mtime 1652795110.0
File C:\Users\Ireneirungu\AppData\Local\Programs\Python\Python39\Lib\encodings\aliases.py first seen with mtime 1652795110.0
File C:\Users\Ireneirungu\AppData\Local\Programs\Python\Python39\Lib\asyncio\locks.py first seen with mtime 1652795110.0
File C:\Users\Ireneirungu\PycharmProjects\RafikiChatbot\venv\Lib\site-packages\rest_framework\utils\formatting.py first seen with mtime 1737108716.7795384
File C:\Users\Ireneirungu\PycharmProjects\RafikiChatbot\venv\Lib\site-packages\django\contrib\contenttypes\models.py first seen with mtime 1737108718.4405098
File C:\Users\Ireneirungu\PycharmProjects\RafikiChatbot\venv\Lib\site-packages\django\core\checks\security\csrf.py first seen with mtime 1737108719.4252796
File C:\Users\Ireneirungu\PycharmProjects\RafikiChatbot\venv\Lib\site-packages\django\contrib\sessions\middleware.py first seen with mtime 1737108719.1804903
File C:\Users\Ireneirungu\PycharmProjects\RafikiChatbot\venv\Lib\site-packages\django\forms\renderers.py first seen with mtime 1737108719.5120683
File C:\Users\Ireneirungu\PycharmProjects\RafikiChatbot\venv\Lib\site-packages\pymongo\cursor_manager.py first seen with mtime 1734681582.7494118
File C:\Users\Ireneirungu\AppData\Local\Programs\Python\Python39\Lib\argparse.py first seen with mtime 1652795110.0
File C:\Users\Ireneirungu\PycharmProjects\RafikiChatbot\venv\Lib\site-packages\rest_framework\utils\timezone.py first seen with mtime 1737108716.7825444
File C:\Users\Ireneirungu\AppData\Local\Programs\Python\Python39\Lib\abc.py first seen with mtime 1652795110.0
File C:\Users\Ireneirungu\PycharmProjects\RafikiChatbot\venv\Lib\site-packages\idna\idnadata.py first seen with mtime 1734352373.8461885
File C:\Users\Ireneirungu\AppData\Local\Programs\Python\Python39\Lib\email\encoders.py first seen with mtime 1652795110.0
File C:\Users\Ireneirungu\PycharmProjects\RafikiChatbot\venv\Lib\site-packages\django\contrib\sessions\base_session.py first seen with mtime 1737108719.1804903
File C:\Users\Ireneirungu\AppData\Local\Programs\Python\Python39\Lib\weakref.py first seen with mtime 1652795112.0
File C:\Users\Ireneirungu\PycharmProjects\RafikiChatbot\venv\Lib\site-packages\pymongo\ismaster.py first seen with mtime 1734681582.7613585
File C:\Users\Ireneirungu\AppData\Local\Programs\Python\Python39\Lib\struct.py first seen with mtime 1652795110.0
File C:\Users\Ireneirungu\PycharmProjects\RafikiChatbot\venv\Lib\site-packages\urllib3\util\wait.py first seen with mtime 1734352373.6307192
File C:\Users\Ireneirungu\AppData\Local\Programs\Python\Python39\Lib\_collections_abc.py first seen with mtime 1652795110.0
File C:\Users\Ireneirungu\PycharmProjects\RafikiChatbot\venv\Lib\site-packages\urllib3\http2\__init__.py first seen with mtime 1734352373.6206238
File C:\Users\Ireneirungu\PycharmProjects\RafikiChatbot\venv\Lib\site-packages\pymongo\response.py first seen with mtime 1734681582.7703552
File C:\Users\Ireneirungu\PycharmProjects\RafikiChatbot\venv\Lib\site-packages\werkzeug\datastructures\structures.py first seen with mtime 1738677770.4446428
File C:\Users\Ireneirungu\AppData\Local\Programs\Python\Python39\Lib\encodings\cp1252.py first seen with mtime 1652795110.0
File C:\Users\Ireneirungu\PycharmProjects\RafikiChatbot\venv\Lib\site-packages\sqlparse\filters\output.py first seen with mtime 1734690958.5188313
File C:\Users\Ireneirungu\PycharmProjects\RafikiChatbot\venv\Lib\site-packages\pymongo\thread_util.py first seen with mtime 1734681582.7777553
File C:\Users\Ireneirungu\PycharmProjects\RafikiChatbot\venv\Lib\site-packages\django\test\testcases.py first seen with mtime 1737108719.5716963
File C:\Users\Ireneirungu\AppData\Local\Programs\Python\Python39\Lib\stringprep.py first seen with mtime 1652795110.0
File C:\Users\Ireneirungu\AppData\Local\Programs\Python\Python39\Lib\numbers.py first seen with mtime 1652795110.0
File C:\Users\Ireneirungu\AppData\Local\Programs\Python\Python39\Lib\email\mime\__init__.py first seen with mtime 1652795110.0
File C:\Users\Ireneirungu\PycharmProjects\RafikiChatbot\venv\Lib\site-packages\rest_framework\metadata.py first seen with mtime 1737108716.6648896
File C:\Users\Ireneirungu\AppData\Local\Programs\Python\Python39\Lib\encodings\__init__.py first seen with mtime 1652795110.0
File C:\Users\Ireneirungu\AppData\Local\Programs\Python\Python39\Lib\mimetypes.py first seen with mtime 1652795110.0
File C:\Users\Ireneirungu\AppData\Local\Programs\Python\Python39\Lib\pickle.py first seen with mtime 1652795110.0
File C:\Users\Ireneirungu\PycharmProjects\RafikiChatbot\venv\Lib\site-packages\django\db\backends\base\validation.py first seen with mtime 1737108719.462562
File C:\Users\Ireneirungu\PycharmProjects\RafikiChatbot\venv\Lib\site-packages\django\dispatch\__init__.py first seen with mtime 1737108719.5085635
File C:\Users\Ireneirungu\PycharmProjects\RafikiChatbot\venv\Lib\site-packages\django\utils\functional.py first seen with mtime 1737108719.5835502
File C:\Users\Ireneirungu\PycharmProjects\RafikiChatbot\venv\Lib\site-packages\django\contrib\staticfiles\management\commands\runserver.py first seen with mtime 1737108719.4113607
File C:\Users\Ireneirungu\PycharmProjects\RafikiChatbot\venv\Lib\site-packages\pytz\exceptions.py first seen with mtime 1734681582.362906
File C:\Users\Ireneirungu\PycharmProjects\RafikiChatbot\venv\Lib\site-packages\django\db\backends\__init__.py first seen with mtime 1737108719.4575617
File C:\Users\Ireneirungu\AppData\Local\Programs\Python\Python39\Lib\email\_parseaddr.py first seen with mtime 1652795110.0
File C:\Users\Ireneirungu\PycharmProjects\RafikiChatbot\venv\Lib\site-packages\django\core\cache\backends\base.py first seen with mtime 1737108719.4166954
File C:\Users\Ireneirungu\PycharmProjects\RafikiChatbot\venv\Lib\site-packages\django\middleware\security.py first seen with mtime 1737108719.5546916
File C:\Users\Ireneirungu\PycharmProjects\RafikiChatbot\venv\Lib\site-packages\django\utils\decorators.py first seen with mtime 1737108719.5815508
File C:\Users\Ireneirungu\PycharmProjects\RafikiChatbot\venv\Lib\site-packages\mongoengine\base\document.py first seen with mtime 1734694514.4156575
File C:\Users\Ireneirungu\PycharmProjects\RafikiChatbot\venv\Lib\site-packages\django\utils\inspect.py first seen with mtime 1737108719.5861938
File C:\Users\Ireneirungu\AppData\Local\Programs\Python\Python39\Lib\gzip.py first seen with mtime 1652795110.0
File C:\Users\Ireneirungu\AppData\Local\Programs\Python\Python39\Lib\ast.py first seen with mtime 1652795110.0
File C:\Users\Ireneirungu\PycharmProjects\RafikiChatbot\venv\Lib\site-packages\urllib3\__init__.py first seen with mtime 1734352373.6025262
File C:\Users\Ireneirungu\PycharmProjects\RafikiChatbot\chatbot\apps.py first seen with mtime 1738505856.2380807
File C:\Users\Ireneirungu\PycharmProjects\RafikiChatbot\venv\Lib\site-packages\sqlparse\sql.py first seen with mtime 1734690958.5076926
File C:\Users\Ireneirungu\PycharmProjects\RafikiChatbot\venv\Lib\site-packages\django\contrib\__init__.py first seen with mtime 1737108717.9362738
File C:\Users\Ireneirungu\PycharmProjects\RafikiChatbot\venv\Lib\site-packages\urllib3\fields.py first seen with mtime 1734352373.6085339
File C:\Users\Ireneirungu\PycharmProjects\RafikiChatbot\venv\Lib\site-packages\mongoengine\context_managers.py first seen with mtime 1734694514.404484
File C:\Users\Ireneirungu\AppData\Local\Programs\Python\Python39\Lib\http\cookies.py first seen with mtime 1652795110.0
File C:\Users\Ireneirungu\PycharmProjects\RafikiChatbot\venv\Lib\site-packages\rest_framework\utils\breadcrumbs.py first seen with mtime 1737108716.7790334
File C:\Users\Ireneirungu\PycharmProjects\RafikiChatbot\venv\Lib\site-packages\django\core\files\storage\base.py first seen with mtime 1737108719.4310026
File C:\Users\Ireneirungu\PycharmProjects\RafikiChatbot\venv\lib\site-packages\rest_framework\templates\rest_framework first seen with mtime 1737108716.7730336
File C:\Users\Ireneirungu\PycharmProjects\RafikiChatbot\venv\lib\site-packages\rest_framework\templates\rest_framework\admin first seen with mtime 1737108716.756492
File C:\Users\Ireneirungu\PycharmProjects\RafikiChatbot\venv\lib\site-packages\rest_framework\templates\rest_framework\admin.html first seen with mtime 1737108716.7524974
File C:\Users\Ireneirungu\PycharmProjects\RafikiChatbot\venv\lib\site-packages\rest_framework\templates\rest_framework\api.html first seen with mtime 1737108716.7524974
File C:\Users\Ireneirungu\PycharmProjects\RafikiChatbot\venv\lib\site-packages\rest_framework\templates\rest_framework\base.html first seen with mtime 1737108716.753488
File C:\Users\Ireneirungu\PycharmProjects\RafikiChatbot\venv\lib\site-packages\rest_framework\templates\rest_framework\docs first seen with mtime 1737108716.760491
File C:\Users\Ireneirungu\PycharmProjects\RafikiChatbot\venv\lib\site-packages\rest_framework\templates\rest_framework\filters first seen with mtime 1737108716.7634914
File C:\Users\Ireneirungu\PycharmProjects\RafikiChatbot\venv\lib\site-packages\rest_framework\templates\rest_framework\horizontal first seen with mtime 1737108716.7680335
File C:\Users\Ireneirungu\PycharmProjects\RafikiChatbot\venv\lib\site-packages\rest_framework\templates\rest_framework\inline first seen with mtime 1737108716.7720335
File C:\Users\Ireneirungu\PycharmProjects\RafikiChatbot\venv\lib\site-packages\rest_framework\templates\rest_framework\login.html first seen with mtime 1737108716.753488
File C:\Users\Ireneirungu\PycharmProjects\RafikiChatbot\venv\lib\site-packages\rest_framework\templates\rest_framework\login_base.html first seen with mtime 1737108716.753488
File C:\Users\Ireneirungu\PycharmProjects\RafikiChatbot\venv\lib\site-packages\rest_framework\templates\rest_framework\pagination first seen with mtime 1737108716.7730336
File C:\Users\Ireneirungu\PycharmProjects\RafikiChatbot\venv\lib\site-packages\rest_framework\templates\rest_framework\raw_data_form.html first seen with mtime 1737108716.7544923
File C:\Users\Ireneirungu\PycharmProjects\RafikiChatbot\venv\lib\site-packages\rest_framework\templates\rest_framework\schema.js first seen with mtime 1737108716.7544923
File C:\Users\Ireneirungu\PycharmProjects\RafikiChatbot\venv\lib\site-packages\rest_framework\templates\rest_framework\vertical first seen with mtime 1737108716.7770338
File C:\Users\Ireneirungu\PycharmProjects\RafikiChatbot\venv\lib\site-packages\rest_framework\templates\rest_framework\admin\detail.html first seen with mtime 1737108716.7554908
File C:\Users\Ireneirungu\PycharmProjects\RafikiChatbot\venv\lib\site-packages\rest_framework\templates\rest_framework\admin\dict_value.html first seen with mtime 1737108716.7554908
File C:\Users\Ireneirungu\PycharmProjects\RafikiChatbot\venv\lib\site-packages\rest_framework\templates\rest_framework\admin\list.html first seen with mtime 1737108716.7554908
File C:\Users\Ireneirungu\PycharmProjects\RafikiChatbot\venv\lib\site-packages\rest_framework\templates\rest_framework\admin\list_value.html first seen with mtime 1737108716.756492
File C:\Users\Ireneirungu\PycharmProjects\RafikiChatbot\venv\lib\site-packages\rest_framework\templates\rest_framework\admin\simple_list_value.html first seen with mtime 1737108716.756492
File C:\Users\Ireneirungu\PycharmProjects\RafikiChatbot\venv\lib\site-packages\rest_framework\templates\rest_framework\docs\auth first seen with mtime 1737108716.7594914
File C:\Users\Ireneirungu\PycharmProjects\RafikiChatbot\venv\lib\site-packages\rest_framework\templates\rest_framework\docs\document.html first seen with mtime 1737108716.7574923
File C:\Users\Ireneirungu\PycharmProjects\RafikiChatbot\venv\lib\site-packages\rest_framework\templates\rest_framework\docs\error.html first seen with mtime 1737108716.7574923
File C:\Users\Ireneirungu\PycharmProjects\RafikiChatbot\venv\lib\site-packages\rest_framework\templates\rest_framework\docs\index.html first seen with mtime 1737108716.7574923
File C:\Users\Ireneirungu\PycharmProjects\RafikiChatbot\venv\lib\site-packages\rest_framework\templates\rest_framework\docs\interact.html first seen with mtime 1737108716.7584913
File C:\Users\Ireneirungu\PycharmProjects\RafikiChatbot\venv\lib\site-packages\rest_framework\templates\rest_framework\docs\langs first seen with mtime 1737108716.7624912
File C:\Users\Ireneirungu\PycharmProjects\RafikiChatbot\venv\lib\site-packages\rest_framework\templates\rest_framework\docs\link.html first seen with mtime 1737108716.7584913
File C:\Users\Ireneirungu\PycharmProjects\RafikiChatbot\venv\lib\site-packages\rest_framework\templates\rest_framework\docs\sidebar.html first seen with mtime 1737108716.7584913
File C:\Users\Ireneirungu\PycharmProjects\RafikiChatbot\venv\lib\site-packages\rest_framework\templates\rest_framework\docs\auth\basic.html first seen with mtime 1737108716.7594914
File C:\Users\Ireneirungu\PycharmProjects\RafikiChatbot\venv\lib\site-packages\rest_framework\templates\rest_framework\docs\auth\session.html first seen with mtime 1737108716.7594914
File C:\Users\Ireneirungu\PycharmProjects\RafikiChatbot\venv\lib\site-packages\rest_framework\templates\rest_framework\docs\auth\token.html first seen with mtime 1737108716.760491
File C:\Users\Ireneirungu\PycharmProjects\RafikiChatbot\venv\lib\site-packages\rest_framework\templates\rest_framework\docs\langs\javascript-intro.html first seen with mtime 1737108716.760491
File C:\Users\Ireneirungu\PycharmProjects\RafikiChatbot\venv\lib\site-packages\rest_framework\templates\rest_framework\docs\langs\javascript.html first seen with mtime 1737108716.760491
File C:\Users\Ireneirungu\PycharmProjects\RafikiChatbot\venv\lib\site-packages\rest_framework\templates\rest_framework\docs\langs\python-intro.html first seen with mtime 1737108716.761492
File C:\Users\Ireneirungu\PycharmProjects\RafikiChatbot\venv\lib\site-packages\rest_framework\templates\rest_framework\docs\langs\python.html first seen with mtime 1737108716.761492
File C:\Users\Ireneirungu\PycharmProjects\RafikiChatbot\venv\lib\site-packages\rest_framework\templates\rest_framework\docs\langs\shell-intro.html first seen with mtime 1737108716.7624912
File C:\Users\Ireneirungu\PycharmProjects\RafikiChatbot\venv\lib\site-packages\rest_framework\templates\rest_framework\docs\langs\shell.html first seen with mtime 1737108716.7624912
File C:\Users\Ireneirungu\PycharmProjects\RafikiChatbot\venv\lib\site-packages\rest_framework\templates\rest_framework\filters\base.html first seen with mtime 1737108716.7624912
File C:\Users\Ireneirungu\PycharmProjects\RafikiChatbot\venv\lib\site-packages\rest_framework\templates\rest_framework\filters\ordering.html first seen with mtime 1737108716.7634914
File C:\Users\Ireneirungu\PycharmProjects\RafikiChatbot\venv\lib\site-packages\rest_framework\templates\rest_framework\filters\search.html first seen with mtime 1737108716.7634914
File C:\Users\Ireneirungu\PycharmProjects\RafikiChatbot\venv\lib\site-packages\rest_framework\templates\rest_framework\horizontal\checkbox.html first seen with mtime 1737108716.7634914
File C:\Users\Ireneirungu\PycharmProjects\RafikiChatbot\venv\lib\site-packages\rest_framework\templates\rest_framework\horizontal\checkbox_multiple.html first seen with mtime 1737108716.7644942
File C:\Users\Ireneirungu\PycharmProjects\RafikiChatbot\venv\lib\site-packages\rest_framework\templates\rest_framework\horizontal\dict_field.html first seen with mtime 1737108716.7650282
File C:\Users\Ireneirungu\PycharmProjects\RafikiChatbot\venv\lib\site-packages\rest_framework\templates\rest_framework\horizontal\fieldset.html first seen with mtime 1737108716.7650282
File C:\Users\Ireneirungu\PycharmProjects\RafikiChatbot\venv\lib\site-packages\rest_framework\templates\rest_framework\horizontal\form.html first seen with mtime 1737108716.7650282
File C:\Users\Ireneirungu\PycharmProjects\RafikiChatbot\venv\lib\site-packages\rest_framework\templates\rest_framework\horizontal\input.html first seen with mtime 1737108716.7660334
File C:\Users\Ireneirungu\PycharmProjects\RafikiChatbot\venv\lib\site-packages\rest_framework\templates\rest_framework\horizontal\list_field.html first seen with mtime 1737108716.7660334
File C:\Users\Ireneirungu\PycharmProjects\RafikiChatbot\venv\lib\site-packages\rest_framework\templates\rest_framework\horizontal\list_fieldset.html first seen with mtime 1737108716.7660334
File C:\Users\Ireneirungu\PycharmProjects\RafikiChatbot\venv\lib\site-packages\rest_framework\templates\rest_framework\horizontal\radio.html first seen with mtime 1737108716.7670336
File C:\Users\Ireneirungu\PycharmProjects\RafikiChatbot\venv\lib\site-packages\rest_framework\templates\rest_framework\horizontal\select.html first seen with mtime 1737108716.7670336
File C:\Users\Ireneirungu\PycharmProjects\RafikiChatbot\venv\lib\site-packages\rest_framework\templates\rest_framework\horizontal\select_multiple.html first seen with mtime 1737108716.7680335
File C:\Users\Ireneirungu\PycharmProjects\RafikiChatbot\venv\lib\site-packages\rest_framework\templates\rest_framework\horizontal\textarea.html first seen with mtime 1737108716.7680335
File C:\Users\Ireneirungu\PycharmProjects\RafikiChatbot\venv\lib\site-packages\rest_framework\templates\rest_framework\inline\checkbox.html first seen with mtime 1737108716.7680335
File C:\Users\Ireneirungu\PycharmProjects\RafikiChatbot\venv\lib\site-packages\rest_framework\templates\rest_framework\inline\checkbox_multiple.html first seen with mtime 1737108716.7690334
File C:\Users\Ireneirungu\PycharmProjects\RafikiChatbot\venv\lib\site-packages\rest_framework\templates\rest_framework\inline\dict_field.html first seen with mtime 1737108716.7690334
File C:\Users\Ireneirungu\PycharmProjects\RafikiChatbot\venv\lib\site-packages\rest_framework\templates\rest_framework\inline\fieldset.html first seen with mtime 1737108716.7700336
File C:\Users\Ireneirungu\PycharmProjects\RafikiChatbot\venv\lib\site-packages\rest_framework\templates\rest_framework\inline\form.html first seen with mtime 1737108716.7700336
File C:\Users\Ireneirungu\PycharmProjects\RafikiChatbot\venv\lib\site-packages\rest_framework\templates\rest_framework\inline\input.html first seen with mtime 1737108716.7700336
File C:\Users\Ireneirungu\PycharmProjects\RafikiChatbot\venv\lib\site-packages\rest_framework\templates\rest_framework\inline\list_field.html first seen with mtime 1737108716.7710333
File C:\Users\Ireneirungu\PycharmProjects\RafikiChatbot\venv\lib\site-packages\rest_framework\templates\rest_framework\inline\list_fieldset.html first seen with mtime 1737108716.7710333
File C:\Users\Ireneirungu\PycharmProjects\RafikiChatbot\venv\lib\site-packages\rest_framework\templates\rest_framework\inline\radio.html first seen with mtime 1737108716.7710333
File C:\Users\Ireneirungu\PycharmProjects\RafikiChatbot\venv\lib\site-packages\rest_framework\templates\rest_framework\inline\select.html first seen with mtime 1737108716.7720335
File C:\Users\Ireneirungu\PycharmProjects\RafikiChatbot\venv\lib\site-packages\rest_framework\templates\rest_framework\inline\select_multiple.html first seen with mtime 1737108716.7720335
File C:\Users\Ireneirungu\PycharmProjects\RafikiChatbot\venv\lib\site-packages\rest_framework\templates\rest_framework\inline\textarea.html first seen with mtime 1737108716.7720335
File C:\Users\Ireneirungu\PycharmProjects\RafikiChatbot\venv\lib\site-packages\rest_framework\templates\rest_framework\pagination\numbers.html first seen with mtime 1737108716.7730336
File C:\Users\Ireneirungu\PycharmProjects\RafikiChatbot\venv\lib\site-packages\rest_framework\templates\rest_framework\pagination\previous_and_next.html first seen with mtime 1737108716.7730336
File C:\Users\Ireneirungu\PycharmProjects\RafikiChatbot\venv\lib\site-packages\rest_framework\templates\rest_framework\vertical\checkbox.html first seen with mtime 1737108716.7740335
File C:\Users\Ireneirungu\PycharmProjects\RafikiChatbot\venv\lib\site-packages\rest_framework\templates\rest_framework\vertical\checkbox_multiple.html first seen with mtime 1737108716.7740335
File C:\Users\Ireneirungu\PycharmProjects\RafikiChatbot\venv\lib\site-packages\rest_framework\templates\rest_framework\vertical\dict_field.html first seen with mtime 1737108716.7740335
File C:\Users\Ireneirungu\PycharmProjects\RafikiChatbot\venv\lib\site-packages\rest_framework\templates\rest_framework\vertical\fieldset.html first seen with mtime 1737108716.7750332
File C:\Users\Ireneirungu\PycharmProjects\RafikiChatbot\venv\lib\site-packages\rest_framework\templates\rest_framework\vertical\form.html first seen with mtime 1737108716.7750332
File C:\Users\Ireneirungu\PycharmProjects\RafikiChatbot\venv\lib\site-packages\rest_framework\templates\rest_framework\vertical\input.html first seen with mtime 1737108716.7750332
File C:\Users\Ireneirungu\PycharmProjects\RafikiChatbot\venv\lib\site-packages\rest_framework\templates\rest_framework\vertical\list_field.html first seen with mtime 1737108716.7760334
File C:\Users\Ireneirungu\PycharmProjects\RafikiChatbot\venv\lib\site-packages\rest_framework\templates\rest_framework\vertical\list_fieldset.html first seen with mtime 1737108716.7760334
File C:\Users\Ireneirungu\PycharmProjects\RafikiChatbot\venv\lib\site-packages\rest_framework\templates\rest_framework\vertical\radio.html first seen with mtime 1737108716.7760334
File C:\Users\Ireneirungu\PycharmProjects\RafikiChatbot\venv\lib\site-packages\rest_framework\templates\rest_framework\vertical\select.html first seen with mtime 1737108716.7770338
File C:\Users\Ireneirungu\PycharmProjects\RafikiChatbot\venv\lib\site-packages\rest_framework\templates\rest_framework\vertical\select_multiple.html first seen with mtime 1737108716.7770338
File C:\Users\Ireneirungu\PycharmProjects\RafikiChatbot\venv\lib\site-packages\rest_framework\templates\rest_framework\vertical\textarea.html first seen with mtime 1737108716.7770338
File C:\Users\Ireneirungu\PycharmProjects\RafikiChatbot\static\build\asset-manifest.json first seen with mtime 1742635259.3045285
File C:\Users\Ireneirungu\PycharmProjects\RafikiChatbot\static\build\favicon.ico first seen with mtime 1738670587.4226553
File C:\Users\Ireneirungu\PycharmProjects\RafikiChatbot\static\build\index.html first seen with mtime 1742635259.3035288
File C:\Users\Ireneirungu\PycharmProjects\RafikiChatbot\static\build\logo192.png first seen with mtime 1738670587.4239914
File C:\Users\Ireneirungu\PycharmProjects\RafikiChatbot\static\build\logo512.png first seen with mtime 1738670587.4250026
File C:\Users\Ireneirungu\PycharmProjects\RafikiChatbot\static\build\manifest.json first seen with mtime 1738670587.4250026
File C:\Users\Ireneirungu\PycharmProjects\RafikiChatbot\static\build\robots.txt first seen with mtime 1738670587.4259992
File C:\Users\Ireneirungu\PycharmProjects\RafikiChatbot\static\build\static first seen with mtime 1742635259.3035288
File C:\Users\Ireneirungu\PycharmProjects\RafikiChatbot\static\build\static\css first seen with mtime 1742635259.3059523
File C:\Users\Ireneirungu\PycharmProjects\RafikiChatbot\static\build\static\js first seen with mtime 1742635259.3116767
File C:\Users\Ireneirungu\PycharmProjects\RafikiChatbot\static\build\static\css\main.f87b11ef.css first seen with mtime 1742635259.310677
File C:\Users\Ireneirungu\PycharmProjects\RafikiChatbot\static\build\static\css\main.f87b11ef.css.map first seen with mtime 1742635259.310677
File C:\Users\Ireneirungu\PycharmProjects\RafikiChatbot\static\build\static\js\488.dfa393e0.chunk.js first seen with mtime 1742635259.310677
File C:\Users\Ireneirungu\PycharmProjects\RafikiChatbot\static\build\static\js\488.dfa393e0.chunk.js.map first seen with mtime 1742635259.3116767
File C:\Users\Ireneirungu\PycharmProjects\RafikiChatbot\static\build\static\js\main.74a11c4c.js first seen with mtime 1742635259.310677
File C:\Users\Ireneirungu\PycharmProjects\RafikiChatbot\static\build\static\js\main.74a11c4c.js.LICENSE.txt first seen with mtime 1742635259.310677
File C:\Users\Ireneirungu\PycharmProjects\RafikiChatbot\static\build\static\js\main.74a11c4c.js.map first seen with mtime 1742635259.312677
File C:\Users\Ireneirungu\PycharmProjects\RafikiChatbot\venv\lib\site-packages\rest_framework\locale\ach\LC_MESSAGES\django.mo first seen with mtime 1737108716.6810174
File C:\Users\Ireneirungu\PycharmProjects\RafikiChatbot\venv\lib\site-packages\rest_framework\locale\ar\LC_MESSAGES\django.mo first seen with mtime 1737108716.6820176
File C:\Users\Ireneirungu\PycharmProjects\RafikiChatbot\venv\lib\site-packages\rest_framework\locale\az\LC_MESSAGES\django.mo first seen with mtime 1737108716.6820176
File C:\Users\Ireneirungu\PycharmProjects\RafikiChatbot\venv\lib\site-packages\rest_framework\locale\be\LC_MESSAGES\django.mo first seen with mtime 1737108716.6830177
File C:\Users\Ireneirungu\PycharmProjects\RafikiChatbot\venv\lib\site-packages\rest_framework\locale\bg\LC_MESSAGES\django.mo first seen with mtime 1737108716.6840172
File C:\Users\Ireneirungu\PycharmProjects\RafikiChatbot\venv\lib\site-packages\rest_framework\locale\ca\LC_MESSAGES\django.mo first seen with mtime 1737108716.6840172
File C:\Users\Ireneirungu\PycharmProjects\RafikiChatbot\venv\lib\site-packages\rest_framework\locale\ca_ES\LC_MESSAGES\django.mo first seen with mtime 1737108716.6850173
File C:\Users\Ireneirungu\PycharmProjects\RafikiChatbot\venv\lib\site-packages\rest_framework\locale\cs\LC_MESSAGES\django.mo first seen with mtime 1737108716.6860175
File C:\Users\Ireneirungu\PycharmProjects\RafikiChatbot\venv\lib\site-packages\rest_framework\locale\da\LC_MESSAGES\django.mo first seen with mtime 1737108716.6860175
File C:\Users\Ireneirungu\PycharmProjects\RafikiChatbot\venv\lib\site-packages\rest_framework\locale\de\LC_MESSAGES\django.mo first seen with mtime 1737108716.6870177
File C:\Users\Ireneirungu\PycharmProjects\RafikiChatbot\venv\lib\site-packages\rest_framework\locale\el\LC_MESSAGES\django.mo first seen with mtime 1737108716.6880174
File C:\Users\Ireneirungu\PycharmProjects\RafikiChatbot\venv\lib\site-packages\rest_framework\locale\el_GR\LC_MESSAGES\django.mo first seen with mtime 1737108716.6880174
File C:\Users\Ireneirungu\PycharmProjects\RafikiChatbot\venv\lib\site-packages\rest_framework\locale\en\LC_MESSAGES\django.mo first seen with mtime 1737108716.6890178
File C:\Users\Ireneirungu\PycharmProjects\RafikiChatbot\venv\lib\site-packages\rest_framework\locale\en_AU\LC_MESSAGES\django.mo first seen with mtime 1737108716.6900175
File C:\Users\Ireneirungu\PycharmProjects\RafikiChatbot\venv\lib\site-packages\rest_framework\locale\en_CA\LC_MESSAGES\django.mo first seen with mtime 1737108716.6910203
File C:\Users\Ireneirungu\PycharmProjects\RafikiChatbot\venv\lib\site-packages\rest_framework\locale\en_US\LC_MESSAGES\django.mo first seen with mtime 1737108716.6920173
File C:\Users\Ireneirungu\PycharmProjects\RafikiChatbot\venv\lib\site-packages\rest_framework\locale\es\LC_MESSAGES\django.mo first seen with mtime 1737108716.6930172
File C:\Users\Ireneirungu\PycharmProjects\RafikiChatbot\venv\lib\site-packages\rest_framework\locale\et\LC_MESSAGES\django.mo first seen with mtime 1737108716.6940176
File C:\Users\Ireneirungu\PycharmProjects\RafikiChatbot\venv\lib\site-packages\rest_framework\locale\fa\LC_MESSAGES\django.mo first seen with mtime 1737108716.6940176
File C:\Users\Ireneirungu\PycharmProjects\RafikiChatbot\venv\lib\site-packages\rest_framework\locale\fa_IR\LC_MESSAGES\django.mo first seen with mtime 1737108716.6950164
File C:\Users\Ireneirungu\PycharmProjects\RafikiChatbot\venv\lib\site-packages\rest_framework\locale\fi\LC_MESSAGES\django.mo first seen with mtime 1737108716.69643
File C:\Users\Ireneirungu\PycharmProjects\RafikiChatbot\venv\lib\site-packages\rest_framework\locale\fr\LC_MESSAGES\django.mo first seen with mtime 1737108716.6974347
File C:\Users\Ireneirungu\PycharmProjects\RafikiChatbot\venv\lib\site-packages\rest_framework\locale\fr_CA\LC_MESSAGES\django.mo first seen with mtime 1737108716.698464
File C:\Users\Ireneirungu\PycharmProjects\RafikiChatbot\venv\lib\site-packages\rest_framework\locale\gl\LC_MESSAGES\django.mo first seen with mtime 1737108716.698464
File C:\Users\Ireneirungu\PycharmProjects\RafikiChatbot\venv\lib\site-packages\rest_framework\locale\gl_ES\LC_MESSAGES\django.mo first seen with mtime 1737108716.699436
File C:\Users\Ireneirungu\PycharmProjects\RafikiChatbot\venv\lib\site-packages\rest_framework\locale\he_IL\LC_MESSAGES\django.mo first seen with mtime 1737108716.7004356
File C:\Users\Ireneirungu\PycharmProjects\RafikiChatbot\venv\lib\site-packages\rest_framework\locale\hu\LC_MESSAGES\django.mo first seen with mtime 1737108716.7014353
File C:\Users\Ireneirungu\PycharmProjects\RafikiChatbot\venv\lib\site-packages\rest_framework\locale\hy\LC_MESSAGES\django.mo first seen with mtime 1737108716.702435
File C:\Users\Ireneirungu\PycharmProjects\RafikiChatbot\venv\lib\site-packages\rest_framework\locale\id\LC_MESSAGES\django.mo first seen with mtime 1737108716.7034357
File C:\Users\Ireneirungu\PycharmProjects\RafikiChatbot\venv\lib\site-packages\rest_framework\locale\it\LC_MESSAGES\django.mo first seen with mtime 1737108716.7044358
File C:\Users\Ireneirungu\PycharmProjects\RafikiChatbot\venv\lib\site-packages\rest_framework\locale\ja\LC_MESSAGES\django.mo first seen with mtime 1737108716.7044358
File C:\Users\Ireneirungu\PycharmProjects\RafikiChatbot\venv\lib\site-packages\rest_framework\locale\ko_KR\LC_MESSAGES\django.mo first seen with mtime 1737108716.705436
File C:\Users\Ireneirungu\PycharmProjects\RafikiChatbot\venv\lib\site-packages\rest_framework\locale\lt\LC_MESSAGES\django.mo first seen with mtime 1737108716.7064373
File C:\Users\Ireneirungu\PycharmProjects\RafikiChatbot\venv\lib\site-packages\rest_framework\locale\lv\LC_MESSAGES\django.mo first seen with mtime 1737108716.707436
File C:\Users\Ireneirungu\PycharmProjects\RafikiChatbot\venv\lib\site-packages\rest_framework\locale\mk\LC_MESSAGES\django.mo first seen with mtime 1737108716.7084363
File C:\Users\Ireneirungu\PycharmProjects\RafikiChatbot\venv\lib\site-packages\rest_framework\locale\nb\LC_MESSAGES\django.mo first seen with mtime 1737108716.7084363
File C:\Users\Ireneirungu\PycharmProjects\RafikiChatbot\venv\lib\site-packages\rest_framework\locale\ne_NP\LC_MESSAGES\django.mo first seen with mtime 1737108716.709436
File C:\Users\Ireneirungu\PycharmProjects\RafikiChatbot\venv\lib\site-packages\rest_framework\locale\nl\LC_MESSAGES\django.mo first seen with mtime 1737108716.7104359
File C:\Users\Ireneirungu\PycharmProjects\RafikiChatbot\venv\lib\site-packages\rest_framework\locale\nn\LC_MESSAGES\django.mo first seen with mtime 1737108716.7104359
File C:\Users\Ireneirungu\PycharmProjects\RafikiChatbot\venv\lib\site-packages\rest_framework\locale\no\LC_MESSAGES\django.mo first seen with mtime 1737108716.7114358
File C:\Users\Ireneirungu\PycharmProjects\RafikiChatbot\venv\lib\site-packages\rest_framework\locale\pl\LC_MESSAGES\django.mo first seen with mtime 1737108716.7124362
File C:\Users\Ireneirungu\PycharmProjects\RafikiChatbot\venv\lib\site-packages\rest_framework\locale\pt\LC_MESSAGES\django.mo first seen with mtime 1737108716.7124362
File C:\Users\Ireneirungu\PycharmProjects\RafikiChatbot\venv\lib\site-packages\rest_framework\locale\pt_BR\LC_MESSAGES\django.mo first seen with mtime 1737108716.713436
File C:\Users\Ireneirungu\PycharmProjects\RafikiChatbot\venv\lib\site-packages\rest_framework\locale\pt_PT\LC_MESSAGES\django.mo first seen with mtime 1737108716.714436
File C:\Users\Ireneirungu\PycharmProjects\RafikiChatbot\venv\lib\site-packages\rest_framework\locale\ro\LC_MESSAGES\django.mo first seen with mtime 1737108716.71478
File C:\Users\Ireneirungu\PycharmProjects\RafikiChatbot\venv\lib\site-packages\rest_framework\locale\ru\LC_MESSAGES\django.mo first seen with mtime 1737108716.7157857
File C:\Users\Ireneirungu\PycharmProjects\RafikiChatbot\venv\lib\site-packages\rest_framework\locale\ru_RU\LC_MESSAGES\django.mo first seen with mtime 1737108716.7157857
File C:\Users\Ireneirungu\PycharmProjects\RafikiChatbot\venv\lib\site-packages\rest_framework\locale\sk\LC_MESSAGES\django.mo first seen with mtime 1737108716.7167857
File C:\Users\Ireneirungu\PycharmProjects\RafikiChatbot\venv\lib\site-packages\rest_framework\locale\sl\LC_MESSAGES\django.mo first seen with mtime 1737108716.7177856
File C:\Users\Ireneirungu\PycharmProjects\RafikiChatbot\venv\lib\site-packages\rest_framework\locale\sv\LC_MESSAGES\django.mo first seen with mtime 1737108716.7177856
File C:\Users\Ireneirungu\PycharmProjects\RafikiChatbot\venv\lib\site-packages\rest_framework\locale\th\LC_MESSAGES\django.mo first seen with mtime 1737108716.7187853
File C:\Users\Ireneirungu\PycharmProjects\RafikiChatbot\venv\lib\site-packages\rest_framework\locale\tr\LC_MESSAGES\django.mo first seen with mtime 1737108716.719786
File C:\Users\Ireneirungu\PycharmProjects\RafikiChatbot\venv\lib\site-packages\rest_framework\locale\tr_TR\LC_MESSAGES\django.mo first seen with mtime 1737108716.720785
File C:\Users\Ireneirungu\PycharmProjects\RafikiChatbot\venv\lib\site-packages\rest_framework\locale\uk\LC_MESSAGES\django.mo first seen with mtime 1737108716.7217848
File C:\Users\Ireneirungu\PycharmProjects\RafikiChatbot\venv\lib\site-packages\rest_framework\locale\vi\LC_MESSAGES\django.mo first seen with mtime 1737108716.7217848
File C:\Users\Ireneirungu\PycharmProjects\RafikiChatbot\venv\lib\site-packages\rest_framework\locale\zh_CN\LC_MESSAGES\django.mo first seen with mtime 1737108716.7227843
File C:\Users\Ireneirungu\PycharmProjects\RafikiChatbot\venv\lib\site-packages\rest_framework\locale\zh_Hans\LC_MESSAGES\django.mo first seen with mtime 1737108716.7237835
File C:\Users\Ireneirungu\PycharmProjects\RafikiChatbot\venv\lib\site-packages\rest_framework\locale\zh_Hant\LC_MESSAGES\django.mo first seen with mtime 1737108716.7237835
File C:\Users\Ireneirungu\PycharmProjects\RafikiChatbot\venv\lib\site-packages\rest_framework\locale\zh_TW\LC_MESSAGES\django.mo first seen with mtime 1737108716.7247834
File C:\Users\Ireneirungu\PycharmProjects\RafikiChatbot\venv\lib\site-packages\rest_framework_simplejwt\locale\ar\LC_MESSAGES\django.mo first seen with mtime 1738782341.4488895
File C:\Users\Ireneirungu\PycharmProjects\RafikiChatbot\venv\lib\site-packages\rest_framework_simplejwt\locale\cs\LC_MESSAGES\django.mo first seen with mtime 1738782341.451366
File C:\Users\Ireneirungu\PycharmProjects\RafikiChatbot\venv\lib\site-packages\rest_framework_simplejwt\locale\de\LC_MESSAGES\django.mo first seen with mtime 1738782341.4566271
File C:\Users\Ireneirungu\PycharmProjects\RafikiChatbot\venv\lib\site-packages\rest_framework_simplejwt\locale\es\LC_MESSAGES\django.mo first seen with mtime 1738782341.4618583
File C:\Users\Ireneirungu\PycharmProjects\RafikiChatbot\venv\lib\site-packages\rest_framework_simplejwt\locale\es_AR\LC_MESSAGES\django.mo first seen with mtime 1738782341.4648578
File C:\Users\Ireneirungu\PycharmProjects\RafikiChatbot\venv\lib\site-packages\rest_framework_simplejwt\locale\es_CL\LC_MESSAGES\django.mo first seen with mtime 1738782341.4729762
File C:\Users\Ireneirungu\PycharmProjects\RafikiChatbot\venv\lib\site-packages\rest_framework_simplejwt\locale\fa\LC_MESSAGES\django.mo first seen with mtime 1738782341.4764514
File C:\Users\Ireneirungu\PycharmProjects\RafikiChatbot\venv\lib\site-packages\rest_framework_simplejwt\locale\fa_IR\LC_MESSAGES\django.mo first seen with mtime 1738782341.479844
File C:\Users\Ireneirungu\PycharmProjects\RafikiChatbot\venv\lib\site-packages\rest_framework_simplejwt\locale\fr\LC_MESSAGES\django.mo first seen with mtime 1738782341.4828537
File C:\Users\Ireneirungu\PycharmProjects\RafikiChatbot\venv\lib\site-packages\rest_framework_simplejwt\locale\he_IL\LC_MESSAGES\django.mo first seen with mtime 1738782341.4869878
File C:\Users\Ireneirungu\PycharmProjects\RafikiChatbot\venv\lib\site-packages\rest_framework_simplejwt\locale\id_ID\LC_MESSAGES\django.mo first seen with mtime 1738782341.4893806
File C:\Users\Ireneirungu\PycharmProjects\RafikiChatbot\venv\lib\site-packages\rest_framework_simplejwt\locale\it_IT\LC_MESSAGES\django.mo first seen with mtime 1738782341.492816
File C:\Users\Ireneirungu\PycharmProjects\RafikiChatbot\venv\lib\site-packages\rest_framework_simplejwt\locale\ko_KR\LC_MESSAGES\django.mo first seen with mtime 1738782341.4952698
File C:\Users\Ireneirungu\PycharmProjects\RafikiChatbot\venv\lib\site-packages\rest_framework_simplejwt\locale\nl_NL\LC_MESSAGES\django.mo first seen with mtime 1738782341.4978006
File C:\Users\Ireneirungu\PycharmProjects\RafikiChatbot\venv\lib\site-packages\rest_framework_simplejwt\locale\pl_PL\LC_MESSAGES\django.mo first seen with mtime 1738782341.5017698
File C:\Users\Ireneirungu\PycharmProjects\RafikiChatbot\venv\lib\site-packages\rest_framework_simplejwt\locale\pt_BR\LC_MESSAGES\django.mo first seen with mtime 1738782341.5070927
File C:\Users\Ireneirungu\PycharmProjects\RafikiChatbot\venv\lib\site-packages\rest_framework_simplejwt\locale\ro\LC_MESSAGES\django.mo first seen with mtime 1738782341.5104597
File C:\Users\Ireneirungu\PycharmProjects\RafikiChatbot\venv\lib\site-packages\rest_framework_simplejwt\locale\ru_RU\LC_MESSAGES\django.mo first seen with mtime 1738782341.513865
File C:\Users\Ireneirungu\PycharmProjects\RafikiChatbot\venv\lib\site-packages\rest_framework_simplejwt\locale\sl\LC_MESSAGES\django.mo first seen with mtime 1738782341.5189614
File C:\Users\Ireneirungu\PycharmProjects\RafikiChatbot\venv\lib\site-packages\rest_framework_simplejwt\locale\sv\LC_MESSAGES\django.mo first seen with mtime 1738782341.5214865
File C:\Users\Ireneirungu\PycharmProjects\RafikiChatbot\venv\lib\site-packages\rest_framework_simplejwt\locale\tr\LC_MESSAGES\django.mo first seen with mtime 1738782341.5260963
File C:\Users\Ireneirungu\PycharmProjects\RafikiChatbot\venv\lib\site-packages\rest_framework_simplejwt\locale\uk_UA\LC_MESSAGES\django.mo first seen with mtime 1738782341.5299487
File C:\Users\Ireneirungu\PycharmProjects\RafikiChatbot\venv\lib\site-packages\rest_framework_simplejwt\locale\zh_Hans\LC_MESSAGES\django.mo first seen with mtime 1738782341.5343566
File C:\Users\Ireneirungu\PycharmProjects\RafikiChatbot\venv\Lib\site-packages\django\contrib\admin\migrations\0003_logentry_add_action_flag_choices.py first seen with mtime 1737108718.1349058
File C:\Users\Ireneirungu\PycharmProjects\RafikiChatbot\venv\Lib\site-packages\django\contrib\auth\migrations\__init__.py first seen with mtime 1737108718.4367483
File C:\Users\Ireneirungu\PycharmProjects\RafikiChatbot\venv\Lib\site-packages\django\contrib\auth\migrations\0009_alter_user_last_name_max_length.py first seen with mtime 1737108718.434748
File C:\Users\Ireneirungu\PycharmProjects\RafikiChatbot\venv\Lib\site-packages\django\contrib\sessions\migrations\0001_initial.py first seen with mtime 1737108719.2922096
File C:\Users\Ireneirungu\PycharmProjects\RafikiChatbot\venv\Lib\site-packages\django\db\migrations\graph.py first seen with mtime 1737108719.4825866
File C:\Users\Ireneirungu\PycharmProjects\RafikiChatbot\venv\Lib\site-packages\django\contrib\admin\migrations\__init__.py first seen with mtime 1737108718.1349058
File C:\Users\Ireneirungu\PycharmProjects\RafikiChatbot\venv\Lib\site-packages\django\db\migrations\recorder.py first seen with mtime 1737108719.4845872
File C:\Users\Ireneirungu\PycharmProjects\RafikiChatbot\venv\Lib\site-packages\django\contrib\auth\migrations\0003_alter_user_email_max_length.py first seen with mtime 1737108718.432746
File C:\Users\Ireneirungu\PycharmProjects\RafikiChatbot\venv\Lib\site-packages\django\contrib\auth\migrations\0011_update_proxy_permissions.py first seen with mtime 1737108718.435748
File C:\Users\Ireneirungu\PycharmProjects\RafikiChatbot\venv\Lib\site-packages\django\contrib\contenttypes\migrations\0001_initial.py first seen with mtime 1737108718.5398185
File C:\Users\Ireneirungu\PycharmProjects\RafikiChatbot\venv\Lib\site-packages\django\contrib\sessions\migrations\__init__.py first seen with mtime 1737108719.2922096
File C:\Users\Ireneirungu\PycharmProjects\RafikiChatbot\core\wsgi.py first seen with mtime 1738505856.243953
File C:\Users\Ireneirungu\PycharmProjects\RafikiChatbot\venv\Lib\site-packages\django\contrib\auth\migrations\0001_initial.py first seen with mtime 1737108718.432746
File C:\Users\Ireneirungu\PycharmProjects\RafikiChatbot\venv\Lib\site-packages\django\contrib\auth\migrations\0007_alter_validators_add_error_messages.py first seen with mtime 1737108718.434748
File C:\Users\Ireneirungu\PycharmProjects\RafikiChatbot\venv\Lib\site-packages\django\contrib\contenttypes\migrations\0002_remove_content_type_name.py first seen with mtime 1737108718.5398185
File C:\Users\Ireneirungu\PycharmProjects\RafikiChatbot\venv\Lib\site-packages\django\contrib\auth\migrations\0004_alter_user_username_opts.py first seen with mtime 1737108718.4337478
File C:\Users\Ireneirungu\PycharmProjects\RafikiChatbot\venv\Lib\site-packages\django\contrib\contenttypes\migrations\__init__.py first seen with mtime 1737108718.5408187
File C:\Users\Ireneirungu\PycharmProjects\RafikiChatbot\venv\Lib\site-packages\django\contrib\admin\migrations\0001_initial.py first seen with mtime 1737108718.1339056
File C:\Users\Ireneirungu\PycharmProjects\RafikiChatbot\venv\Lib\site-packages\django\contrib\sessions\backends\db.py first seen with mtime 1737108719.1839561
File C:\Users\Ireneirungu\PycharmProjects\RafikiChatbot\chatbot\migrations\__init__.py first seen with mtime 1738505856.2380807
File C:\Users\Ireneirungu\PycharmProjects\RafikiChatbot\venv\Lib\site-packages\django\contrib\auth\migrations\0005_alter_user_last_login_null.py first seen with mtime 1737108718.4337478
File C:\Users\Ireneirungu\PycharmProjects\RafikiChatbot\venv\Lib\site-packages\django\contrib\auth\migrations\0010_alter_group_name_max_length.py first seen with mtime 1737108718.435748
File C:\Users\Ireneirungu\PycharmProjects\RafikiChatbot\venv\Lib\site-packages\django\contrib\auth\migrations\0008_alter_user_username_max_length.py first seen with mtime 1737108718.434748
File C:\Users\Ireneirungu\PycharmProjects\RafikiChatbot\venv\Lib\site-packages\django\db\migrations\loader.py first seen with mtime 1737108719.4825866
File C:\Users\Ireneirungu\PycharmProjects\RafikiChatbot\venv\Lib\site-packages\django\contrib\auth\migrations\0002_alter_permission_name_max_length.py first seen with mtime 1737108718.432746
File C:\Users\Ireneirungu\PycharmProjects\RafikiChatbot\venv\Lib\site-packages\django\middleware\clickjacking.py first seen with mtime 1737108719.5527613
File C:\Users\Ireneirungu\PycharmProjects\RafikiChatbot\venv\Lib\site-packages\django\contrib\admin\migrations\0002_logentry_remove_auto_add.py first seen with mtime 1737108718.1349058
File C:\Users\Ireneirungu\PycharmProjects\RafikiChatbot\venv\Lib\site-packages\django\contrib\auth\migrations\0012_alter_user_first_name_max_length.py first seen with mtime 1737108718.4367483
File C:\Users\Ireneirungu\PycharmProjects\RafikiChatbot\venv\Lib\site-packages\django\contrib\auth\migrations\0006_require_contenttypes_0002.py first seen with mtime 1737108718.4337478
"GET / HTTP/1.1" 200 644
File C:\Users\Ireneirungu\PycharmProjects\RafikiChatbot\venv\Lib\site-packages\django\contrib\messages\storage\session.py first seen with mtime 1737108718.9730825
File C:\Users\Ireneirungu\PycharmProjects\RafikiChatbot\venv\Lib\site-packages\django\contrib\auth\context_processors.py first seen with mtime 1737108718.3218997
File C:\Users\Ireneirungu\PycharmProjects\RafikiChatbot\venv\Lib\site-packages\django\contrib\messages\storage\cookie.py first seen with mtime 1737108718.9718716
File C:\Users\Ireneirungu\PycharmProjects\RafikiChatbot\venv\Lib\site-packages\django\contrib\messages\context_processors.py first seen with mtime 1737108718.9699283
File C:\Users\Ireneirungu\PycharmProjects\RafikiChatbot\venv\Lib\site-packages\django\contrib\sessions\serializers.py first seen with mtime 1737108719.1814911
File C:\Users\Ireneirungu\PycharmProjects\RafikiChatbot\venv\Lib\site-packages\django\contrib\messages\storage\fallback.py first seen with mtime 1737108718.9730825
File C:\Users\Ireneirungu\PycharmProjects\RafikiChatbot\venv\Lib\site-packages\django\template\context_processors.py first seen with mtime 1737108719.5566967
"GET /static/css/main.f87b11ef.css HTTP/1.1" 200 15769
"GET /static/js/main.74a11c4c.js HTTP/1.1" 200 276746
"GET /static/css/main.f87b11ef.css.map HTTP/1.1" 304 0
"GET /static/js/main.74a11c4c.js.map HTTP/1.1" 304 0
"GET /chat_history/?user_id=67a2957544ba85ddd7d42af5 HTTP/1.1" 200 35096
Exception while resolving variable 'name' in template 'unknown'.
Traceback (most recent call last):
  File "C:\Users\Ireneirungu\PycharmProjects\RafikiChatbot\venv\lib\site-packages\django\core\handlers\exception.py", line 55, in inner
    response = get_response(request)
  File "C:\Users\Ireneirungu\PycharmProjects\RafikiChatbot\venv\lib\site-packages\django\core\handlers\base.py", line 181, in _get_response
    callback, callback_args, callback_kwargs = self.resolve_request(request)
  File "C:\Users\Ireneirungu\PycharmProjects\RafikiChatbot\venv\lib\site-packages\django\core\handlers\base.py", line 313, in resolve_request
    resolver_match = resolver.resolve(request.path_info)
  File "C:\Users\Ireneirungu\PycharmProjects\RafikiChatbot\venv\lib\site-packages\django\urls\resolvers.py", line 702, in resolve
    raise Resolver404({"tried": tried, "path": new_path})
django.urls.exceptions.Resolver404: {'tried': [[<URLPattern 'api/token/' [name='token_obtain_pair']>], [<URLPattern 'api/token/refresh/' [name='token_refresh']>], [<URLResolver <URLPattern list> (admin:admin) 'admin/'>], [<URLResolver <module 'chatbot.urls' from 'C:\\Users\\Ireneirungu\\PycharmProjects\\RafikiChatbot\\chatbot\\urls.py'> (None:None) ''>, <URLPattern 'chatbot/' [name='chatbot']>], [<URLResolver <module 'chatbot.urls' from 'C:\\Users\\Ireneirungu\\PycharmProjects\\RafikiChatbot\\chatbot\\urls.py'> (None:None) ''>, <URLPattern 'save_history/' [name='save_record']>], [<URLResolver <module 'chatbot.urls' from 'C:\\Users\\Ireneirungu\\PycharmProjects\\RafikiChatbot\\chatbot\\urls.py'> (None:None) ''>, <URLPattern '' [name='index']>], [<URLResolver <module 'chatbot.urls' from 'C:\\Users\\Ireneirungu\\PycharmProjects\\RafikiChatbot\\chatbot\\urls.py'> (None:None) ''>, <URLPattern 'chat_history/' [name='chat_history']>], [<URLResolver <module 'chatbot.urls' from 'C:\\Users\\Ireneirungu\\PycharmProjects\\RafikiChatbot\\chatbot\\urls.py'> (None:None) ''>, <URLPattern 'get_csrf_token/' [name='get_csrf_token']>], [<URLResolver <module 'chatbot.urls' from 'C:\\Users\\Ireneirungu\\PycharmProjects\\RafikiChatbot\\chatbot\\urls.py'> (None:None) ''>, <URLPattern 'signup/' [name='register']>], [<URLResolver <module 'chatbot.urls' from 'C:\\Users\\Ireneirungu\\PycharmProjects\\RafikiChatbot\\chatbot\\urls.py'> (None:None) ''>, <URLPattern 'login/' [name='login']>]], 'path': 'favicon.ico'}

During handling of the above exception, another exception occurred:

Traceback (most recent call last):
  File "C:\Users\Ireneirungu\PycharmProjects\RafikiChatbot\venv\lib\site-packages\django\template\base.py", line 880, in _resolve_lookup
    current = current[bit]
TypeError: 'URLResolver' object is not subscriptable

During handling of the above exception, another exception occurred:

Traceback (most recent call last):
  File "C:\Users\Ireneirungu\PycharmProjects\RafikiChatbot\venv\lib\site-packages\django\template\base.py", line 890, in _resolve_lookup
    current = getattr(current, bit)
AttributeError: 'URLResolver' object has no attribute 'name'

During handling of the above exception, another exception occurred:

Traceback (most recent call last):
  File "C:\Users\Ireneirungu\PycharmProjects\RafikiChatbot\venv\lib\site-packages\django\template\base.py", line 896, in _resolve_lookup
    current = current[int(bit)]
ValueError: invalid literal for int() with base 10: 'name'

During handling of the above exception, another exception occurred:

Traceback (most recent call last):
  File "C:\Users\Ireneirungu\PycharmProjects\RafikiChatbot\venv\lib\site-packages\django\template\base.py", line 903, in _resolve_lookup
    raise VariableDoesNotExist(
django.template.base.VariableDoesNotExist: Failed lookup for key [name] in <URLResolver <URLPattern list> (admin:admin) 'admin/'>
Exception while resolving variable 'name' in template 'unknown'.
Traceback (most recent call last):
  File "C:\Users\Ireneirungu\PycharmProjects\RafikiChatbot\venv\lib\site-packages\django\core\handlers\exception.py", line 55, in inner
    response = get_response(request)
  File "C:\Users\Ireneirungu\PycharmProjects\RafikiChatbot\venv\lib\site-packages\django\core\handlers\base.py", line 181, in _get_response
    callback, callback_args, callback_kwargs = self.resolve_request(request)
  File "C:\Users\Ireneirungu\PycharmProjects\RafikiChatbot\venv\lib\site-packages\django\core\handlers\base.py", line 313, in resolve_request
    resolver_match = resolver.resolve(request.path_info)
  File "C:\Users\Ireneirungu\PycharmProjects\RafikiChatbot\venv\lib\site-packages\django\urls\resolvers.py", line 702, in resolve
    raise Resolver404({"tried": tried, "path": new_path})
django.urls.exceptions.Resolver404: {'tried': [[<URLPattern 'api/token/' [name='token_obtain_pair']>], [<URLPattern 'api/token/refresh/' [name='token_refresh']>], [<URLResolver <URLPattern list> (admin:admin) 'admin/'>], [<URLResolver <module 'chatbot.urls' from 'C:\\Users\\Ireneirungu\\PycharmProjects\\RafikiChatbot\\chatbot\\urls.py'> (None:None) ''>, <URLPattern 'chatbot/' [name='chatbot']>], [<URLResolver <module 'chatbot.urls' from 'C:\\Users\\Ireneirungu\\PycharmProjects\\RafikiChatbot\\chatbot\\urls.py'> (None:None) ''>, <URLPattern 'save_history/' [name='save_record']>], [<URLResolver <module 'chatbot.urls' from 'C:\\Users\\Ireneirungu\\PycharmProjects\\RafikiChatbot\\chatbot\\urls.py'> (None:None) ''>, <URLPattern '' [name='index']>], [<URLResolver <module 'chatbot.urls' from 'C:\\Users\\Ireneirungu\\PycharmProjects\\RafikiChatbot\\chatbot\\urls.py'> (None:None) ''>, <URLPattern 'chat_history/' [name='chat_history']>], [<URLResolver <module 'chatbot.urls' from 'C:\\Users\\Ireneirungu\\PycharmProjects\\RafikiChatbot\\chatbot\\urls.py'> (None:None) ''>, <URLPattern 'get_csrf_token/' [name='get_csrf_token']>], [<URLResolver <module 'chatbot.urls' from 'C:\\Users\\Ireneirungu\\PycharmProjects\\RafikiChatbot\\chatbot\\urls.py'> (None:None) ''>, <URLPattern 'signup/' [name='register']>], [<URLResolver <module 'chatbot.urls' from 'C:\\Users\\Ireneirungu\\PycharmProjects\\RafikiChatbot\\chatbot\\urls.py'> (None:None) ''>, <URLPattern 'login/' [name='login']>]], 'path': 'manifest.json'}

During handling of the above exception, another exception occurred:

Traceback (most recent call last):
  File "C:\Users\Ireneirungu\PycharmProjects\RafikiChatbot\venv\lib\site-packages\django\template\base.py", line 880, in _resolve_lookup
    current = current[bit]
TypeError: 'URLResolver' object is not subscriptable

During handling of the above exception, another exception occurred:

Traceback (most recent call last):
  File "C:\Users\Ireneirungu\PycharmProjects\RafikiChatbot\venv\lib\site-packages\django\template\base.py", line 890, in _resolve_lookup
    current = getattr(current, bit)
AttributeError: 'URLResolver' object has no attribute 'name'

During handling of the above exception, another exception occurred:

Traceback (most recent call last):
  File "C:\Users\Ireneirungu\PycharmProjects\RafikiChatbot\venv\lib\site-packages\django\template\base.py", line 896, in _resolve_lookup
    current = current[int(bit)]
ValueError: invalid literal for int() with base 10: 'name'

During handling of the above exception, another exception occurred:

Traceback (most recent call last):
  File "C:\Users\Ireneirungu\PycharmProjects\RafikiChatbot\venv\lib\site-packages\django\template\base.py", line 903, in _resolve_lookup
    raise VariableDoesNotExist(
django.template.base.VariableDoesNotExist: Failed lookup for key [name] in <URLResolver <URLPattern list> (admin:admin) 'admin/'>
Not Found: /favicon.ico
Not Found: /manifest.json
"GET /manifest.json HTTP/1.1" 404 3606
"GET /favicon.ico HTTP/1.1" 404 3600
File C:\Users\Ireneirungu\PycharmProjects\RafikiChatbot\venv\Lib\site-packages\mongoengine\dereference.py first seen with mtime 1734694514.404484
"POST /login/ HTTP/1.1" 200 238
"GET /chat_history/?user_id=67a2957544ba85ddd7d42af5 HTTP/1.1" 200 35096
chat_id: None, user: AnonymousUser
Bad Request: /chatbot/
"POST /chatbot/ HTTP/1.1" 400 15
File C:\Users\Ireneirungu\PycharmProjects\RafikiChatbot\static\build\asset-manifest.json previous mtime: 1742635259.3045285, current mtime: 1742637287.1776295
C:\Users\Ireneirungu\PycharmProjects\RafikiChatbot\static\build\asset-manifest.json notified as changed. Signal results: [(<function template_changed at 0x000002318A2C5820>, True), (<function translation_file_changed at 0x000002318B03A310>, None)].
File C:\Users\Ireneirungu\PycharmProjects\RafikiChatbot\static\build\index.html previous mtime: 1742635259.3035288, current mtime: 1742637287.1776295
C:\Users\Ireneirungu\PycharmProjects\RafikiChatbot\static\build\index.html notified as changed. Signal results: [(<function template_changed at 0x000002318A2C5820>, True), (<function translation_file_changed at 0x000002318B03A310>, None)].
File C:\Users\Ireneirungu\PycharmProjects\RafikiChatbot\static\build\static previous mtime: 1742635259.3035288, current mtime: 1742637287.1776295
C:\Users\Ireneirungu\PycharmProjects\RafikiChatbot\static\build\static notified as changed. Signal results: [(<function template_changed at 0x000002318A2C5820>, True), (<function translation_file_changed at 0x000002318B03A310>, None)].
File C:\Users\Ireneirungu\PycharmProjects\RafikiChatbot\static\build\static\css previous mtime: 1742635259.3059523, current mtime: 1742637287.1801853
C:\Users\Ireneirungu\PycharmProjects\RafikiChatbot\static\build\static\css notified as changed. Signal results: [(<function template_changed at 0x000002318A2C5820>, True), (<function translation_file_changed at 0x000002318B03A310>, None)].
File C:\Users\Ireneirungu\PycharmProjects\RafikiChatbot\static\build\static\js previous mtime: 1742635259.3116767, current mtime: 1742637287.1861434
C:\Users\Ireneirungu\PycharmProjects\RafikiChatbot\static\build\static\js notified as changed. Signal results: [(<function template_changed at 0x000002318A2C5820>, True), (<function translation_file_changed at 0x000002318B03A310>, None)].
File C:\Users\Ireneirungu\PycharmProjects\RafikiChatbot\static\build\static\css\main.f87b11ef.css previous mtime: 1742635259.310677, current mtime: 1742637287.1851387
C:\Users\Ireneirungu\PycharmProjects\RafikiChatbot\static\build\static\css\main.f87b11ef.css notified as changed. Signal results: [(<function template_changed at 0x000002318A2C5820>, True), (<function translation_file_changed at 0x000002318B03A310>, None)].
File C:\Users\Ireneirungu\PycharmProjects\RafikiChatbot\static\build\static\css\main.f87b11ef.css.map previous mtime: 1742635259.310677, current mtime: 1742637287.1851387
C:\Users\Ireneirungu\PycharmProjects\RafikiChatbot\static\build\static\css\main.f87b11ef.css.map notified as changed. Signal results: [(<function template_changed at 0x000002318A2C5820>, True), (<function translation_file_changed at 0x000002318B03A310>, None)].
File C:\Users\Ireneirungu\PycharmProjects\RafikiChatbot\static\build\static\js\488.dfa393e0.chunk.js previous mtime: 1742635259.310677, current mtime: 1742637287.1851387
C:\Users\Ireneirungu\PycharmProjects\RafikiChatbot\static\build\static\js\488.dfa393e0.chunk.js notified as changed. Signal results: [(<function template_changed at 0x000002318A2C5820>, True), (<function translation_file_changed at 0x000002318B03A310>, None)].
File C:\Users\Ireneirungu\PycharmProjects\RafikiChatbot\static\build\static\js\488.dfa393e0.chunk.js.map previous mtime: 1742635259.3116767, current mtime: 1742637287.1861434
C:\Users\Ireneirungu\PycharmProjects\RafikiChatbot\static\build\static\js\488.dfa393e0.chunk.js.map notified as changed. Signal results: [(<function template_changed at 0x000002318A2C5820>, True), (<function translation_file_changed at 0x000002318B03A310>, None)].
File C:\Users\Ireneirungu\PycharmProjects\RafikiChatbot\static\build\static\js\main.74a11c4c.js previous mtime: 1742635259.310677, current mtime: 1742637287.1801853
C:\Users\Ireneirungu\PycharmProjects\RafikiChatbot\static\build\static\js\main.74a11c4c.js notified as changed. Signal results: [(<function template_changed at 0x000002318A2C5820>, True), (<function translation_file_changed at 0x000002318B03A310>, None)].
File C:\Users\Ireneirungu\PycharmProjects\RafikiChatbot\static\build\static\js\main.74a11c4c.js.LICENSE.txt previous mtime: 1742635259.310677, current mtime: 1742637287.1851387
C:\Users\Ireneirungu\PycharmProjects\RafikiChatbot\static\build\static\js\main.74a11c4c.js.LICENSE.txt notified as changed. Signal results: [(<function template_changed at 0x000002318A2C5820>, True), (<function translation_file_changed at 0x000002318B03A310>, None)].
File C:\Users\Ireneirungu\PycharmProjects\RafikiChatbot\static\build\static\js\main.74a11c4c.js.map previous mtime: 1742635259.312677, current mtime: 1742637287.1861434
C:\Users\Ireneirungu\PycharmProjects\RafikiChatbot\static\build\static\js\main.74a11c4c.js.map notified as changed. Signal results: [(<function template_changed at 0x000002318A2C5820>, True), (<function translation_file_changed at 0x000002318B03A310>, None)].
"GET / HTTP/1.1" 200 644
"GET /static/css/main.f87b11ef.css HTTP/1.1" 200 15769
"GET /static/js/main.74a11c4c.js HTTP/1.1" 200 276746
"GET /static/css/main.f87b11ef.css.map HTTP/1.1" 200 5545
"GET /static/js/main.74a11c4c.js.map HTTP/1.1" 200 2454104
"GET /chat_history/?user_id=67a2957544ba85ddd7d42af5 HTTP/1.1" 200 35096
Exception while resolving variable 'name' in template 'unknown'.
Traceback (most recent call last):
  File "C:\Users\Ireneirungu\PycharmProjects\RafikiChatbot\venv\lib\site-packages\django\core\handlers\exception.py", line 55, in inner
    response = get_response(request)
  File "C:\Users\Ireneirungu\PycharmProjects\RafikiChatbot\venv\lib\site-packages\django\core\handlers\base.py", line 181, in _get_response
    callback, callback_args, callback_kwargs = self.resolve_request(request)
  File "C:\Users\Ireneirungu\PycharmProjects\RafikiChatbot\venv\lib\site-packages\django\core\handlers\base.py", line 313, in resolve_request
    resolver_match = resolver.resolve(request.path_info)
  File "C:\Users\Ireneirungu\PycharmProjects\RafikiChatbot\venv\lib\site-packages\django\urls\resolvers.py", line 702, in resolve
    raise Resolver404({"tried": tried, "path": new_path})
django.urls.exceptions.Resolver404: {'tried': [[<URLPattern 'api/token/' [name='token_obtain_pair']>], [<URLPattern 'api/token/refresh/' [name='token_refresh']>], [<URLResolver <URLPattern list> (admin:admin) 'admin/'>], [<URLResolver <module 'chatbot.urls' from 'C:\\Users\\Ireneirungu\\PycharmProjects\\RafikiChatbot\\chatbot\\urls.py'> (None:None) ''>, <URLPattern 'chatbot/' [name='chatbot']>], [<URLResolver <module 'chatbot.urls' from 'C:\\Users\\Ireneirungu\\PycharmProjects\\RafikiChatbot\\chatbot\\urls.py'> (None:None) ''>, <URLPattern 'save_history/' [name='save_record']>], [<URLResolver <module 'chatbot.urls' from 'C:\\Users\\Ireneirungu\\PycharmProjects\\RafikiChatbot\\chatbot\\urls.py'> (None:None) ''>, <URLPattern '' [name='index']>], [<URLResolver <module 'chatbot.urls' from 'C:\\Users\\Ireneirungu\\PycharmProjects\\RafikiChatbot\\chatbot\\urls.py'> (None:None) ''>, <URLPattern 'chat_history/' [name='chat_history']>], [<URLResolver <module 'chatbot.urls' from 'C:\\Users\\Ireneirungu\\PycharmProjects\\RafikiChatbot\\chatbot\\urls.py'> (None:None) ''>, <URLPattern 'get_csrf_token/' [name='get_csrf_token']>], [<URLResolver <module 'chatbot.urls' from 'C:\\Users\\Ireneirungu\\PycharmProjects\\RafikiChatbot\\chatbot\\urls.py'> (None:None) ''>, <URLPattern 'signup/' [name='register']>], [<URLResolver <module 'chatbot.urls' from 'C:\\Users\\Ireneirungu\\PycharmProjects\\RafikiChatbot\\chatbot\\urls.py'> (None:None) ''>, <URLPattern 'login/' [name='login']>]], 'path': 'favicon.ico'}

During handling of the above exception, another exception occurred:

Traceback (most recent call last):
  File "C:\Users\Ireneirungu\PycharmProjects\RafikiChatbot\venv\lib\site-packages\django\template\base.py", line 880, in _resolve_lookup
    current = current[bit]
TypeError: 'URLResolver' object is not subscriptable

During handling of the above exception, another exception occurred:

Traceback (most recent call last):
  File "C:\Users\Ireneirungu\PycharmProjects\RafikiChatbot\venv\lib\site-packages\django\template\base.py", line 890, in _resolve_lookup
    current = getattr(current, bit)
AttributeError: 'URLResolver' object has no attribute 'name'

During handling of the above exception, another exception occurred:

Traceback (most recent call last):
  File "C:\Users\Ireneirungu\PycharmProjects\RafikiChatbot\venv\lib\site-packages\django\template\base.py", line 896, in _resolve_lookup
    current = current[int(bit)]
ValueError: invalid literal for int() with base 10: 'name'

During handling of the above exception, another exception occurred:

Traceback (most recent call last):
  File "C:\Users\Ireneirungu\PycharmProjects\RafikiChatbot\venv\lib\site-packages\django\template\base.py", line 903, in _resolve_lookup
    raise VariableDoesNotExist(
django.template.base.VariableDoesNotExist: Failed lookup for key [name] in <URLResolver <URLPattern list> (admin:admin) 'admin/'>
Not Found: /favicon.ico
"GET /favicon.ico HTTP/1.1" 404 3600
Exception while resolving variable 'name' in template 'unknown'.
Traceback (most recent call last):
  File "C:\Users\Ireneirungu\PycharmProjects\RafikiChatbot\venv\lib\site-packages\django\core\handlers\exception.py", line 55, in inner
    response = get_response(request)
  File "C:\Users\Ireneirungu\PycharmProjects\RafikiChatbot\venv\lib\site-packages\django\core\handlers\base.py", line 181, in _get_response
    callback, callback_args, callback_kwargs = self.resolve_request(request)
  File "C:\Users\Ireneirungu\PycharmProjects\RafikiChatbot\venv\lib\site-packages\django\core\handlers\base.py", line 313, in resolve_request
    resolver_match = resolver.resolve(request.path_info)
  File "C:\Users\Ireneirungu\PycharmProjects\RafikiChatbot\venv\lib\site-packages\django\urls\resolvers.py", line 702, in resolve
    raise Resolver404({"tried": tried, "path": new_path})
django.urls.exceptions.Resolver404: {'tried': [[<URLPattern 'api/token/' [name='token_obtain_pair']>], [<URLPattern 'api/token/refresh/' [name='token_refresh']>], [<URLResolver <URLPattern list> (admin:admin) 'admin/'>], [<URLResolver <module 'chatbot.urls' from 'C:\\Users\\Ireneirungu\\PycharmProjects\\RafikiChatbot\\chatbot\\urls.py'> (None:None) ''>, <URLPattern 'chatbot/' [name='chatbot']>], [<URLResolver <module 'chatbot.urls' from 'C:\\Users\\Ireneirungu\\PycharmProjects\\RafikiChatbot\\chatbot\\urls.py'> (None:None) ''>, <URLPattern 'save_history/' [name='save_record']>], [<URLResolver <module 'chatbot.urls' from 'C:\\Users\\Ireneirungu\\PycharmProjects\\RafikiChatbot\\chatbot\\urls.py'> (None:None) ''>, <URLPattern '' [name='index']>], [<URLResolver <module 'chatbot.urls' from 'C:\\Users\\Ireneirungu\\PycharmProjects\\RafikiChatbot\\chatbot\\urls.py'> (None:None) ''>, <URLPattern 'chat_history/' [name='chat_history']>], [<URLResolver <module 'chatbot.urls' from 'C:\\Users\\Ireneirungu\\PycharmProjects\\RafikiChatbot\\chatbot\\urls.py'> (None:None) ''>, <URLPattern 'get_csrf_token/' [name='get_csrf_token']>], [<URLResolver <module 'chatbot.urls' from 'C:\\Users\\Ireneirungu\\PycharmProjects\\RafikiChatbot\\chatbot\\urls.py'> (None:None) ''>, <URLPattern 'signup/' [name='register']>], [<URLResolver <module 'chatbot.urls' from 'C:\\Users\\Ireneirungu\\PycharmProjects\\RafikiChatbot\\chatbot\\urls.py'> (None:None) ''>, <URLPattern 'login/' [name='login']>]], 'path': 'manifest.json'}

During handling of the above exception, another exception occurred:

Traceback (most recent call last):
  File "C:\Users\Ireneirungu\PycharmProjects\RafikiChatbot\venv\lib\site-packages\django\template\base.py", line 880, in _resolve_lookup
    current = current[bit]
TypeError: 'URLResolver' object is not subscriptable

During handling of the above exception, another exception occurred:

Traceback (most recent call last):
  File "C:\Users\Ireneirungu\PycharmProjects\RafikiChatbot\venv\lib\site-packages\django\template\base.py", line 890, in _resolve_lookup
    current = getattr(current, bit)
AttributeError: 'URLResolver' object has no attribute 'name'

During handling of the above exception, another exception occurred:

Traceback (most recent call last):
  File "C:\Users\Ireneirungu\PycharmProjects\RafikiChatbot\venv\lib\site-packages\django\template\base.py", line 896, in _resolve_lookup
    current = current[int(bit)]
ValueError: invalid literal for int() with base 10: 'name'

During handling of the above exception, another exception occurred:

Traceback (most recent call last):
  File "C:\Users\Ireneirungu\PycharmProjects\RafikiChatbot\venv\lib\site-packages\django\template\base.py", line 903, in _resolve_lookup
    raise VariableDoesNotExist(
django.template.base.VariableDoesNotExist: Failed lookup for key [name] in <URLResolver <URLPattern list> (admin:admin) 'admin/'>
Not Found: /manifest.json
"GET /manifest.json HTTP/1.1" 404 3606
"GET / HTTP/1.1" 200 644
"GET /static/css/main.f87b11ef.css HTTP/1.1" 200 15769
"GET /static/js/main.74a11c4c.js HTTP/1.1" 200 276746
"GET /chat_history/?user_id=67a2957544ba85ddd7d42af5 HTTP/1.1" 200 35096
Exception while resolving variable 'name' in template 'unknown'.
Traceback (most recent call last):
  File "C:\Users\Ireneirungu\PycharmProjects\RafikiChatbot\venv\lib\site-packages\django\core\handlers\exception.py", line 55, in inner
    response = get_response(request)
  File "C:\Users\Ireneirungu\PycharmProjects\RafikiChatbot\venv\lib\site-packages\django\core\handlers\base.py", line 181, in _get_response
    callback, callback_args, callback_kwargs = self.resolve_request(request)
  File "C:\Users\Ireneirungu\PycharmProjects\RafikiChatbot\venv\lib\site-packages\django\core\handlers\base.py", line 313, in resolve_request
    resolver_match = resolver.resolve(request.path_info)
  File "C:\Users\Ireneirungu\PycharmProjects\RafikiChatbot\venv\lib\site-packages\django\urls\resolvers.py", line 702, in resolve
    raise Resolver404({"tried": tried, "path": new_path})
django.urls.exceptions.Resolver404: {'tried': [[<URLPattern 'api/token/' [name='token_obtain_pair']>], [<URLPattern 'api/token/refresh/' [name='token_refresh']>], [<URLResolver <URLPattern list> (admin:admin) 'admin/'>], [<URLResolver <module 'chatbot.urls' from 'C:\\Users\\Ireneirungu\\PycharmProjects\\RafikiChatbot\\chatbot\\urls.py'> (None:None) ''>, <URLPattern 'chatbot/' [name='chatbot']>], [<URLResolver <module 'chatbot.urls' from 'C:\\Users\\Ireneirungu\\PycharmProjects\\RafikiChatbot\\chatbot\\urls.py'> (None:None) ''>, <URLPattern 'save_history/' [name='save_record']>], [<URLResolver <module 'chatbot.urls' from 'C:\\Users\\Ireneirungu\\PycharmProjects\\RafikiChatbot\\chatbot\\urls.py'> (None:None) ''>, <URLPattern '' [name='index']>], [<URLResolver <module 'chatbot.urls' from 'C:\\Users\\Ireneirungu\\PycharmProjects\\RafikiChatbot\\chatbot\\urls.py'> (None:None) ''>, <URLPattern 'chat_history/' [name='chat_history']>], [<URLResolver <module 'chatbot.urls' from 'C:\\Users\\Ireneirungu\\PycharmProjects\\RafikiChatbot\\chatbot\\urls.py'> (None:None) ''>, <URLPattern 'get_csrf_token/' [name='get_csrf_token']>], [<URLResolver <module 'chatbot.urls' from 'C:\\Users\\Ireneirungu\\PycharmProjects\\RafikiChatbot\\chatbot\\urls.py'> (None:None) ''>, <URLPattern 'signup/' [name='register']>], [<URLResolver <module 'chatbot.urls' from 'C:\\Users\\Ireneirungu\\PycharmProjects\\RafikiChatbot\\chatbot\\urls.py'> (None:None) ''>, <URLPattern 'login/' [name='login']>]], 'path': 'manifest.json'}

During handling of the above exception, another exception occurred:

Traceback (most recent call last):
  File "C:\Users\Ireneirungu\PycharmProjects\RafikiChatbot\venv\lib\site-packages\django\template\base.py", line 880, in _resolve_lookup
    current = current[bit]
TypeError: 'URLResolver' object is not subscriptable

During handling of the above exception, another exception occurred:

Traceback (most recent call last):
  File "C:\Users\Ireneirungu\PycharmProjects\RafikiChatbot\venv\lib\site-packages\django\template\base.py", line 890, in _resolve_lookup
    current = getattr(current, bit)
AttributeError: 'URLResolver' object has no attribute 'name'

During handling of the above exception, another exception occurred:

Traceback (most recent call last):
  File "C:\Users\Ireneirungu\PycharmProjects\RafikiChatbot\venv\lib\site-packages\django\template\base.py", line 896, in _resolve_lookup
    current = current[int(bit)]
ValueError: invalid literal for int() with base 10: 'name'

During handling of the above exception, another exception occurred:

Traceback (most recent call last):
  File "C:\Users\Ireneirungu\PycharmProjects\RafikiChatbot\venv\lib\site-packages\django\template\base.py", line 903, in _resolve_lookup
    raise VariableDoesNotExist(
django.template.base.VariableDoesNotExist: Failed lookup for key [name] in <URLResolver <URLPattern list> (admin:admin) 'admin/'>
Exception while resolving variable 'name' in template 'unknown'.
Traceback (most recent call last):
  File "C:\Users\Ireneirungu\PycharmProjects\RafikiChatbot\venv\lib\site-packages\django\core\handlers\exception.py", line 55, in inner
    response = get_response(request)
  File "C:\Users\Ireneirungu\PycharmProjects\RafikiChatbot\venv\lib\site-packages\django\core\handlers\base.py", line 181, in _get_response
    callback, callback_args, callback_kwargs = self.resolve_request(request)
  File "C:\Users\Ireneirungu\PycharmProjects\RafikiChatbot\venv\lib\site-packages\django\core\handlers\base.py", line 313, in resolve_request
    resolver_match = resolver.resolve(request.path_info)
  File "C:\Users\Ireneirungu\PycharmProjects\RafikiChatbot\venv\lib\site-packages\django\urls\resolvers.py", line 702, in resolve
    raise Resolver404({"tried": tried, "path": new_path})
django.urls.exceptions.Resolver404: {'tried': [[<URLPattern 'api/token/' [name='token_obtain_pair']>], [<URLPattern 'api/token/refresh/' [name='token_refresh']>], [<URLResolver <URLPattern list> (admin:admin) 'admin/'>], [<URLResolver <module 'chatbot.urls' from 'C:\\Users\\Ireneirungu\\PycharmProjects\\RafikiChatbot\\chatbot\\urls.py'> (None:None) ''>, <URLPattern 'chatbot/' [name='chatbot']>], [<URLResolver <module 'chatbot.urls' from 'C:\\Users\\Ireneirungu\\PycharmProjects\\RafikiChatbot\\chatbot\\urls.py'> (None:None) ''>, <URLPattern 'save_history/' [name='save_record']>], [<URLResolver <module 'chatbot.urls' from 'C:\\Users\\Ireneirungu\\PycharmProjects\\RafikiChatbot\\chatbot\\urls.py'> (None:None) ''>, <URLPattern '' [name='index']>], [<URLResolver <module 'chatbot.urls' from 'C:\\Users\\Ireneirungu\\PycharmProjects\\RafikiChatbot\\chatbot\\urls.py'> (None:None) ''>, <URLPattern 'chat_history/' [name='chat_history']>], [<URLResolver <module 'chatbot.urls' from 'C:\\Users\\Ireneirungu\\PycharmProjects\\RafikiChatbot\\chatbot\\urls.py'> (None:None) ''>, <URLPattern 'get_csrf_token/' [name='get_csrf_token']>], [<URLResolver <module 'chatbot.urls' from 'C:\\Users\\Ireneirungu\\PycharmProjects\\RafikiChatbot\\chatbot\\urls.py'> (None:None) ''>, <URLPattern 'signup/' [name='register']>], [<URLResolver <module 'chatbot.urls' from 'C:\\Users\\Ireneirungu\\PycharmProjects\\RafikiChatbot\\chatbot\\urls.py'> (None:None) ''>, <URLPattern 'login/' [name='login']>]], 'path': 'favicon.ico'}

During handling of the above exception, another exception occurred:

Traceback (most recent call last):
  File "C:\Users\Ireneirungu\PycharmProjects\RafikiChatbot\venv\lib\site-packages\django\template\base.py", line 880, in _resolve_lookup
    current = current[bit]
TypeError: 'URLResolver' object is not subscriptable

During handling of the above exception, another exception occurred:

Traceback (most recent call last):
  File "C:\Users\Ireneirungu\PycharmProjects\RafikiChatbot\venv\lib\site-packages\django\template\base.py", line 890, in _resolve_lookup
    current = getattr(current, bit)
AttributeError: 'URLResolver' object has no attribute 'name'

During handling of the above exception, another exception occurred:

Traceback (most recent call last):
  File "C:\Users\Ireneirungu\PycharmProjects\RafikiChatbot\venv\lib\site-packages\django\template\base.py", line 896, in _resolve_lookup
    current = current[int(bit)]
ValueError: invalid literal for int() with base 10: 'name'

During handling of the above exception, another exception occurred:

Traceback (most recent call last):
  File "C:\Users\Ireneirungu\PycharmProjects\RafikiChatbot\venv\lib\site-packages\django\template\base.py", line 903, in _resolve_lookup
    raise VariableDoesNotExist(
django.template.base.VariableDoesNotExist: Failed lookup for key [name] in <URLResolver <URLPattern list> (admin:admin) 'admin/'>
Not Found: /manifest.json
Not Found: /favicon.ico
"GET /manifest.json HTTP/1.1" 404 3606
"GET /favicon.ico HTTP/1.1" 404 3600
"POST /login/ HTTP/1.1" 200 238
"GET /chat_history/?user_id=67a2957544ba85ddd7d42af5 HTTP/1.1" 200 35096
"OPTIONS /chatbot/ HTTP/1.1" 200 0
chat_id: None, user: AnonymousUser
Bad Request: /chatbot/
"POST /chatbot/ HTTP/1.1" 400 15
"GET / HTTP/1.1" 200 644
"GET /static/css/main.f87b11ef.css HTTP/1.1" 200 15769
"GET /static/js/main.74a11c4c.js HTTP/1.1" 200 276746
"GET /static/css/main.f87b11ef.css.map HTTP/1.1" 304 0
"GET /static/js/main.74a11c4c.js.map HTTP/1.1" 304 0
"GET /chat_history/?user_id=67a2957544ba85ddd7d42af5 HTTP/1.1" 200 35096
Exception while resolving variable 'name' in template 'unknown'.
Traceback (most recent call last):
  File "C:\Users\Ireneirungu\PycharmProjects\RafikiChatbot\venv\lib\site-packages\django\core\handlers\exception.py", line 55, in inner
    response = get_response(request)
  File "C:\Users\Ireneirungu\PycharmProjects\RafikiChatbot\venv\lib\site-packages\django\core\handlers\base.py", line 181, in _get_response
    callback, callback_args, callback_kwargs = self.resolve_request(request)
  File "C:\Users\Ireneirungu\PycharmProjects\RafikiChatbot\venv\lib\site-packages\django\core\handlers\base.py", line 313, in resolve_request
    resolver_match = resolver.resolve(request.path_info)
  File "C:\Users\Ireneirungu\PycharmProjects\RafikiChatbot\venv\lib\site-packages\django\urls\resolvers.py", line 702, in resolve
    raise Resolver404({"tried": tried, "path": new_path})
django.urls.exceptions.Resolver404: {'tried': [[<URLPattern 'api/token/' [name='token_obtain_pair']>], [<URLPattern 'api/token/refresh/' [name='token_refresh']>], [<URLResolver <URLPattern list> (admin:admin) 'admin/'>], [<URLResolver <module 'chatbot.urls' from 'C:\\Users\\Ireneirungu\\PycharmProjects\\RafikiChatbot\\chatbot\\urls.py'> (None:None) ''>, <URLPattern 'chatbot/' [name='chatbot']>], [<URLResolver <module 'chatbot.urls' from 'C:\\Users\\Ireneirungu\\PycharmProjects\\RafikiChatbot\\chatbot\\urls.py'> (None:None) ''>, <URLPattern 'save_history/' [name='save_record']>], [<URLResolver <module 'chatbot.urls' from 'C:\\Users\\Ireneirungu\\PycharmProjects\\RafikiChatbot\\chatbot\\urls.py'> (None:None) ''>, <URLPattern '' [name='index']>], [<URLResolver <module 'chatbot.urls' from 'C:\\Users\\Ireneirungu\\PycharmProjects\\RafikiChatbot\\chatbot\\urls.py'> (None:None) ''>, <URLPattern 'chat_history/' [name='chat_history']>], [<URLResolver <module 'chatbot.urls' from 'C:\\Users\\Ireneirungu\\PycharmProjects\\RafikiChatbot\\chatbot\\urls.py'> (None:None) ''>, <URLPattern 'get_csrf_token/' [name='get_csrf_token']>], [<URLResolver <module 'chatbot.urls' from 'C:\\Users\\Ireneirungu\\PycharmProjects\\RafikiChatbot\\chatbot\\urls.py'> (None:None) ''>, <URLPattern 'signup/' [name='register']>], [<URLResolver <module 'chatbot.urls' from 'C:\\Users\\Ireneirungu\\PycharmProjects\\RafikiChatbot\\chatbot\\urls.py'> (None:None) ''>, <URLPattern 'login/' [name='login']>]], 'path': 'manifest.json'}

During handling of the above exception, another exception occurred:

Traceback (most recent call last):
  File "C:\Users\Ireneirungu\PycharmProjects\RafikiChatbot\venv\lib\site-packages\django\template\base.py", line 880, in _resolve_lookup
    current = current[bit]
TypeError: 'URLResolver' object is not subscriptable

During handling of the above exception, another exception occurred:

Traceback (most recent call last):
  File "C:\Users\Ireneirungu\PycharmProjects\RafikiChatbot\venv\lib\site-packages\django\template\base.py", line 890, in _resolve_lookup
    current = getattr(current, bit)
AttributeError: 'URLResolver' object has no attribute 'name'

During handling of the above exception, another exception occurred:

Traceback (most recent call last):
  File "C:\Users\Ireneirungu\PycharmProjects\RafikiChatbot\venv\lib\site-packages\django\template\base.py", line 896, in _resolve_lookup
    current = current[int(bit)]
ValueError: invalid literal for int() with base 10: 'name'

During handling of the above exception, another exception occurred:

Traceback (most recent call last):
  File "C:\Users\Ireneirungu\PycharmProjects\RafikiChatbot\venv\lib\site-packages\django\template\base.py", line 903, in _resolve_lookup
    raise VariableDoesNotExist(
django.template.base.VariableDoesNotExist: Failed lookup for key [name] in <URLResolver <URLPattern list> (admin:admin) 'admin/'>
Exception while resolving variable 'name' in template 'unknown'.
Traceback (most recent call last):
  File "C:\Users\Ireneirungu\PycharmProjects\RafikiChatbot\venv\lib\site-packages\django\core\handlers\exception.py", line 55, in inner
    response = get_response(request)
  File "C:\Users\Ireneirungu\PycharmProjects\RafikiChatbot\venv\lib\site-packages\django\core\handlers\base.py", line 181, in _get_response
    callback, callback_args, callback_kwargs = self.resolve_request(request)
  File "C:\Users\Ireneirungu\PycharmProjects\RafikiChatbot\venv\lib\site-packages\django\core\handlers\base.py", line 313, in resolve_request
    resolver_match = resolver.resolve(request.path_info)
  File "C:\Users\Ireneirungu\PycharmProjects\RafikiChatbot\venv\lib\site-packages\django\urls\resolvers.py", line 702, in resolve
    raise Resolver404({"tried": tried, "path": new_path})
django.urls.exceptions.Resolver404: {'tried': [[<URLPattern 'api/token/' [name='token_obtain_pair']>], [<URLPattern 'api/token/refresh/' [name='token_refresh']>], [<URLResolver <URLPattern list> (admin:admin) 'admin/'>], [<URLResolver <module 'chatbot.urls' from 'C:\\Users\\Ireneirungu\\PycharmProjects\\RafikiChatbot\\chatbot\\urls.py'> (None:None) ''>, <URLPattern 'chatbot/' [name='chatbot']>], [<URLResolver <module 'chatbot.urls' from 'C:\\Users\\Ireneirungu\\PycharmProjects\\RafikiChatbot\\chatbot\\urls.py'> (None:None) ''>, <URLPattern 'save_history/' [name='save_record']>], [<URLResolver <module 'chatbot.urls' from 'C:\\Users\\Ireneirungu\\PycharmProjects\\RafikiChatbot\\chatbot\\urls.py'> (None:None) ''>, <URLPattern '' [name='index']>], [<URLResolver <module 'chatbot.urls' from 'C:\\Users\\Ireneirungu\\PycharmProjects\\RafikiChatbot\\chatbot\\urls.py'> (None:None) ''>, <URLPattern 'chat_history/' [name='chat_history']>], [<URLResolver <module 'chatbot.urls' from 'C:\\Users\\Ireneirungu\\PycharmProjects\\RafikiChatbot\\chatbot\\urls.py'> (None:None) ''>, <URLPattern 'get_csrf_token/' [name='get_csrf_token']>], [<URLResolver <module 'chatbot.urls' from 'C:\\Users\\Ireneirungu\\PycharmProjects\\RafikiChatbot\\chatbot\\urls.py'> (None:None) ''>, <URLPattern 'signup/' [name='register']>], [<URLResolver <module 'chatbot.urls' from 'C:\\Users\\Ireneirungu\\PycharmProjects\\RafikiChatbot\\chatbot\\urls.py'> (None:None) ''>, <URLPattern 'login/' [name='login']>]], 'path': 'favicon.ico'}

During handling of the above exception, another exception occurred:

Traceback (most recent call last):
  File "C:\Users\Ireneirungu\PycharmProjects\RafikiChatbot\venv\lib\site-packages\django\template\base.py", line 880, in _resolve_lookup
    current = current[bit]
TypeError: 'URLResolver' object is not subscriptable

During handling of the above exception, another exception occurred:

Traceback (most recent call last):
  File "C:\Users\Ireneirungu\PycharmProjects\RafikiChatbot\venv\lib\site-packages\django\template\base.py", line 890, in _resolve_lookup
    current = getattr(current, bit)
AttributeError: 'URLResolver' object has no attribute 'name'

During handling of the above exception, another exception occurred:

Traceback (most recent call last):
  File "C:\Users\Ireneirungu\PycharmProjects\RafikiChatbot\venv\lib\site-packages\django\template\base.py", line 896, in _resolve_lookup
    current = current[int(bit)]
ValueError: invalid literal for int() with base 10: 'name'

During handling of the above exception, another exception occurred:

Traceback (most recent call last):
  File "C:\Users\Ireneirungu\PycharmProjects\RafikiChatbot\venv\lib\site-packages\django\template\base.py", line 903, in _resolve_lookup
    raise VariableDoesNotExist(
django.template.base.VariableDoesNotExist: Failed lookup for key [name] in <URLResolver <URLPattern list> (admin:admin) 'admin/'>
Not Found: /manifest.json
Not Found: /favicon.ico
"GET /manifest.json HTTP/1.1" 404 3606
"GET /favicon.ico HTTP/1.1" 404 3600
"GET / HTTP/1.1" 200 644
"GET /chat_history/?user_id=67a2957544ba85ddd7d42af5 HTTP/1.1" 200 35096
Exception while resolving variable 'name' in template 'unknown'.
Traceback (most recent call last):
  File "C:\Users\Ireneirungu\PycharmProjects\RafikiChatbot\venv\lib\site-packages\django\core\handlers\exception.py", line 55, in inner
    response = get_response(request)
  File "C:\Users\Ireneirungu\PycharmProjects\RafikiChatbot\venv\lib\site-packages\django\core\handlers\base.py", line 181, in _get_response
    callback, callback_args, callback_kwargs = self.resolve_request(request)
  File "C:\Users\Ireneirungu\PycharmProjects\RafikiChatbot\venv\lib\site-packages\django\core\handlers\base.py", line 313, in resolve_request
    resolver_match = resolver.resolve(request.path_info)
  File "C:\Users\Ireneirungu\PycharmProjects\RafikiChatbot\venv\lib\site-packages\django\urls\resolvers.py", line 702, in resolve
    raise Resolver404({"tried": tried, "path": new_path})
django.urls.exceptions.Resolver404: {'tried': [[<URLPattern 'api/token/' [name='token_obtain_pair']>], [<URLPattern 'api/token/refresh/' [name='token_refresh']>], [<URLResolver <URLPattern list> (admin:admin) 'admin/'>], [<URLResolver <module 'chatbot.urls' from 'C:\\Users\\Ireneirungu\\PycharmProjects\\RafikiChatbot\\chatbot\\urls.py'> (None:None) ''>, <URLPattern 'chatbot/' [name='chatbot']>], [<URLResolver <module 'chatbot.urls' from 'C:\\Users\\Ireneirungu\\PycharmProjects\\RafikiChatbot\\chatbot\\urls.py'> (None:None) ''>, <URLPattern 'save_history/' [name='save_record']>], [<URLResolver <module 'chatbot.urls' from 'C:\\Users\\Ireneirungu\\PycharmProjects\\RafikiChatbot\\chatbot\\urls.py'> (None:None) ''>, <URLPattern '' [name='index']>], [<URLResolver <module 'chatbot.urls' from 'C:\\Users\\Ireneirungu\\PycharmProjects\\RafikiChatbot\\chatbot\\urls.py'> (None:None) ''>, <URLPattern 'chat_history/' [name='chat_history']>], [<URLResolver <module 'chatbot.urls' from 'C:\\Users\\Ireneirungu\\PycharmProjects\\RafikiChatbot\\chatbot\\urls.py'> (None:None) ''>, <URLPattern 'get_csrf_token/' [name='get_csrf_token']>], [<URLResolver <module 'chatbot.urls' from 'C:\\Users\\Ireneirungu\\PycharmProjects\\RafikiChatbot\\chatbot\\urls.py'> (None:None) ''>, <URLPattern 'signup/' [name='register']>], [<URLResolver <module 'chatbot.urls' from 'C:\\Users\\Ireneirungu\\PycharmProjects\\RafikiChatbot\\chatbot\\urls.py'> (None:None) ''>, <URLPattern 'login/' [name='login']>]], 'path': 'manifest.json'}

During handling of the above exception, another exception occurred:

Traceback (most recent call last):
  File "C:\Users\Ireneirungu\PycharmProjects\RafikiChatbot\venv\lib\site-packages\django\template\base.py", line 880, in _resolve_lookup
    current = current[bit]
TypeError: 'URLResolver' object is not subscriptable

During handling of the above exception, another exception occurred:

Traceback (most recent call last):
  File "C:\Users\Ireneirungu\PycharmProjects\RafikiChatbot\venv\lib\site-packages\django\template\base.py", line 890, in _resolve_lookup
    current = getattr(current, bit)
AttributeError: 'URLResolver' object has no attribute 'name'

During handling of the above exception, another exception occurred:

Traceback (most recent call last):
  File "C:\Users\Ireneirungu\PycharmProjects\RafikiChatbot\venv\lib\site-packages\django\template\base.py", line 896, in _resolve_lookup
    current = current[int(bit)]
ValueError: invalid literal for int() with base 10: 'name'

During handling of the above exception, another exception occurred:

Traceback (most recent call last):
  File "C:\Users\Ireneirungu\PycharmProjects\RafikiChatbot\venv\lib\site-packages\django\template\base.py", line 903, in _resolve_lookup
    raise VariableDoesNotExist(
django.template.base.VariableDoesNotExist: Failed lookup for key [name] in <URLResolver <URLPattern list> (admin:admin) 'admin/'>
Not Found: /manifest.json
"GET /manifest.json HTTP/1.1" 404 3606
chat_id: None, user: AnonymousUser
Bad Request: /chatbot/
"POST /chatbot/ HTTP/1.1" 400 15
File C:\Users\Ireneirungu\PycharmProjects\RafikiChatbot\static\build\asset-manifest.json previous mtime: 1742637287.1776295, current mtime: 1742637431.7101538
C:\Users\Ireneirungu\PycharmProjects\RafikiChatbot\static\build\asset-manifest.json notified as changed. Signal results: [(<function template_changed at 0x000002318A2C5820>, True), (<function translation_file_changed at 0x000002318B03A310>, None)].
File C:\Users\Ireneirungu\PycharmProjects\RafikiChatbot\static\build\index.html previous mtime: 1742637287.1776295, current mtime: 1742637431.7091546
C:\Users\Ireneirungu\PycharmProjects\RafikiChatbot\static\build\index.html notified as changed. Signal results: [(<function template_changed at 0x000002318A2C5820>, True), (<function translation_file_changed at 0x000002318B03A310>, None)].
File C:\Users\Ireneirungu\PycharmProjects\RafikiChatbot\static\build\static previous mtime: 1742637287.1776295, current mtime: 1742637431.7101538
C:\Users\Ireneirungu\PycharmProjects\RafikiChatbot\static\build\static notified as changed. Signal results: [(<function template_changed at 0x000002318A2C5820>, True), (<function translation_file_changed at 0x000002318B03A310>, None)].
File C:\Users\Ireneirungu\PycharmProjects\RafikiChatbot\static\build\static\css previous mtime: 1742637287.1801853, current mtime: 1742637431.7121532
C:\Users\Ireneirungu\PycharmProjects\RafikiChatbot\static\build\static\css notified as changed. Signal results: [(<function template_changed at 0x000002318A2C5820>, True), (<function translation_file_changed at 0x000002318B03A310>, None)].
File C:\Users\Ireneirungu\PycharmProjects\RafikiChatbot\static\build\static\js previous mtime: 1742637287.1861434, current mtime: 1742637431.720153
C:\Users\Ireneirungu\PycharmProjects\RafikiChatbot\static\build\static\js notified as changed. Signal results: [(<function template_changed at 0x000002318A2C5820>, True), (<function translation_file_changed at 0x000002318B03A310>, None)].
File C:\Users\Ireneirungu\PycharmProjects\RafikiChatbot\static\build\static\css\main.f87b11ef.css previous mtime: 1742637287.1851387, current mtime: 1742637431.7191546
C:\Users\Ireneirungu\PycharmProjects\RafikiChatbot\static\build\static\css\main.f87b11ef.css notified as changed. Signal results: [(<function template_changed at 0x000002318A2C5820>, True), (<function translation_file_changed at 0x000002318B03A310>, None)].
File C:\Users\Ireneirungu\PycharmProjects\RafikiChatbot\static\build\static\css\main.f87b11ef.css.map previous mtime: 1742637287.1851387, current mtime: 1742637431.7191546
C:\Users\Ireneirungu\PycharmProjects\RafikiChatbot\static\build\static\css\main.f87b11ef.css.map notified as changed. Signal results: [(<function template_changed at 0x000002318A2C5820>, True), (<function translation_file_changed at 0x000002318B03A310>, None)].
File C:\Users\Ireneirungu\PycharmProjects\RafikiChatbot\static\build\static\js\488.dfa393e0.chunk.js previous mtime: 1742637287.1851387, current mtime: 1742637431.720153
C:\Users\Ireneirungu\PycharmProjects\RafikiChatbot\static\build\static\js\488.dfa393e0.chunk.js notified as changed. Signal results: [(<function template_changed at 0x000002318A2C5820>, True), (<function translation_file_changed at 0x000002318B03A310>, None)].
File C:\Users\Ireneirungu\PycharmProjects\RafikiChatbot\static\build\static\js\488.dfa393e0.chunk.js.map previous mtime: 1742637287.1861434, current mtime: 1742637431.720153
C:\Users\Ireneirungu\PycharmProjects\RafikiChatbot\static\build\static\js\488.dfa393e0.chunk.js.map notified as changed. Signal results: [(<function template_changed at 0x000002318A2C5820>, True), (<function translation_file_changed at 0x000002318B03A310>, None)].
File C:\Users\Ireneirungu\PycharmProjects\RafikiChatbot\static\build\static\js\main.74a11c4c.js previous mtime: 1742637287.1801853, current mtime: 1742637431.7121532
C:\Users\Ireneirungu\PycharmProjects\RafikiChatbot\static\build\static\js\main.74a11c4c.js notified as changed. Signal results: [(<function template_changed at 0x000002318A2C5820>, True), (<function translation_file_changed at 0x000002318B03A310>, None)].
File C:\Users\Ireneirungu\PycharmProjects\RafikiChatbot\static\build\static\js\main.74a11c4c.js.LICENSE.txt previous mtime: 1742637287.1851387, current mtime: 1742637431.7191546
C:\Users\Ireneirungu\PycharmProjects\RafikiChatbot\static\build\static\js\main.74a11c4c.js.LICENSE.txt notified as changed. Signal results: [(<function template_changed at 0x000002318A2C5820>, True), (<function translation_file_changed at 0x000002318B03A310>, None)].
File C:\Users\Ireneirungu\PycharmProjects\RafikiChatbot\static\build\static\js\main.74a11c4c.js.map previous mtime: 1742637287.1861434, current mtime: 1742637431.7211535
C:\Users\Ireneirungu\PycharmProjects\RafikiChatbot\static\build\static\js\main.74a11c4c.js.map notified as changed. Signal results: [(<function template_changed at 0x000002318A2C5820>, True), (<function translation_file_changed at 0x000002318B03A310>, None)].
"GET / HTTP/1.1" 200 644
"GET /static/js/main.74a11c4c.js HTTP/1.1" 200 276746
"GET /static/css/main.f87b11ef.css HTTP/1.1" 200 15769
"GET /chat_history/?user_id=67a2957544ba85ddd7d42af5 HTTP/1.1" 200 35096
Exception while resolving variable 'name' in template 'unknown'.
Traceback (most recent call last):
  File "C:\Users\Ireneirungu\PycharmProjects\RafikiChatbot\venv\lib\site-packages\django\core\handlers\exception.py", line 55, in inner
    response = get_response(request)
  File "C:\Users\Ireneirungu\PycharmProjects\RafikiChatbot\venv\lib\site-packages\django\core\handlers\base.py", line 181, in _get_response
    callback, callback_args, callback_kwargs = self.resolve_request(request)
  File "C:\Users\Ireneirungu\PycharmProjects\RafikiChatbot\venv\lib\site-packages\django\core\handlers\base.py", line 313, in resolve_request
    resolver_match = resolver.resolve(request.path_info)
  File "C:\Users\Ireneirungu\PycharmProjects\RafikiChatbot\venv\lib\site-packages\django\urls\resolvers.py", line 702, in resolve
    raise Resolver404({"tried": tried, "path": new_path})
django.urls.exceptions.Resolver404: {'tried': [[<URLPattern 'api/token/' [name='token_obtain_pair']>], [<URLPattern 'api/token/refresh/' [name='token_refresh']>], [<URLResolver <URLPattern list> (admin:admin) 'admin/'>], [<URLResolver <module 'chatbot.urls' from 'C:\\Users\\Ireneirungu\\PycharmProjects\\RafikiChatbot\\chatbot\\urls.py'> (None:None) ''>, <URLPattern 'chatbot/' [name='chatbot']>], [<URLResolver <module 'chatbot.urls' from 'C:\\Users\\Ireneirungu\\PycharmProjects\\RafikiChatbot\\chatbot\\urls.py'> (None:None) ''>, <URLPattern 'save_history/' [name='save_record']>], [<URLResolver <module 'chatbot.urls' from 'C:\\Users\\Ireneirungu\\PycharmProjects\\RafikiChatbot\\chatbot\\urls.py'> (None:None) ''>, <URLPattern '' [name='index']>], [<URLResolver <module 'chatbot.urls' from 'C:\\Users\\Ireneirungu\\PycharmProjects\\RafikiChatbot\\chatbot\\urls.py'> (None:None) ''>, <URLPattern 'chat_history/' [name='chat_history']>], [<URLResolver <module 'chatbot.urls' from 'C:\\Users\\Ireneirungu\\PycharmProjects\\RafikiChatbot\\chatbot\\urls.py'> (None:None) ''>, <URLPattern 'get_csrf_token/' [name='get_csrf_token']>], [<URLResolver <module 'chatbot.urls' from 'C:\\Users\\Ireneirungu\\PycharmProjects\\RafikiChatbot\\chatbot\\urls.py'> (None:None) ''>, <URLPattern 'signup/' [name='register']>], [<URLResolver <module 'chatbot.urls' from 'C:\\Users\\Ireneirungu\\PycharmProjects\\RafikiChatbot\\chatbot\\urls.py'> (None:None) ''>, <URLPattern 'login/' [name='login']>]], 'path': 'favicon.ico'}

During handling of the above exception, another exception occurred:

Traceback (most recent call last):
  File "C:\Users\Ireneirungu\PycharmProjects\RafikiChatbot\venv\lib\site-packages\django\template\base.py", line 880, in _resolve_lookup
    current = current[bit]
TypeError: 'URLResolver' object is not subscriptable

During handling of the above exception, another exception occurred:

Traceback (most recent call last):
  File "C:\Users\Ireneirungu\PycharmProjects\RafikiChatbot\venv\lib\site-packages\django\template\base.py", line 890, in _resolve_lookup
    current = getattr(current, bit)
AttributeError: 'URLResolver' object has no attribute 'name'

During handling of the above exception, another exception occurred:

Traceback (most recent call last):
  File "C:\Users\Ireneirungu\PycharmProjects\RafikiChatbot\venv\lib\site-packages\django\template\base.py", line 896, in _resolve_lookup
    current = current[int(bit)]
ValueError: invalid literal for int() with base 10: 'name'

During handling of the above exception, another exception occurred:

Traceback (most recent call last):
  File "C:\Users\Ireneirungu\PycharmProjects\RafikiChatbot\venv\lib\site-packages\django\template\base.py", line 903, in _resolve_lookup
    raise VariableDoesNotExist(
django.template.base.VariableDoesNotExist: Failed lookup for key [name] in <URLResolver <URLPattern list> (admin:admin) 'admin/'>
Not Found: /favicon.ico
"GET /favicon.ico HTTP/1.1" 404 3600
Exception while resolving variable 'name' in template 'unknown'.
Traceback (most recent call last):
  File "C:\Users\Ireneirungu\PycharmProjects\RafikiChatbot\venv\lib\site-packages\django\core\handlers\exception.py", line 55, in inner
    response = get_response(request)
  File "C:\Users\Ireneirungu\PycharmProjects\RafikiChatbot\venv\lib\site-packages\django\core\handlers\base.py", line 181, in _get_response
    callback, callback_args, callback_kwargs = self.resolve_request(request)
  File "C:\Users\Ireneirungu\PycharmProjects\RafikiChatbot\venv\lib\site-packages\django\core\handlers\base.py", line 313, in resolve_request
    resolver_match = resolver.resolve(request.path_info)
  File "C:\Users\Ireneirungu\PycharmProjects\RafikiChatbot\venv\lib\site-packages\django\urls\resolvers.py", line 702, in resolve
    raise Resolver404({"tried": tried, "path": new_path})
django.urls.exceptions.Resolver404: {'tried': [[<URLPattern 'api/token/' [name='token_obtain_pair']>], [<URLPattern 'api/token/refresh/' [name='token_refresh']>], [<URLResolver <URLPattern list> (admin:admin) 'admin/'>], [<URLResolver <module 'chatbot.urls' from 'C:\\Users\\Ireneirungu\\PycharmProjects\\RafikiChatbot\\chatbot\\urls.py'> (None:None) ''>, <URLPattern 'chatbot/' [name='chatbot']>], [<URLResolver <module 'chatbot.urls' from 'C:\\Users\\Ireneirungu\\PycharmProjects\\RafikiChatbot\\chatbot\\urls.py'> (None:None) ''>, <URLPattern 'save_history/' [name='save_record']>], [<URLResolver <module 'chatbot.urls' from 'C:\\Users\\Ireneirungu\\PycharmProjects\\RafikiChatbot\\chatbot\\urls.py'> (None:None) ''>, <URLPattern '' [name='index']>], [<URLResolver <module 'chatbot.urls' from 'C:\\Users\\Ireneirungu\\PycharmProjects\\RafikiChatbot\\chatbot\\urls.py'> (None:None) ''>, <URLPattern 'chat_history/' [name='chat_history']>], [<URLResolver <module 'chatbot.urls' from 'C:\\Users\\Ireneirungu\\PycharmProjects\\RafikiChatbot\\chatbot\\urls.py'> (None:None) ''>, <URLPattern 'get_csrf_token/' [name='get_csrf_token']>], [<URLResolver <module 'chatbot.urls' from 'C:\\Users\\Ireneirungu\\PycharmProjects\\RafikiChatbot\\chatbot\\urls.py'> (None:None) ''>, <URLPattern 'signup/' [name='register']>], [<URLResolver <module 'chatbot.urls' from 'C:\\Users\\Ireneirungu\\PycharmProjects\\RafikiChatbot\\chatbot\\urls.py'> (None:None) ''>, <URLPattern 'login/' [name='login']>]], 'path': 'manifest.json'}

During handling of the above exception, another exception occurred:

Traceback (most recent call last):
  File "C:\Users\Ireneirungu\PycharmProjects\RafikiChatbot\venv\lib\site-packages\django\template\base.py", line 880, in _resolve_lookup
    current = current[bit]
TypeError: 'URLResolver' object is not subscriptable

During handling of the above exception, another exception occurred:

Traceback (most recent call last):
  File "C:\Users\Ireneirungu\PycharmProjects\RafikiChatbot\venv\lib\site-packages\django\template\base.py", line 890, in _resolve_lookup
    current = getattr(current, bit)
AttributeError: 'URLResolver' object has no attribute 'name'

During handling of the above exception, another exception occurred:

Traceback (most recent call last):
  File "C:\Users\Ireneirungu\PycharmProjects\RafikiChatbot\venv\lib\site-packages\django\template\base.py", line 896, in _resolve_lookup
    current = current[int(bit)]
ValueError: invalid literal for int() with base 10: 'name'

During handling of the above exception, another exception occurred:

Traceback (most recent call last):
  File "C:\Users\Ireneirungu\PycharmProjects\RafikiChatbot\venv\lib\site-packages\django\template\base.py", line 903, in _resolve_lookup
    raise VariableDoesNotExist(
django.template.base.VariableDoesNotExist: Failed lookup for key [name] in <URLResolver <URLPattern list> (admin:admin) 'admin/'>
Not Found: /manifest.json
"GET /manifest.json HTTP/1.1" 404 3606
"POST /login/ HTTP/1.1" 200 238
"GET /chat_history/?user_id=67a2957544ba85ddd7d42af5 HTTP/1.1" 200 35096
chat_id: None, user: AnonymousUser
Bad Request: /chatbot/
"POST /chatbot/ HTTP/1.1" 400 15
chat_id: None, user: AnonymousUser
Bad Request: /chatbot/
"POST /chatbot/ HTTP/1.1" 400 15
"GET /static/css/main.f87b11ef.css HTTP/1.1" 304 0
Exception while resolving variable 'name' in template 'unknown'.
Traceback (most recent call last):
  File "C:\Users\Ireneirungu\PycharmProjects\RafikiChatbot\venv\lib\site-packages\django\core\handlers\exception.py", line 55, in inner
    response = get_response(request)
  File "C:\Users\Ireneirungu\PycharmProjects\RafikiChatbot\venv\lib\site-packages\django\core\handlers\base.py", line 181, in _get_response
    callback, callback_args, callback_kwargs = self.resolve_request(request)
  File "C:\Users\Ireneirungu\PycharmProjects\RafikiChatbot\venv\lib\site-packages\django\core\handlers\base.py", line 313, in resolve_request
    resolver_match = resolver.resolve(request.path_info)
  File "C:\Users\Ireneirungu\PycharmProjects\RafikiChatbot\venv\lib\site-packages\django\urls\resolvers.py", line 702, in resolve
    raise Resolver404({"tried": tried, "path": new_path})
django.urls.exceptions.Resolver404: {'tried': [[<URLPattern 'api/token/' [name='token_obtain_pair']>], [<URLPattern 'api/token/refresh/' [name='token_refresh']>], [<URLResolver <URLPattern list> (admin:admin) 'admin/'>], [<URLResolver <module 'chatbot.urls' from 'C:\\Users\\Ireneirungu\\PycharmProjects\\RafikiChatbot\\chatbot\\urls.py'> (None:None) ''>, <URLPattern 'chatbot/' [name='chatbot']>], [<URLResolver <module 'chatbot.urls' from 'C:\\Users\\Ireneirungu\\PycharmProjects\\RafikiChatbot\\chatbot\\urls.py'> (None:None) ''>, <URLPattern 'save_history/' [name='save_record']>], [<URLResolver <module 'chatbot.urls' from 'C:\\Users\\Ireneirungu\\PycharmProjects\\RafikiChatbot\\chatbot\\urls.py'> (None:None) ''>, <URLPattern '' [name='index']>], [<URLResolver <module 'chatbot.urls' from 'C:\\Users\\Ireneirungu\\PycharmProjects\\RafikiChatbot\\chatbot\\urls.py'> (None:None) ''>, <URLPattern 'chat_history/' [name='chat_history']>], [<URLResolver <module 'chatbot.urls' from 'C:\\Users\\Ireneirungu\\PycharmProjects\\RafikiChatbot\\chatbot\\urls.py'> (None:None) ''>, <URLPattern 'get_csrf_token/' [name='get_csrf_token']>], [<URLResolver <module 'chatbot.urls' from 'C:\\Users\\Ireneirungu\\PycharmProjects\\RafikiChatbot\\chatbot\\urls.py'> (None:None) ''>, <URLPattern 'signup/' [name='register']>], [<URLResolver <module 'chatbot.urls' from 'C:\\Users\\Ireneirungu\\PycharmProjects\\RafikiChatbot\\chatbot\\urls.py'> (None:None) ''>, <URLPattern 'login/' [name='login']>]], 'path': 'manifest.json'}

During handling of the above exception, another exception occurred:

Traceback (most recent call last):
  File "C:\Users\Ireneirungu\PycharmProjects\RafikiChatbot\venv\lib\site-packages\django\template\base.py", line 880, in _resolve_lookup
    current = current[bit]
TypeError: 'URLResolver' object is not subscriptable

During handling of the above exception, another exception occurred:

Traceback (most recent call last):
  File "C:\Users\Ireneirungu\PycharmProjects\RafikiChatbot\venv\lib\site-packages\django\template\base.py", line 890, in _resolve_lookup
    current = getattr(current, bit)
AttributeError: 'URLResolver' object has no attribute 'name'

During handling of the above exception, another exception occurred:

Traceback (most recent call last):
  File "C:\Users\Ireneirungu\PycharmProjects\RafikiChatbot\venv\lib\site-packages\django\template\base.py", line 896, in _resolve_lookup
    current = current[int(bit)]
ValueError: invalid literal for int() with base 10: 'name'

During handling of the above exception, another exception occurred:

Traceback (most recent call last):
  File "C:\Users\Ireneirungu\PycharmProjects\RafikiChatbot\venv\lib\site-packages\django\template\base.py", line 903, in _resolve_lookup
    raise VariableDoesNotExist(
django.template.base.VariableDoesNotExist: Failed lookup for key [name] in <URLResolver <URLPattern list> (admin:admin) 'admin/'>
Not Found: /manifest.json
"GET /manifest.json HTTP/1.1" 404 3606
"GET /static/css/main.f87b11ef.css.map HTTP/1.1" 200 5545
"GET /static/js/main.74a11c4c.js.map HTTP/1.1" 200 2454104
File C:\Users\Ireneirungu\PycharmProjects\RafikiChatbot\static\build\asset-manifest.json previous mtime: 1742637431.7101538, current mtime: 1742637550.910342
C:\Users\Ireneirungu\PycharmProjects\RafikiChatbot\static\build\asset-manifest.json notified as changed. Signal results: [(<function template_changed at 0x000002318A2C5820>, True), (<function translation_file_changed at 0x000002318B03A310>, None)].
File C:\Users\Ireneirungu\PycharmProjects\RafikiChatbot\static\build\index.html previous mtime: 1742637431.7091546, current mtime: 1742637550.9093401
C:\Users\Ireneirungu\PycharmProjects\RafikiChatbot\static\build\index.html notified as changed. Signal results: [(<function template_changed at 0x000002318A2C5820>, True), (<function translation_file_changed at 0x000002318B03A310>, None)].
File C:\Users\Ireneirungu\PycharmProjects\RafikiChatbot\static\build\static previous mtime: 1742637431.7101538, current mtime: 1742637550.910342
C:\Users\Ireneirungu\PycharmProjects\RafikiChatbot\static\build\static notified as changed. Signal results: [(<function template_changed at 0x000002318A2C5820>, True), (<function translation_file_changed at 0x000002318B03A310>, None)].
File C:\Users\Ireneirungu\PycharmProjects\RafikiChatbot\static\build\static\css previous mtime: 1742637431.7121532, current mtime: 1742637550.9128337
C:\Users\Ireneirungu\PycharmProjects\RafikiChatbot\static\build\static\css notified as changed. Signal results: [(<function template_changed at 0x000002318A2C5820>, True), (<function translation_file_changed at 0x000002318B03A310>, None)].
File C:\Users\Ireneirungu\PycharmProjects\RafikiChatbot\static\build\static\js previous mtime: 1742637431.720153, current mtime: 1742637550.9168508
C:\Users\Ireneirungu\PycharmProjects\RafikiChatbot\static\build\static\js notified as changed. Signal results: [(<function template_changed at 0x000002318A2C5820>, True), (<function translation_file_changed at 0x000002318B03A310>, None)].
File C:\Users\Ireneirungu\PycharmProjects\RafikiChatbot\static\build\static\css\main.f87b11ef.css previous mtime: 1742637431.7191546, current mtime: 1742637550.9168508
C:\Users\Ireneirungu\PycharmProjects\RafikiChatbot\static\build\static\css\main.f87b11ef.css notified as changed. Signal results: [(<function template_changed at 0x000002318A2C5820>, True), (<function translation_file_changed at 0x000002318B03A310>, None)].
File C:\Users\Ireneirungu\PycharmProjects\RafikiChatbot\static\build\static\css\main.f87b11ef.css.map previous mtime: 1742637431.7191546, current mtime: 1742637550.9168508
C:\Users\Ireneirungu\PycharmProjects\RafikiChatbot\static\build\static\css\main.f87b11ef.css.map notified as changed. Signal results: [(<function template_changed at 0x000002318A2C5820>, True), (<function translation_file_changed at 0x000002318B03A310>, None)].
File C:\Users\Ireneirungu\PycharmProjects\RafikiChatbot\static\build\static\js\488.dfa393e0.chunk.js previous mtime: 1742637431.720153, current mtime: 1742637550.9168508
C:\Users\Ireneirungu\PycharmProjects\RafikiChatbot\static\build\static\js\488.dfa393e0.chunk.js notified as changed. Signal results: [(<function template_changed at 0x000002318A2C5820>, True), (<function translation_file_changed at 0x000002318B03A310>, None)].
File C:\Users\Ireneirungu\PycharmProjects\RafikiChatbot\static\build\static\js\488.dfa393e0.chunk.js.map previous mtime: 1742637431.720153, current mtime: 1742637550.917842
C:\Users\Ireneirungu\PycharmProjects\RafikiChatbot\static\build\static\js\488.dfa393e0.chunk.js.map notified as changed. Signal results: [(<function template_changed at 0x000002318A2C5820>, True), (<function translation_file_changed at 0x000002318B03A310>, None)].
File C:\Users\Ireneirungu\PycharmProjects\RafikiChatbot\static\build\static\js\main.74a11c4c.js previous mtime: 1742637431.7121532, current mtime: 1742637550.9168508
C:\Users\Ireneirungu\PycharmProjects\RafikiChatbot\static\build\static\js\main.74a11c4c.js notified as changed. Signal results: [(<function template_changed at 0x000002318A2C5820>, True), (<function translation_file_changed at 0x000002318B03A310>, None)].
File C:\Users\Ireneirungu\PycharmProjects\RafikiChatbot\static\build\static\js\main.74a11c4c.js.LICENSE.txt previous mtime: 1742637431.7191546, current mtime: 1742637550.9168508
C:\Users\Ireneirungu\PycharmProjects\RafikiChatbot\static\build\static\js\main.74a11c4c.js.LICENSE.txt notified as changed. Signal results: [(<function template_changed at 0x000002318A2C5820>, True), (<function translation_file_changed at 0x000002318B03A310>, None)].
File C:\Users\Ireneirungu\PycharmProjects\RafikiChatbot\static\build\static\js\main.74a11c4c.js.map previous mtime: 1742637431.7211535, current mtime: 1742637550.9188673
C:\Users\Ireneirungu\PycharmProjects\RafikiChatbot\static\build\static\js\main.74a11c4c.js.map notified as changed. Signal results: [(<function template_changed at 0x000002318A2C5820>, True), (<function translation_file_changed at 0x000002318B03A310>, None)].
"GET / HTTP/1.1" 200 644
"GET /static/css/main.f87b11ef.css HTTP/1.1" 200 15769
"GET /static/js/main.74a11c4c.js HTTP/1.1" 200 276746
"GET /static/css/main.f87b11ef.css.map HTTP/1.1" 200 5545
"GET /static/js/main.74a11c4c.js.map HTTP/1.1" 200 2454104
Exception while resolving variable 'name' in template 'unknown'.
Traceback (most recent call last):
  File "C:\Users\Ireneirungu\PycharmProjects\RafikiChatbot\venv\lib\site-packages\django\core\handlers\exception.py", line 55, in inner
    response = get_response(request)
  File "C:\Users\Ireneirungu\PycharmProjects\RafikiChatbot\venv\lib\site-packages\django\core\handlers\base.py", line 181, in _get_response
    callback, callback_args, callback_kwargs = self.resolve_request(request)
  File "C:\Users\Ireneirungu\PycharmProjects\RafikiChatbot\venv\lib\site-packages\django\core\handlers\base.py", line 313, in resolve_request
    resolver_match = resolver.resolve(request.path_info)
  File "C:\Users\Ireneirungu\PycharmProjects\RafikiChatbot\venv\lib\site-packages\django\urls\resolvers.py", line 702, in resolve
    raise Resolver404({"tried": tried, "path": new_path})
django.urls.exceptions.Resolver404: {'tried': [[<URLPattern 'api/token/' [name='token_obtain_pair']>], [<URLPattern 'api/token/refresh/' [name='token_refresh']>], [<URLResolver <URLPattern list> (admin:admin) 'admin/'>], [<URLResolver <module 'chatbot.urls' from 'C:\\Users\\Ireneirungu\\PycharmProjects\\RafikiChatbot\\chatbot\\urls.py'> (None:None) ''>, <URLPattern 'chatbot/' [name='chatbot']>], [<URLResolver <module 'chatbot.urls' from 'C:\\Users\\Ireneirungu\\PycharmProjects\\RafikiChatbot\\chatbot\\urls.py'> (None:None) ''>, <URLPattern 'save_history/' [name='save_record']>], [<URLResolver <module 'chatbot.urls' from 'C:\\Users\\Ireneirungu\\PycharmProjects\\RafikiChatbot\\chatbot\\urls.py'> (None:None) ''>, <URLPattern '' [name='index']>], [<URLResolver <module 'chatbot.urls' from 'C:\\Users\\Ireneirungu\\PycharmProjects\\RafikiChatbot\\chatbot\\urls.py'> (None:None) ''>, <URLPattern 'chat_history/' [name='chat_history']>], [<URLResolver <module 'chatbot.urls' from 'C:\\Users\\Ireneirungu\\PycharmProjects\\RafikiChatbot\\chatbot\\urls.py'> (None:None) ''>, <URLPattern 'get_csrf_token/' [name='get_csrf_token']>], [<URLResolver <module 'chatbot.urls' from 'C:\\Users\\Ireneirungu\\PycharmProjects\\RafikiChatbot\\chatbot\\urls.py'> (None:None) ''>, <URLPattern 'signup/' [name='register']>], [<URLResolver <module 'chatbot.urls' from 'C:\\Users\\Ireneirungu\\PycharmProjects\\RafikiChatbot\\chatbot\\urls.py'> (None:None) ''>, <URLPattern 'login/' [name='login']>]], 'path': 'manifest.json'}

During handling of the above exception, another exception occurred:

Traceback (most recent call last):
  File "C:\Users\Ireneirungu\PycharmProjects\RafikiChatbot\venv\lib\site-packages\django\template\base.py", line 880, in _resolve_lookup
    current = current[bit]
TypeError: 'URLResolver' object is not subscriptable

During handling of the above exception, another exception occurred:

Traceback (most recent call last):
  File "C:\Users\Ireneirungu\PycharmProjects\RafikiChatbot\venv\lib\site-packages\django\template\base.py", line 890, in _resolve_lookup
    current = getattr(current, bit)
AttributeError: 'URLResolver' object has no attribute 'name'

During handling of the above exception, another exception occurred:

Traceback (most recent call last):
  File "C:\Users\Ireneirungu\PycharmProjects\RafikiChatbot\venv\lib\site-packages\django\template\base.py", line 896, in _resolve_lookup
    current = current[int(bit)]
ValueError: invalid literal for int() with base 10: 'name'

During handling of the above exception, another exception occurred:

Traceback (most recent call last):
  File "C:\Users\Ireneirungu\PycharmProjects\RafikiChatbot\venv\lib\site-packages\django\template\base.py", line 903, in _resolve_lookup
    raise VariableDoesNotExist(
django.template.base.VariableDoesNotExist: Failed lookup for key [name] in <URLResolver <URLPattern list> (admin:admin) 'admin/'>
Exception while resolving variable 'name' in template 'unknown'.
Traceback (most recent call last):
  File "C:\Users\Ireneirungu\PycharmProjects\RafikiChatbot\venv\lib\site-packages\django\core\handlers\exception.py", line 55, in inner
    response = get_response(request)
  File "C:\Users\Ireneirungu\PycharmProjects\RafikiChatbot\venv\lib\site-packages\django\core\handlers\base.py", line 181, in _get_response
    callback, callback_args, callback_kwargs = self.resolve_request(request)
  File "C:\Users\Ireneirungu\PycharmProjects\RafikiChatbot\venv\lib\site-packages\django\core\handlers\base.py", line 313, in resolve_request
    resolver_match = resolver.resolve(request.path_info)
  File "C:\Users\Ireneirungu\PycharmProjects\RafikiChatbot\venv\lib\site-packages\django\urls\resolvers.py", line 702, in resolve
    raise Resolver404({"tried": tried, "path": new_path})
django.urls.exceptions.Resolver404: {'tried': [[<URLPattern 'api/token/' [name='token_obtain_pair']>], [<URLPattern 'api/token/refresh/' [name='token_refresh']>], [<URLResolver <URLPattern list> (admin:admin) 'admin/'>], [<URLResolver <module 'chatbot.urls' from 'C:\\Users\\Ireneirungu\\PycharmProjects\\RafikiChatbot\\chatbot\\urls.py'> (None:None) ''>, <URLPattern 'chatbot/' [name='chatbot']>], [<URLResolver <module 'chatbot.urls' from 'C:\\Users\\Ireneirungu\\PycharmProjects\\RafikiChatbot\\chatbot\\urls.py'> (None:None) ''>, <URLPattern 'save_history/' [name='save_record']>], [<URLResolver <module 'chatbot.urls' from 'C:\\Users\\Ireneirungu\\PycharmProjects\\RafikiChatbot\\chatbot\\urls.py'> (None:None) ''>, <URLPattern '' [name='index']>], [<URLResolver <module 'chatbot.urls' from 'C:\\Users\\Ireneirungu\\PycharmProjects\\RafikiChatbot\\chatbot\\urls.py'> (None:None) ''>, <URLPattern 'chat_history/' [name='chat_history']>], [<URLResolver <module 'chatbot.urls' from 'C:\\Users\\Ireneirungu\\PycharmProjects\\RafikiChatbot\\chatbot\\urls.py'> (None:None) ''>, <URLPattern 'get_csrf_token/' [name='get_csrf_token']>], [<URLResolver <module 'chatbot.urls' from 'C:\\Users\\Ireneirungu\\PycharmProjects\\RafikiChatbot\\chatbot\\urls.py'> (None:None) ''>, <URLPattern 'signup/' [name='register']>], [<URLResolver <module 'chatbot.urls' from 'C:\\Users\\Ireneirungu\\PycharmProjects\\RafikiChatbot\\chatbot\\urls.py'> (None:None) ''>, <URLPattern 'login/' [name='login']>]], 'path': 'favicon.ico'}

During handling of the above exception, another exception occurred:

Traceback (most recent call last):
  File "C:\Users\Ireneirungu\PycharmProjects\RafikiChatbot\venv\lib\site-packages\django\template\base.py", line 880, in _resolve_lookup
    current = current[bit]
TypeError: 'URLResolver' object is not subscriptable

During handling of the above exception, another exception occurred:

Traceback (most recent call last):
  File "C:\Users\Ireneirungu\PycharmProjects\RafikiChatbot\venv\lib\site-packages\django\template\base.py", line 890, in _resolve_lookup
    current = getattr(current, bit)
AttributeError: 'URLResolver' object has no attribute 'name'

During handling of the above exception, another exception occurred:

Traceback (most recent call last):
  File "C:\Users\Ireneirungu\PycharmProjects\RafikiChatbot\venv\lib\site-packages\django\template\base.py", line 896, in _resolve_lookup
    current = current[int(bit)]
ValueError: invalid literal for int() with base 10: 'name'

During handling of the above exception, another exception occurred:

Traceback (most recent call last):
  File "C:\Users\Ireneirungu\PycharmProjects\RafikiChatbot\venv\lib\site-packages\django\template\base.py", line 903, in _resolve_lookup
    raise VariableDoesNotExist(
django.template.base.VariableDoesNotExist: Failed lookup for key [name] in <URLResolver <URLPattern list> (admin:admin) 'admin/'>
"GET /chat_history/?user_id=67a2957544ba85ddd7d42af5 HTTP/1.1" 200 35096
Not Found: /manifest.json
Not Found: /favicon.ico
"GET /manifest.json HTTP/1.1" 404 3606
"GET /favicon.ico HTTP/1.1" 404 3600
"POST /login/ HTTP/1.1" 200 238
"GET /chat_history/?user_id=67a2957544ba85ddd7d42af5 HTTP/1.1" 200 35096
chat_id: None, user: AnonymousUser
Bad Request: /chatbot/
"POST /chatbot/ HTTP/1.1" 400 15
chat_id: None, user: AnonymousUser
Bad Request: /chatbot/
"POST /chatbot/ HTTP/1.1" 400 15
File C:\Users\Ireneirungu\PycharmProjects\RafikiChatbot\chatbot\views.py previous mtime: 1742636684.9022503, current mtime: 1742637648.674253
C:\Users\Ireneirungu\PycharmProjects\RafikiChatbot\chatbot\views.py notified as changed. Signal results: [(<function template_changed at 0x000002318A2C5820>, None), (<function translation_file_changed at 0x000002318B03A310>, None)].
C:\Users\Ireneirungu\PycharmProjects\RafikiChatbot\chatbot\views.py changed, reloading.
Watching for file changes with StatReloader
Waiting for apps ready_event.
Apps ready_event triggered. Sending autoreload_started signal.
Watching dir C:\Users\Ireneirungu\PycharmProjects\RafikiChatbot\venv\lib\site-packages\rest_framework\templates with glob **/*.
Watching dir C:\Users\Ireneirungu\PycharmProjects\RafikiChatbot\static\build with glob **/*.
Watching dir C:\Users\Ireneirungu\PycharmProjects\RafikiChatbot\locale with glob **/*.mo.
Watching dir C:\Users\Ireneirungu\PycharmProjects\RafikiChatbot\chatbot\locale with glob **/*.mo.
Watching dir C:\Users\Ireneirungu\PycharmProjects\RafikiChatbot\venv\lib\site-packages\corsheaders\locale with glob **/*.mo.
Watching dir C:\Users\Ireneirungu\PycharmProjects\RafikiChatbot\venv\lib\site-packages\mongoengine\locale with glob **/*.mo.
Watching dir C:\Users\Ireneirungu\PycharmProjects\RafikiChatbot\venv\lib\site-packages\rest_framework\locale with glob **/*.mo.
Watching dir C:\Users\Ireneirungu\PycharmProjects\RafikiChatbot\venv\lib\site-packages\rest_framework_simplejwt\locale with glob **/*.mo.
File C:\Users\Ireneirungu\PycharmProjects\RafikiChatbot\venv\Lib\site-packages\asgiref\local.py first seen with mtime 1734350002.722439
File C:\Users\Ireneirungu\PycharmProjects\RafikiChatbot\venv\Lib\site-packages\pymongo\cursor_manager.py first seen with mtime 1734681582.7494118
File C:\Users\Ireneirungu\AppData\Local\Programs\Python\Python39\Lib\difflib.py first seen with mtime 1652795110.0
File C:\Users\Ireneirungu\PycharmProjects\RafikiChatbot\venv\Lib\site-packages\django\test\testcases.py first seen with mtime 1737108719.5716963
File C:\Users\Ireneirungu\PycharmProjects\RafikiChatbot\venv\Lib\site-packages\corsheaders\signals.py first seen with mtime 1737108771.0295494
File C:\Users\Ireneirungu\PycharmProjects\RafikiChatbot\venv\Lib\site-packages\django\contrib\admin\apps.py first seen with mtime 1737108717.9372797
File C:\Users\Ireneirungu\PycharmProjects\RafikiChatbot\venv\Lib\site-packages\jwt\utils.py first seen with mtime 1738679958.2414734
File C:\Users\Ireneirungu\PycharmProjects\RafikiChatbot\venv\Lib\site-packages\django\contrib\admin\templatetags\base.py first seen with mtime 1737108718.2078006
File C:\Users\Ireneirungu\PycharmProjects\RafikiChatbot\venv\Lib\site-packages\django\test\html.py first seen with mtime 1737108719.5696967
File C:\Users\Ireneirungu\AppData\Local\Programs\Python\Python39\Lib\xml\__init__.py first seen with mtime 1652795112.0
File C:\Users\Ireneirungu\PycharmProjects\RafikiChatbot\venv\Lib\site-packages\django\views\decorators\cache.py first seen with mtime 1737108719.5984783
File C:\Users\Ireneirungu\PycharmProjects\RafikiChatbot\venv\Lib\site-packages\django\db\migrations\operations\models.py first seen with mtime 1737108719.488587
File C:\Users\Ireneirungu\PycharmProjects\RafikiChatbot\venv\Lib\site-packages\django\contrib\admin\checks.py first seen with mtime 1737108717.9372797
File C:\Users\Ireneirungu\PycharmProjects\RafikiChatbot\venv\Lib\site-packages\django\db\models\functions\mixins.py first seen with mtime 1737108719.5029035
File C:\Users\Ireneirungu\PycharmProjects\RafikiChatbot\venv\Lib\site-packages\django\utils\hashable.py first seen with mtime 1737108719.5845506
File C:\Users\Ireneirungu\PycharmProjects\RafikiChatbot\venv\Lib\site-packages\django\contrib\sessions\middleware.py first seen with mtime 1737108719.1804903
File C:\Users\Ireneirungu\PycharmProjects\RafikiChatbot\venv\Lib\site-packages\requests\compat.py first seen with mtime 1734352374.2066245
File C:\Users\Ireneirungu\PycharmProjects\RafikiChatbot\venv\Lib\site-packages\django\core\serializers\python.py first seen with mtime 1737108719.4535613
File C:\Users\Ireneirungu\PycharmProjects\RafikiChatbot\venv\Lib\site-packages\django\urls\resolvers.py first seen with mtime 1737108719.5746963
File C:\Users\Ireneirungu\PycharmProjects\RafikiChatbot\venv\Lib\site-packages\rest_framework\utils\serializer_helpers.py first seen with mtime 1737108716.7825444
File C:\Users\Ireneirungu\AppData\Local\Programs\Python\Python39\Lib\gzip.py first seen with mtime 1652795110.0
File C:\Users\Ireneirungu\PycharmProjects\RafikiChatbot\venv\Lib\site-packages\django\contrib\contenttypes\fields.py first seen with mtime 1737108718.4395099
File C:\Users\Ireneirungu\PycharmProjects\RafikiChatbot\venv\Lib\site-packages\django\contrib\messages\constants.py first seen with mtime 1737108718.9689293
File C:\Users\Ireneirungu\AppData\Local\Programs\Python\Python39\Lib\wsgiref\simple_server.py first seen with mtime 1652795112.0
File C:\Users\Ireneirungu\PycharmProjects\RafikiChatbot\venv\Lib\site-packages\django\contrib\admin\views\main.py first seen with mtime 1737108718.209801
File C:\Users\Ireneirungu\PycharmProjects\RafikiChatbot\venv\Lib\site-packages\django\core\checks\security\__init__.py first seen with mtime 1737108719.4252796
File C:\Users\Ireneirungu\PycharmProjects\RafikiChatbot\venv\Lib\site-packages\mongoengine\base\common.py first seen with mtime 1734694514.4143317
File C:\Users\Ireneirungu\PycharmProjects\RafikiChatbot\venv\Lib\site-packages\django\utils\lorem_ipsum.py first seen with mtime 1737108719.5874784
File C:\Users\Ireneirungu\PycharmProjects\RafikiChatbot\venv\Lib\site-packages\mongoengine\__init__.py first seen with mtime 1734694514.4014757
File C:\Users\Ireneirungu\PycharmProjects\RafikiChatbot\venv\Lib\site-packages\pymongo\srv_resolver.py first seen with mtime 1734681582.775756
File C:\Users\Ireneirungu\AppData\Local\Programs\Python\Python39\DLLs\_uuid.pyd first seen with mtime 1652795162.0
File C:\Users\Ireneirungu\AppData\Local\Programs\Python\Python39\Lib\urllib\request.py first seen with mtime 1652795112.0
File C:\Users\Ireneirungu\PycharmProjects\RafikiChatbot\venv\Lib\site-packages\django\utils\itercompat.py first seen with mtime 1737108719.5864735
File C:\Users\Ireneirungu\AppData\Local\Programs\Python\Python39\Lib\email\headerregistry.py first seen with mtime 1652795110.0
File C:\Users\Ireneirungu\AppData\Local\Programs\Python\Python39\Lib\email\policy.py first seen with mtime 1652795110.0
File C:\Users\Ireneirungu\AppData\Local\Programs\Python\Python39\Lib\linecache.py first seen with mtime 1652795110.0
File C:\Users\Ireneirungu\PycharmProjects\RafikiChatbot\venv\Lib\site-packages\sqlparse\keywords.py first seen with mtime 1734690958.505695
File C:\Users\Ireneirungu\AppData\Local\Programs\Python\Python39\Lib\concurrent\futures\_base.py first seen with mtime 1652795110.0
File C:\Users\Ireneirungu\PycharmProjects\RafikiChatbot\venv\Lib\site-packages\bson\decimal128.py first seen with mtime 1734681582.7209766
File C:\Users\Ireneirungu\AppData\Local\Programs\Python\Python39\Lib\email\mime\__init__.py first seen with mtime 1652795110.0
File C:\Users\Ireneirungu\AppData\Local\Programs\Python\Python39\Lib\configparser.py first seen with mtime 1652795110.0
File C:\Users\Ireneirungu\PycharmProjects\RafikiChatbot\venv\Lib\site-packages\django\core\management\commands\runserver.py first seen with mtime 1737108719.4475317
File C:\Users\Ireneirungu\PycharmProjects\RafikiChatbot\venv\Lib\site-packages\django\core\checks\templates.py first seen with mtime 1737108719.4222894
File C:\Users\Ireneirungu\PycharmProjects\RafikiChatbot\venv\Lib\site-packages\pymongo\errors.py first seen with mtime 1734681582.7563891
File C:\Users\Ireneirungu\PycharmProjects\RafikiChatbot\venv\Lib\site-packages\rest_framework\utils\html.py first seen with mtime 1737108716.7805443
File C:\Users\Ireneirungu\AppData\Local\Programs\Python\Python39\Lib\site.py first seen with mtime 1652795110.0
File C:\Users\Ireneirungu\AppData\Local\Programs\Python\Python39\Lib\tokenize.py first seen with mtime 1652795112.0
File C:\Users\Ireneirungu\AppData\Local\Programs\Python\Python39\Lib\ssl.py first seen with mtime 1652795110.0
File C:\Users\Ireneirungu\AppData\Local\Programs\Python\Python39\Lib\importlib\_common.py first seen with mtime 1652795110.0
File C:\Users\Ireneirungu\AppData\Local\Programs\Python\Python39\Lib\http\__init__.py first seen with mtime 1652795110.0
File C:\Users\Ireneirungu\AppData\Local\Programs\Python\Python39\Lib\http\cookies.py first seen with mtime 1652795110.0
File C:\Users\Ireneirungu\PycharmProjects\RafikiChatbot\venv\Lib\site-packages\django\contrib\messages\apps.py first seen with mtime 1737108718.9689293
File C:\Users\Ireneirungu\PycharmProjects\RafikiChatbot\venv\Lib\site-packages\django\db\models\utils.py first seen with mtime 1737108719.4959035
File C:\Users\Ireneirungu\PycharmProjects\RafikiChatbot\venv\Lib\site-packages\pytz\tzinfo.py first seen with mtime 1734681582.3648672
File C:\Users\Ireneirungu\AppData\Local\Programs\Python\Python39\Lib\ast.py first seen with mtime 1652795110.0
File C:\Users\Ireneirungu\PycharmProjects\RafikiChatbot\venv\Lib\site-packages\django\middleware\security.py first seen with mtime 1737108719.5546916
File C:\Users\Ireneirungu\PycharmProjects\RafikiChatbot\venv\Lib\site-packages\charset_normalizer\legacy.py first seen with mtime 1734352373.9976816
File C:\Users\Ireneirungu\PycharmProjects\RafikiChatbot\venv\Lib\site-packages\django\views\csrf.py first seen with mtime 1737108719.5954783
File C:\Users\Ireneirungu\PycharmProjects\RafikiChatbot\venv\Lib\site-packages\django\contrib\auth\apps.py first seen with mtime 1737108718.3199017
File C:\Users\Ireneirungu\PycharmProjects\RafikiChatbot\venv\Lib\site-packages\urllib3\util\wait.py first seen with mtime 1734352373.6307192
File C:\Users\Ireneirungu\PycharmProjects\RafikiChatbot\venv\Lib\site-packages\django\contrib\admin\helpers.py first seen with mtime 1737108717.9397252
File C:\Users\Ireneirungu\PycharmProjects\RafikiChatbot\venv\Lib\site-packages\django\db\models\fields\related.py first seen with mtime 1737108719.4989033
File C:\Users\Ireneirungu\PycharmProjects\RafikiChatbot\venv\Lib\site-packages\sqlparse\exceptions.py first seen with mtime 1734690958.5026977
File C:\Users\Ireneirungu\PycharmProjects\RafikiChatbot\venv\Lib\site-packages\django\db\utils.py first seen with mtime 1737108719.4575617
File C:\Users\Ireneirungu\AppData\Local\Programs\Python\Python39\Lib\asyncio\threads.py first seen with mtime 1652795110.0
File C:\Users\Ireneirungu\AppData\Local\Programs\Python\Python39\Lib\zoneinfo\_tzpath.py first seen with mtime 1652795112.0
File C:\Users\Ireneirungu\PycharmProjects\RafikiChatbot\venv\Lib\site-packages\django\contrib\auth\checks.py first seen with mtime 1737108718.3218997
File C:\Users\Ireneirungu\AppData\Local\Programs\Python\Python39\Lib\getpass.py first seen with mtime 1652795110.0
File C:\Users\Ireneirungu\PycharmProjects\RafikiChatbot\venv\Lib\site-packages\mongoengine\queryset\visitor.py first seen with mtime 1734694514.4267774
File C:\Users\Ireneirungu\AppData\Local\Programs\Python\Python39\Lib\typing.py first seen with mtime 1652795112.0
File C:\Users\Ireneirungu\PycharmProjects\RafikiChatbot\venv\Lib\site-packages\werkzeug\security.py first seen with mtime 1738677770.4199631
File C:\Users\Ireneirungu\PycharmProjects\RafikiChatbot\venv\Lib\site-packages\django\core\cache\backends\__init__.py first seen with mtime 1737108719.4166954
File C:\Users\Ireneirungu\PycharmProjects\RafikiChatbot\venv\Lib\site-packages\django\db\models\fields\proxy.py first seen with mtime 1737108719.4989033
File C:\Users\Ireneirungu\AppData\Local\Programs\Python\Python39\Lib\glob.py first seen with mtime 1652795110.0
File C:\Users\Ireneirungu\PycharmProjects\RafikiChatbot\venv\Lib\site-packages\pymongo\_cmessage.cp39-win_amd64.pyd first seen with mtime 1734681582.7321234
File C:\Users\Ireneirungu\PycharmProjects\RafikiChatbot\venv\Lib\site-packages\sqlparse\tokens.py first seen with mtime 1734690958.5090446
File C:\Users\Ireneirungu\PycharmProjects\RafikiChatbot\venv\Lib\site-packages\django\template\loaders\cached.py first seen with mtime 1737108719.5646966
File C:\Users\Ireneirungu\PycharmProjects\RafikiChatbot\venv\Lib\site-packages\pymongo\mongo_replica_set_client.py first seen with mtime 1734681582.7643583
File C:\Users\Ireneirungu\PycharmProjects\RafikiChatbot\venv\Lib\site-packages\rest_framework\exceptions.py first seen with mtime 1737108716.6634398
File C:\Users\Ireneirungu\AppData\Local\Programs\Python\Python39\Lib\threading.py first seen with mtime 1652795112.0
File C:\Users\Ireneirungu\PycharmProjects\RafikiChatbot\venv\Lib\site-packages\django\db\models\constants.py first seen with mtime 1737108719.490413
File C:\Users\Ireneirungu\PycharmProjects\RafikiChatbot\venv\Lib\site-packages\charset_normalizer\api.py first seen with mtime 1734352373.995681
File C:\Users\Ireneirungu\PycharmProjects\RafikiChatbot\venv\Lib\site-packages\jwt\api_jwk.py first seen with mtime 1738679958.2140179
File C:\Users\Ireneirungu\PycharmProjects\RafikiChatbot\venv\Lib\site-packages\urllib3\_request_methods.py first seen with mtime 1734352373.6045341
File C:\Users\Ireneirungu\PycharmProjects\RafikiChatbot\venv\Lib\site-packages\corsheaders\__init__.py first seen with mtime 1737108771.0265503
File C:\Users\Ireneirungu\PycharmProjects\RafikiChatbot\venv\Lib\site-packages\rest_framework\status.py first seen with mtime 1737108716.6704235
File C:\Users\Ireneirungu\PycharmProjects\RafikiChatbot\venv\Lib\site-packages\django\contrib\messages\storage\base.py first seen with mtime 1737108718.9718716
File C:\Users\Ireneirungu\PycharmProjects\RafikiChatbot\venv\Lib\site-packages\django\template\backends\django.py first seen with mtime 1737108719.5626974
File C:\Users\Ireneirungu\PycharmProjects\RafikiChatbot\venv\Lib\site-packages\rest_framework_simplejwt\tokens.py first seen with mtime 1738782341.4452572
File C:\Users\Ireneirungu\PycharmProjects\RafikiChatbot\venv\Lib\site-packages\bson\max_key.py first seen with mtime 1734681582.7229757
File C:\Users\Ireneirungu\PycharmProjects\RafikiChatbot\venv\Lib\site-packages\rest_framework_simplejwt\token_blacklist\__init__.py first seen with mtime 1738782341.537402
File C:\Users\Ireneirungu\PycharmProjects\RafikiChatbot\venv\Lib\site-packages\bson\__init__.py first seen with mtime 1734681582.7130284
File C:\Users\Ireneirungu\PycharmProjects\RafikiChatbot\venv\Lib\site-packages\gridfs\grid_file.py first seen with mtime 1734681582.7291164
File C:\Users\Ireneirungu\PycharmProjects\RafikiChatbot\venv\Lib\site-packages\django\utils\dateformat.py first seen with mtime 1737108719.5796971
File C:\Users\Ireneirungu\AppData\Local\Programs\Python\Python39\Lib\unittest\signals.py first seen with mtime 1652795112.0
File C:\Users\Ireneirungu\PycharmProjects\RafikiChatbot\venv\Lib\site-packages\werkzeug\datastructures\etag.py first seen with mtime 1738677770.4373753
File C:\Users\Ireneirungu\PycharmProjects\RafikiChatbot\chatbot\models.py first seen with mtime 1742606537.1181095
File C:\Users\Ireneirungu\PycharmProjects\RafikiChatbot\venv\Lib\site-packages\urllib3\http2\probe.py first seen with mtime 1734352373.6216247
File C:\Users\Ireneirungu\PycharmProjects\RafikiChatbot\venv\Lib\site-packages\sqlparse\filters\tokens.py first seen with mtime 1734690958.5227046
File C:\Users\Ireneirungu\PycharmProjects\RafikiChatbot\venv\Lib\site-packages\django\views\static.py first seen with mtime 1737108719.5974784
File C:\Users\Ireneirungu\AppData\Local\Programs\Python\Python39\Lib\email\_encoded_words.py first seen with mtime 1652795110.0
File C:\Users\Ireneirungu\PycharmProjects\RafikiChatbot\venv\Lib\site-packages\rest_framework\response.py first seen with mtime 1737108716.6689925
File C:\Users\Ireneirungu\PycharmProjects\RafikiChatbot\venv\Lib\site-packages\pymongo\read_concern.py first seen with mtime 1734681582.7693553
File C:\Users\Ireneirungu\PycharmProjects\RafikiChatbot\venv\Lib\site-packages\rest_framework\relations.py first seen with mtime 1737108716.6676507
File C:\Users\Ireneirungu\AppData\Local\Programs\Python\Python39\Lib\importlib\machinery.py first seen with mtime 1652795110.0
File C:\Users\Ireneirungu\PycharmProjects\RafikiChatbot\venv\Lib\site-packages\django\core\files\utils.py first seen with mtime 1737108719.4299963
File C:\Users\Ireneirungu\PycharmProjects\RafikiChatbot\venv\Lib\site-packages\werkzeug\sansio\request.py first seen with mtime 1738677770.4795732
File C:\Users\Ireneirungu\PycharmProjects\RafikiChatbot\venv\Lib\site-packages\werkzeug\test.py first seen with mtime 1738677770.4229636
File C:\Users\Ireneirungu\PycharmProjects\RafikiChatbot\venv\Lib\site-packages\django\views\decorators\__init__.py first seen with mtime 1737108719.5974784
File C:\Users\Ireneirungu\AppData\Local\Programs\Python\Python39\Lib\asyncio\constants.py first seen with mtime 1652795110.0
File C:\Users\Ireneirungu\PycharmProjects\RafikiChatbot\venv\Lib\site-packages\urllib3\poolmanager.py first seen with mtime 1734352373.609536
File C:\Users\Ireneirungu\AppData\Local\Programs\Python\Python39\Lib\unittest\result.py first seen with mtime 1652795112.0
File C:\Users\Ireneirungu\PycharmProjects\RafikiChatbot\venv\Lib\site-packages\mongoengine\queryset\manager.py first seen with mtime 1734694514.4236052
File C:\Users\Ireneirungu\PycharmProjects\RafikiChatbot\venv\Lib\site-packages\pytz\tzfile.py first seen with mtime 1734681582.3639057
File C:\Users\Ireneirungu\PycharmProjects\RafikiChatbot\venv\Lib\site-packages\django\db\models\functions\window.py first seen with mtime 1737108719.5039034
File C:\Users\Ireneirungu\PycharmProjects\RafikiChatbot\venv\Lib\site-packages\rest_framework\utils\json.py first seen with mtime 1737108716.7805443
File C:\Users\Ireneirungu\AppData\Local\Programs\Python\Python39\DLLs\unicodedata.pyd first seen with mtime 1652795164.0
File C:\Users\Ireneirungu\PycharmProjects\RafikiChatbot\venv\Lib\site-packages\django\contrib\staticfiles\__init__.py first seen with mtime 1737108719.405435
File C:\Users\Ireneirungu\PycharmProjects\RafikiChatbot\venv\Lib\site-packages\django\urls\conf.py first seen with mtime 1737108719.5726955
File C:\Users\Ireneirungu\PycharmProjects\RafikiChatbot\venv\Lib\site-packages\django\contrib\contenttypes\management\__init__.py first seen with mtime 1737108718.5388186
File C:\Users\Ireneirungu\PycharmProjects\RafikiChatbot\venv\Lib\site-packages\django\core\signals.py first seen with mtime 1737108719.4138215
File C:\Users\Ireneirungu\PycharmProjects\RafikiChatbot\venv\Lib\site-packages\werkzeug\datastructures\accept.py first seen with mtime 1738677770.431963
File C:\Users\Ireneirungu\AppData\Local\Programs\Python\Python39\Lib\email\_parseaddr.py first seen with mtime 1652795110.0
File C:\Users\Ireneirungu\PycharmProjects\RafikiChatbot\venv\Lib\site-packages\django\template\autoreload.py first seen with mtime 1737108719.5556965
File C:\Users\Ireneirungu\AppData\Local\Programs\Python\Python39\Lib\encodings\idna.py first seen with mtime 1652795110.0
File C:\Users\Ireneirungu\AppData\Local\Programs\Python\Python39\Lib\asyncio\format_helpers.py first seen with mtime 1652795110.0
File C:\Users\Ireneirungu\PycharmProjects\RafikiChatbot\venv\Lib\site-packages\django\utils\formats.py first seen with mtime 1737108719.5835502
File C:\Users\Ireneirungu\PycharmProjects\RafikiChatbot\venv\Lib\site-packages\django\utils\dates.py first seen with mtime 1737108719.5805454
File C:\Users\Ireneirungu\AppData\Local\Programs\Python\Python39\DLLs\_ctypes.pyd first seen with mtime 1652795162.0
File C:\Users\Ireneirungu\PycharmProjects\RafikiChatbot\venv\Lib\site-packages\sqlparse\engine\filter_stack.py first seen with mtime 1734690958.5121543
File C:\Users\Ireneirungu\AppData\Local\Programs\Python\Python39\Lib\_markupbase.py first seen with mtime 1652795110.0
File C:\Users\Ireneirungu\AppData\Local\Programs\Python\Python39\Lib\uuid.py first seen with mtime 1652795112.0
File C:\Users\Ireneirungu\PycharmProjects\RafikiChatbot\venv\Lib\site-packages\pymongo\socket_checker.py first seen with mtime 1734681582.7747476
File C:\Users\Ireneirungu\PycharmProjects\RafikiChatbot\venv\Lib\site-packages\django\contrib\admin\actions.py first seen with mtime 1737108717.9372797
File C:\Users\Ireneirungu\PycharmProjects\RafikiChatbot\venv\Lib\site-packages\django\utils\_os.py first seen with mtime 1737108719.5756967
File C:\Users\Ireneirungu\PycharmProjects\RafikiChatbot\venv\Lib\site-packages\mongoengine\document.py first seen with mtime 1734694514.4055016
File C:\Users\Ireneirungu\PycharmProjects\RafikiChatbot\venv\Lib\site-packages\bson\raw_bson.py first seen with mtime 1734681582.725108
File C:\Users\Ireneirungu\AppData\Local\Programs\Python\Python39\Lib\io.py first seen with mtime 1652795110.0
File C:\Users\Ireneirungu\PycharmProjects\RafikiChatbot\venv\Lib\site-packages\django\core\files\storage\base.py first seen with mtime 1737108719.4310026
File C:\Users\Ireneirungu\PycharmProjects\RafikiChatbot\venv\Lib\site-packages\django\core\checks\async_checks.py first seen with mtime 1737108719.4196482
File C:\Users\Ireneirungu\PycharmProjects\RafikiChatbot\venv\Lib\site-packages\asgiref\sync.py first seen with mtime 1734350002.7234914
File C:\Users\Ireneirungu\PycharmProjects\RafikiChatbot\venv\Lib\site-packages\django\db\models\sql\where.py first seen with mtime 1737108719.5079033
File C:\Users\Ireneirungu\PycharmProjects\RafikiChatbot\venv\Lib\site-packages\django\urls\base.py first seen with mtime 1737108719.5726955
File C:\Users\Ireneirungu\PycharmProjects\RafikiChatbot\venv\Lib\site-packages\django\contrib\auth\hashers.py first seen with mtime 1737108718.3238997
File C:\Users\Ireneirungu\AppData\Local\Programs\Python\Python39\Lib\ctypes\wintypes.py first seen with mtime 1652795110.0
File C:\Users\Ireneirungu\PycharmProjects\RafikiChatbot\venv\Lib\site-packages\django\conf\__init__.py first seen with mtime 1737108717.754027
File C:\Users\Ireneirungu\AppData\Local\Programs\Python\Python39\Lib\platform.py first seen with mtime 1652795110.0
File C:\Users\Ireneirungu\PycharmProjects\RafikiChatbot\venv\Lib\site-packages\sqlparse\formatter.py first seen with mtime 1734690958.5036986
File C:\Users\Ireneirungu\PycharmProjects\RafikiChatbot\venv\Lib\site-packages\django\db\models\functions\comparison.py first seen with mtime 1737108719.5019038
File C:\Users\Ireneirungu\PycharmProjects\RafikiChatbot\venv\Lib\site-packages\sqlparse\filters\reindent.py first seen with mtime 1734690958.5198305
File C:\Users\Ireneirungu\AppData\Local\Programs\Python\Python39\Lib\pkgutil.py first seen with mtime 1652795110.0
File C:\Users\Ireneirungu\PycharmProjects\RafikiChatbot\venv\Lib\site-packages\django\core\handlers\base.py first seen with mtime 1737108719.4335313
File C:\Users\Ireneirungu\AppData\Local\Programs\Python\Python39\Lib\asyncio\protocols.py first seen with mtime 1652795110.0
File C:\Users\Ireneirungu\PycharmProjects\RafikiChatbot\chatbot\urls.py first seen with mtime 1742620043.3848858
File C:\Users\Ireneirungu\PycharmProjects\RafikiChatbot\venv\Lib\site-packages\django\db\migrations\operations\base.py first seen with mtime 1737108719.487587
File C:\Users\Ireneirungu\PycharmProjects\RafikiChatbot\venv\Lib\site-packages\django\views\generic\dates.py first seen with mtime 1737108719.602479
File C:\Users\Ireneirungu\AppData\Local\Programs\Python\Python39\Lib\asyncio\runners.py first seen with mtime 1652795110.0
File C:\Users\Ireneirungu\PycharmProjects\RafikiChatbot\venv\Lib\site-packages\django\core\checks\caches.py first seen with mtime 1737108719.4208922
File C:\Users\Ireneirungu\PycharmProjects\RafikiChatbot\venv\Lib\site-packages\django\core\files\storage\handler.py first seen with mtime 1737108719.4313564
File C:\Users\Ireneirungu\PycharmProjects\RafikiChatbot\venv\Lib\site-packages\pymongo\driver_info.py first seen with mtime 1734681582.7543666
File C:\Users\Ireneirungu\PycharmProjects\RafikiChatbot\venv\Lib\site-packages\django\templatetags\l10n.py first seen with mtime 1737108719.5676963
File C:\Users\Ireneirungu\PycharmProjects\RafikiChatbot\venv\Lib\site-packages\django\template\utils.py first seen with mtime 1737108719.5606966
File C:\Users\Ireneirungu\PycharmProjects\RafikiChatbot\venv\Lib\site-packages\pymongo\write_concern.py first seen with mtime 1734681582.7797568
File C:\Users\Ireneirungu\PycharmProjects\RafikiChatbot\venv\Lib\site-packages\django\core\management\commands\__init__.py first seen with mtime 1737108719.4415317
File C:\Users\Ireneirungu\AppData\Local\Programs\Python\Python39\Lib\sre_constants.py first seen with mtime 1652795110.0
File C:\Users\Ireneirungu\AppData\Local\Programs\Python\Python39\Lib\stat.py first seen with mtime 1652795110.0
File C:\Users\Ireneirungu\AppData\Local\Programs\Python\Python39\Lib\copyreg.py first seen with mtime 1652795110.0
File C:\Users\Ireneirungu\PycharmProjects\RafikiChatbot\venv\Lib\site-packages\django\template\backends\base.py first seen with mtime 1737108719.5616963
File C:\Users\Ireneirungu\PycharmProjects\RafikiChatbot\venv\Lib\site-packages\django\utils\termcolors.py first seen with mtime 1737108719.5894783
File C:\Users\Ireneirungu\PycharmProjects\RafikiChatbot\venv\Lib\site-packages\django\core\checks\translation.py first seen with mtime 1737108719.4237895
File C:\Users\Ireneirungu\PycharmProjects\RafikiChatbot\venv\Lib\site-packages\rest_framework\templatetags\__init__.py first seen with mtime 1737108716.7780335
File C:\Users\Ireneirungu\AppData\Local\Programs\Python\Python39\Lib\string.py first seen with mtime 1652795110.0
File C:\Users\Ireneirungu\PycharmProjects\RafikiChatbot\venv\Lib\site-packages\django\contrib\admin\models.py first seen with mtime 1737108717.9397252
File C:\Users\Ireneirungu\AppData\Local\Programs\Python\Python39\Lib\_collections_abc.py first seen with mtime 1652795110.0
File C:\Users\Ireneirungu\PycharmProjects\RafikiChatbot\venv\Lib\site-packages\django\core\checks\model_checks.py first seen with mtime 1737108719.4222894
File C:\Users\Ireneirungu\PycharmProjects\RafikiChatbot\venv\Lib\site-packages\django\utils\autoreload.py first seen with mtime 1737108719.5766966
File C:\Users\Ireneirungu\AppData\Local\Programs\Python\Python39\Lib\unittest\__init__.py first seen with mtime 1652795112.0
File C:\Users\Ireneirungu\PycharmProjects\RafikiChatbot\venv\Lib\site-packages\django\db\migrations\state.py first seen with mtime 1737108719.4855864
File C:\Users\Ireneirungu\PycharmProjects\RafikiChatbot\venv\Lib\site-packages\certifi\__init__.py first seen with mtime 1734352374.1751318
File C:\Users\Ireneirungu\PycharmProjects\RafikiChatbot\venv\Lib\site-packages\pymongo\bulk.py first seen with mtime 1734681582.7391322
File C:\Users\Ireneirungu\PycharmProjects\RafikiChatbot\chatbot\views.py first seen with mtime 1742637648.674253
File C:\Users\Ireneirungu\PycharmProjects\RafikiChatbot\venv\Lib\site-packages\jwt\__init__.py first seen with mtime 1738679958.2069287
File C:\Users\Ireneirungu\AppData\Local\Programs\Python\Python39\Lib\asyncio\proactor_events.py first seen with mtime 1652795110.0
File C:\Users\Ireneirungu\PycharmProjects\RafikiChatbot\venv\Lib\site-packages\django\db\backends\dummy\__init__.py first seen with mtime 1737108719.4635618
File C:\Users\Ireneirungu\PycharmProjects\RafikiChatbot\venv\Lib\site-packages\django\db\models\fields\__init__.py first seen with mtime 1737108719.4969034
File C:\Users\Ireneirungu\PycharmProjects\RafikiChatbot\venv\Lib\site-packages\jwt\api_jws.py first seen with mtime 1738679958.2155378
File C:\Users\Ireneirungu\AppData\Local\Programs\Python\Python39\Lib\contextvars.py first seen with mtime 1652795110.0
File C:\Users\Ireneirungu\PycharmProjects\RafikiChatbot\venv\Lib\site-packages\pymongo\mongo_client.py first seen with mtime 1734681582.7633555
File C:\Users\Ireneirungu\PycharmProjects\RafikiChatbot\venv\Lib\site-packages\werkzeug\sansio\utils.py first seen with mtime 1738677770.482081
File C:\Users\Ireneirungu\AppData\Local\Programs\Python\Python39\Lib\ctypes\_endian.py first seen with mtime 1652795110.0
File C:\Users\Ireneirungu\PycharmProjects\RafikiChatbot\venv\Lib\site-packages\bson\binary.py first seen with mtime 1734681582.7189727
File C:\Users\Ireneirungu\AppData\Local\Programs\Python\Python39\Lib\posixpath.py first seen with mtime 1652795110.0
File C:\Users\Ireneirungu\AppData\Local\Programs\Python\Python39\Lib\xml\dom\minidom.py first seen with mtime 1652795112.0
File C:\Users\Ireneirungu\AppData\Local\Programs\Python\Python39\Lib\email\_header_value_parser.py first seen with mtime 1652795110.0
File C:\Users\Ireneirungu\AppData\Local\Programs\Python\Python39\Lib\subprocess.py first seen with mtime 1652795110.0
File C:\Users\Ireneirungu\PycharmProjects\RafikiChatbot\venv\Lib\site-packages\bson\int64.py first seen with mtime 1734681582.721972
File C:\Users\Ireneirungu\PycharmProjects\RafikiChatbot\venv\Lib\site-packages\django\db\backends\base\operations.py first seen with mtime 1737108719.4615612
File C:\Users\Ireneirungu\PycharmProjects\RafikiChatbot\venv\Lib\site-packages\corsheaders\defaults.py first seen with mtime 1737108771.0275495
File C:\Users\Ireneirungu\AppData\Local\Programs\Python\Python39\DLLs\_asyncio.pyd first seen with mtime 1652795162.0
File C:\Users\Ireneirungu\PycharmProjects\RafikiChatbot\venv\Lib\site-packages\django\contrib\staticfiles\finders.py first seen with mtime 1737108719.4064355
File C:\Users\Ireneirungu\PycharmProjects\RafikiChatbot\venv\Lib\site-packages\django\core\__init__.py first seen with mtime 1737108719.4125192
File C:\Users\Ireneirungu\PycharmProjects\RafikiChatbot\venv\Lib\site-packages\django\db\backends\dummy\features.py first seen with mtime 1737108719.4635618
File C:\Users\Ireneirungu\PycharmProjects\RafikiChatbot\venv\Lib\site-packages\urllib3\util\ssl_.py first seen with mtime 1734352373.6256237
File C:\Users\Ireneirungu\PycharmProjects\RafikiChatbot\venv\Lib\site-packages\pymongo\command_cursor.py first seen with mtime 1734681582.7463624
File C:\Users\Ireneirungu\AppData\Local\Programs\Python\Python39\Lib\bisect.py first seen with mtime 1652795110.0
File C:\Users\Ireneirungu\PycharmProjects\RafikiChatbot\venv\Lib\site-packages\django\contrib\admin\options.py first seen with mtime 1737108717.940725
File C:\Users\Ireneirungu\AppData\Local\Programs\Python\Python39\Lib\socketserver.py first seen with mtime 1652795110.0
File C:\Users\Ireneirungu\AppData\Local\Programs\Python\Python39\Lib\urllib\error.py first seen with mtime 1652795112.0
File C:\Users\Ireneirungu\AppData\Local\Programs\Python\Python39\Lib\gettext.py first seen with mtime 1652795110.0
File C:\Users\Ireneirungu\AppData\Local\Programs\Python\Python39\Lib\selectors.py first seen with mtime 1652795110.0
File C:\Users\Ireneirungu\PycharmProjects\RafikiChatbot\venv\Lib\site-packages\urllib3\util\request.py first seen with mtime 1734352373.6236277
File C:\Users\Ireneirungu\PycharmProjects\RafikiChatbot\venv\Lib\site-packages\django\contrib\auth\models.py first seen with mtime 1737108718.3249
File C:\Users\Ireneirungu\PycharmProjects\RafikiChatbot\venv\Lib\site-packages\django\db\migrations\operations\special.py first seen with mtime 1737108719.488587
File C:\Users\Ireneirungu\PycharmProjects\RafikiChatbot\venv\Lib\site-packages\rest_framework\renderers.py first seen with mtime 1737108716.6676507
File C:\Users\Ireneirungu\PycharmProjects\RafikiChatbot\venv\Lib\site-packages\requests\models.py first seen with mtime 1734352374.2096255
File C:\Users\Ireneirungu\PycharmProjects\RafikiChatbot\venv\Lib\site-packages\charset_normalizer\md__mypyc.cp39-win_amd64.pyd first seen with mtime 1734352374.0419133
File C:\Users\Ireneirungu\PycharmProjects\RafikiChatbot\venv\Lib\site-packages\django\db\migrations\migration.py first seen with mtime 1737108719.483587
File C:\Users\Ireneirungu\AppData\Local\Programs\Python\Python39\Lib\wsgiref\util.py first seen with mtime 1652795112.0
File C:\Users\Ireneirungu\PycharmProjects\RafikiChatbot\venv\Lib\site-packages\django\db\migrations\exceptions.py first seen with mtime 1737108719.481587
File C:\Users\Ireneirungu\PycharmProjects\RafikiChatbot\venv\Lib\site-packages\rest_framework_simplejwt\authentication.py first seen with mtime 1738782341.4356258
File C:\Users\Ireneirungu\PycharmProjects\RafikiChatbot\venv\Lib\site-packages\rest_framework\utils\encoders.py first seen with mtime 1737108716.7795384
File C:\Users\Ireneirungu\AppData\Local\Programs\Python\Python39\Lib\struct.py first seen with mtime 1652795110.0
File C:\Users\Ireneirungu\AppData\Local\Programs\Python\Python39\Lib\_weakrefset.py first seen with mtime 1652795110.0
File C:\Users\Ireneirungu\PycharmProjects\RafikiChatbot\venv\Lib\site-packages\bson\min_key.py first seen with mtime 1734681582.724011
File C:\Users\Ireneirungu\PycharmProjects\RafikiChatbot\venv\Lib\site-packages\django\db\models\functions\math.py first seen with mtime 1737108719.5029035
File C:\Users\Ireneirungu\PycharmProjects\RafikiChatbot\venv\Lib\site-packages\django\db\__init__.py first seen with mtime 1737108719.456561
File C:\Users\Ireneirungu\PycharmProjects\RafikiChatbot\venv\Lib\site-packages\django\forms\fields.py first seen with mtime 1737108719.5099068
File C:\Users\Ireneirungu\PycharmProjects\RafikiChatbot\venv\Lib\site-packages\werkzeug\wrappers\__init__.py first seen with mtime 1738677770.483569
File C:\Users\Ireneirungu\AppData\Local\Programs\Python\Python39\DLLs\_zoneinfo.pyd first seen with mtime 1652795162.0
File C:\Users\Ireneirungu\AppData\Local\Programs\Python\Python39\Lib\argparse.py first seen with mtime 1652795110.0
File C:\Users\Ireneirungu\PycharmProjects\RafikiChatbot\venv\Lib\site-packages\django\contrib\staticfiles\utils.py first seen with mtime 1737108719.408871
File C:\Users\Ireneirungu\PycharmProjects\RafikiChatbot\venv\Lib\site-packages\django\core\files\uploadhandler.py first seen with mtime 1737108719.4294739
File C:\Users\Ireneirungu\AppData\Local\Programs\Python\Python39\Lib\asyncio\exceptions.py first seen with mtime 1652795110.0
File C:\Users\Ireneirungu\PycharmProjects\RafikiChatbot\venv\Lib\site-packages\gridfs\__init__.py first seen with mtime 1734681582.7282267
File C:\Users\Ireneirungu\AppData\Local\Programs\Python\Python39\Lib\hashlib.py first seen with mtime 1652795110.0
File C:\Users\Ireneirungu\AppData\Local\Programs\Python\Python39\Lib\hmac.py first seen with mtime 1652795110.0
File C:\Users\Ireneirungu\PycharmProjects\RafikiChatbot\venv\Lib\site-packages\requests\adapters.py first seen with mtime 1734352374.203614
File C:\Users\Ireneirungu\PycharmProjects\RafikiChatbot\venv\Lib\site-packages\werkzeug\sansio\multipart.py first seen with mtime 1738677770.478094
File C:\Users\Ireneirungu\AppData\Local\Programs\Python\Python39\Lib\email\iterators.py first seen with mtime 1652795110.0
File C:\Users\Ireneirungu\PycharmProjects\RafikiChatbot\venv\Lib\site-packages\django\core\serializers\json.py first seen with mtime 1737108719.4535613
File C:\Users\Ireneirungu\PycharmProjects\RafikiChatbot\venv\Lib\site-packages\django\core\servers\__init__.py first seen with mtime 1737108719.455562
File C:\Users\Ireneirungu\AppData\Local\Programs\Python\Python39\Lib\xml\dom\xmlbuilder.py first seen with mtime 1652795112.0
File C:\Users\Ireneirungu\AppData\Local\Programs\Python\Python39\Lib\_compat_pickle.py first seen with mtime 1652795110.0
File C:\Users\Ireneirungu\PycharmProjects\RafikiChatbot\venv\Lib\site-packages\werkzeug\datastructures\cache_control.py first seen with mtime 1738677770.434963
File C:\Users\Ireneirungu\PycharmProjects\RafikiChatbot\venv\Lib\site-packages\werkzeug\formparser.py first seen with mtime 1738677770.4159656
File C:\Users\Ireneirungu\PycharmProjects\RafikiChatbot\venv\Lib\site-packages\django\contrib\staticfiles\views.py first seen with mtime 1737108719.408871
File C:\Users\Ireneirungu\PycharmProjects\RafikiChatbot\venv\Lib\site-packages\django\contrib\contenttypes\forms.py first seen with mtime 1737108718.4405098
File C:\Users\Ireneirungu\PycharmProjects\RafikiChatbot\venv\Lib\site-packages\rest_framework_simplejwt\utils.py first seen with mtime 1738782341.4462495
File C:\Users\Ireneirungu\PycharmProjects\RafikiChatbot\venv\Lib\site-packages\_distutils_hack\__init__.py first seen with mtime 1737108633.8327444
File C:\Users\Ireneirungu\PycharmProjects\RafikiChatbot\venv\Lib\site-packages\pymongo\operations.py first seen with mtime 1734681582.7673576
File C:\Users\Ireneirungu\PycharmProjects\RafikiChatbot\venv\Lib\site-packages\django\contrib\contenttypes\__init__.py first seen with mtime 1737108718.4385047
File C:\Users\Ireneirungu\AppData\Local\Programs\Python\Python39\Lib\html\parser.py first seen with mtime 1652795110.0
File C:\Users\Ireneirungu\PycharmProjects\RafikiChatbot\venv\Lib\site-packages\pymongo\ismaster.py first seen with mtime 1734681582.7613585
File C:\Users\Ireneirungu\AppData\Local\Programs\Python\Python39\Lib\__future__.py first seen with mtime 1652795110.0
File C:\Users\Ireneirungu\PycharmProjects\RafikiChatbot\venv\Lib\site-packages\django\utils\log.py first seen with mtime 1737108719.5874784
File C:\Users\Ireneirungu\PycharmProjects\RafikiChatbot\venv\Lib\site-packages\corsheaders\apps.py first seen with mtime 1737108771.0265503
File C:\Users\Ireneirungu\PycharmProjects\RafikiChatbot\venv\Lib\site-packages\rest_framework\metadata.py first seen with mtime 1737108716.6648896
File C:\Users\Ireneirungu\AppData\Local\Programs\Python\Python39\Lib\email\mime\text.py first seen with mtime 1652795110.0
File C:\Users\Ireneirungu\PycharmProjects\RafikiChatbot\venv\Lib\site-packages\rest_framework\permissions.py first seen with mtime 1737108716.6676507
File C:\Users\Ireneirungu\PycharmProjects\RafikiChatbot\venv\Lib\site-packages\django\contrib\auth\middleware.py first seen with mtime 1737108718.3238997
File C:\Users\Ireneirungu\PycharmProjects\RafikiChatbot\venv\Lib\site-packages\mongoengine\context_managers.py first seen with mtime 1734694514.404484
File C:\Users\Ireneirungu\AppData\Local\Programs\Python\Python39\Lib\keyword.py first seen with mtime 1652795110.0
File C:\Users\Ireneirungu\PycharmProjects\RafikiChatbot\venv\Lib\site-packages\django\contrib\sessions\backends\__init__.py first seen with mtime 1737108719.182492
File C:\Users\Ireneirungu\PycharmProjects\RafikiChatbot\venv\Lib\site-packages\rest_framework\negotiation.py first seen with mtime 1737108716.6662376
File C:\Users\Ireneirungu\PycharmProjects\RafikiChatbot\venv\Lib\site-packages\django\http\cookie.py first seen with mtime 1737108719.5497415
File C:\Users\Ireneirungu\PycharmProjects\RafikiChatbot\venv\Lib\site-packages\django\contrib\admin\templatetags\admin_modify.py first seen with mtime 1737108718.2068007
File C:\Users\Ireneirungu\PycharmProjects\RafikiChatbot\venv\Lib\site-packages\mongoengine\queryset\transform.py first seen with mtime 1734694514.4256113
File C:\Users\Ireneirungu\AppData\Local\Programs\Python\Python39\Lib\xml\dom\NodeFilter.py first seen with mtime 1652795112.0
File C:\Users\Ireneirungu\PycharmProjects\RafikiChatbot\venv\Lib\site-packages\django\template\loaders\filesystem.py first seen with mtime 1737108719.5656953
File C:\Users\Ireneirungu\PycharmProjects\RafikiChatbot\venv\Lib\site-packages\markupsafe\_speedups.cp39-win_amd64.pyd first seen with mtime 1738677770.3699985
File C:\Users\Ireneirungu\PycharmProjects\RafikiChatbot\venv\Lib\site-packages\charset_normalizer\cd.py first seen with mtime 1734352373.996681
File C:\Users\Ireneirungu\PycharmProjects\RafikiChatbot\chatbot\admin.py first seen with mtime 1738505856.237081
File C:\Users\Ireneirungu\PycharmProjects\RafikiChatbot\venv\Lib\site-packages\django\contrib\staticfiles\apps.py first seen with mtime 1737108719.405435
File C:\Users\Ireneirungu\AppData\Local\Programs\Python\Python39\Lib\asyncio\base_events.py first seen with mtime 1652795110.0
File C:\Users\Ireneirungu\PycharmProjects\RafikiChatbot\venv\Lib\site-packages\django\utils\cache.py first seen with mtime 1737108719.5776985
File C:\Users\Ireneirungu\AppData\Local\Programs\Python\Python39\Lib\email\mime\nonmultipart.py first seen with mtime 1652795110.0
File C:\Users\Ireneirungu\PycharmProjects\RafikiChatbot\venv\Lib\site-packages\werkzeug\utils.py first seen with mtime 1738677770.4279633
File C:\Users\Ireneirungu\PycharmProjects\RafikiChatbot\venv\Lib\site-packages\django\db\backends\base\base.py first seen with mtime 1737108719.4595618
File C:\Users\Ireneirungu\PycharmProjects\RafikiChatbot\venv\Lib\site-packages\django\core\files\storage\__init__.py first seen with mtime 1737108719.4299963
File C:\Users\Ireneirungu\PycharmProjects\RafikiChatbot\venv\Lib\site-packages\django\contrib\staticfiles\checks.py first seen with mtime 1737108719.4064355
File C:\Users\Ireneirungu\AppData\Local\Programs\Python\Python39\Lib\urllib\__init__.py first seen with mtime 1652795112.0
File C:\Users\Ireneirungu\AppData\Local\Programs\Python\Python39\Lib\xml\dom\domreg.py first seen with mtime 1652795112.0
File C:\Users\Ireneirungu\PycharmProjects\RafikiChatbot\venv\Lib\site-packages\pymongo\client_options.py first seen with mtime 1734681582.740127
File C:\Users\Ireneirungu\PycharmProjects\RafikiChatbot\venv\Lib\site-packages\charset_normalizer\utils.py first seen with mtime 1734352374.0537543
File C:\Users\Ireneirungu\PycharmProjects\RafikiChatbot\venv\Lib\site-packages\idna\__init__.py first seen with mtime 1734352373.843154
File C:\Users\Ireneirungu\AppData\Local\Programs\Python\Python39\Lib\codecs.py first seen with mtime 1652795110.0
File C:\Users\Ireneirungu\PycharmProjects\RafikiChatbot\venv\Lib\site-packages\django\contrib\admin\views\decorators.py first seen with mtime 1737108718.2088008
File C:\Users\Ireneirungu\PycharmProjects\RafikiChatbot\venv\Lib\site-packages\asgiref\current_thread_executor.py first seen with mtime 1734350002.7213967
File C:\Users\Ireneirungu\PycharmProjects\RafikiChatbot\venv\Lib\site-packages\bson\regex.py first seen with mtime 1734681582.726139
File C:\Users\Ireneirungu\AppData\Local\Programs\Python\Python39\Lib\importlib\__init__.py first seen with mtime 1652795110.0
File C:\Users\Ireneirungu\PycharmProjects\RafikiChatbot\venv\Lib\site-packages\pytz\__init__.py first seen with mtime 1734681582.362906
File C:\Users\Ireneirungu\AppData\Local\Programs\Python\Python39\Lib\logging\__init__.py first seen with mtime 1652795110.0
File C:\Users\Ireneirungu\PycharmProjects\RafikiChatbot\venv\Lib\site-packages\pymongo\server.py first seen with mtime 1734681582.7723553
File C:\Users\Ireneirungu\AppData\Local\Programs\Python\Python39\Lib\urllib\parse.py first seen with mtime 1652795112.0
File C:\Users\Ireneirungu\PycharmProjects\RafikiChatbot\venv\Lib\site-packages\pymongo\server_type.py first seen with mtime 1734681582.7733822
File C:\Users\Ireneirungu\PycharmProjects\RafikiChatbot\venv\Lib\site-packages\django\views\debug.py first seen with mtime 1737108719.5964787
File C:\Users\Ireneirungu\AppData\Local\Programs\Python\Python39\Lib\enum.py first seen with mtime 1652795110.0
File C:\Users\Ireneirungu\AppData\Local\Programs\Python\Python39\Lib\functools.py first seen with mtime 1652795110.0
File C:\Users\Ireneirungu\PycharmProjects\RafikiChatbot\venv\Lib\site-packages\pymongo\server_description.py first seen with mtime 1734681582.7733822
File C:\Users\Ireneirungu\PycharmProjects\RafikiChatbot\venv\Lib\site-packages\django\core\serializers\base.py first seen with mtime 1737108719.4525635
File C:\Users\Ireneirungu\PycharmProjects\RafikiChatbot\venv\Lib\site-packages\django\template\__init__.py first seen with mtime 1737108719.5546916
File C:\Users\Ireneirungu\PycharmProjects\RafikiChatbot\venv\Lib\site-packages\sqlparse\engine\statement_splitter.py first seen with mtime 1734690958.514171
File C:\Users\Ireneirungu\PycharmProjects\RafikiChatbot\venv\Lib\site-packages\django\template\loaders\base.py first seen with mtime 1737108719.5646966
File C:\Users\Ireneirungu\PycharmProjects\RafikiChatbot\venv\Lib\site-packages\urllib3\util\timeout.py first seen with mtime 1734352373.6276243
File C:\Users\Ireneirungu\PycharmProjects\RafikiChatbot\venv\Lib\site-packages\django\contrib\admin\decorators.py first seen with mtime 1737108717.9382794
File C:\Users\Ireneirungu\AppData\Local\Programs\Python\Python39\Lib\email\_policybase.py first seen with mtime 1652795110.0
File C:\Users\Ireneirungu\PycharmProjects\RafikiChatbot\venv\Lib\site-packages\django\contrib\postgres\validators.py first seen with mtime 1737108718.9777222
File C:\Users\Ireneirungu\PycharmProjects\RafikiChatbot\venv\Lib\site-packages\django\contrib\admin\templatetags\log.py first seen with mtime 1737108718.2078006
File C:\Users\Ireneirungu\PycharmProjects\RafikiChatbot\venv\Lib\site-packages\django\views\defaults.py first seen with mtime 1737108719.5964787
File C:\Users\Ireneirungu\AppData\Local\Programs\Python\Python39\Lib\unittest\runner.py first seen with mtime 1652795112.0
File C:\Users\Ireneirungu\PycharmProjects\RafikiChatbot\venv\Lib\site-packages\django\template\defaulttags.py first seen with mtime 1737108719.5576987
File C:\Users\Ireneirungu\PycharmProjects\RafikiChatbot\venv\Lib\site-packages\urllib3\util\retry.py first seen with mtime 1734352373.6246278
File C:\Users\Ireneirungu\PycharmProjects\RafikiChatbot\venv\Lib\site-packages\pymongo\message.py first seen with mtime 1734681582.7623558
File C:\Users\Ireneirungu\PycharmProjects\RafikiChatbot\venv\Lib\site-packages\django\db\models\fields\reverse_related.py first seen with mtime 1737108719.5009031
File C:\Users\Ireneirungu\PycharmProjects\RafikiChatbot\venv\Lib\site-packages\django\core\management\__init__.py first seen with mtime 1737108719.4395316
File C:\Users\Ireneirungu\AppData\Local\Programs\Python\Python39\Lib\numbers.py first seen with mtime 1652795110.0
File C:\Users\Ireneirungu\AppData\Local\Programs\Python\Python39\Lib\queue.py first seen with mtime 1652795110.0
File C:\Users\Ireneirungu\PycharmProjects\RafikiChatbot\venv\Lib\site-packages\pymongo\saslprep.py first seen with mtime 1734681582.7713554
File C:\Users\Ireneirungu\AppData\Local\Programs\Python\Python39\Lib\copy.py first seen with mtime 1652795110.0
File C:\Users\Ireneirungu\AppData\Local\Programs\Python\Python39\DLLs\_hashlib.pyd first seen with mtime 1652795162.0
File C:\Users\Ireneirungu\PycharmProjects\RafikiChatbot\venv\Lib\site-packages\django\utils\version.py first seen with mtime 1737108719.5914783
File C:\Users\Ireneirungu\AppData\Local\Programs\Python\Python39\Lib\ipaddress.py first seen with mtime 1652795110.0
File C:\Users\Ireneirungu\PycharmProjects\RafikiChatbot\venv\Lib\site-packages\django\db\models\functions\__init__.py first seen with mtime 1737108719.5019038
File C:\Users\Ireneirungu\PycharmProjects\RafikiChatbot\venv\Lib\site-packages\django\contrib\sessions\base_session.py first seen with mtime 1737108719.1804903
File C:\Users\Ireneirungu\PycharmProjects\RafikiChatbot\venv\Lib\site-packages\urllib3\util\proxy.py first seen with mtime 1734352373.6236277
File C:\Users\Ireneirungu\PycharmProjects\RafikiChatbot\venv\Lib\site-packages\django\middleware\cache.py first seen with mtime 1737108719.5517552
File C:\Users\Ireneirungu\AppData\Local\Programs\Python\Python39\Lib\ctypes\__init__.py first seen with mtime 1652795110.0
File C:\Users\Ireneirungu\PycharmProjects\RafikiChatbot\venv\Lib\site-packages\django\contrib\auth\base_user.py first seen with mtime 1737108718.3209002
File C:\Users\Ireneirungu\PycharmProjects\RafikiChatbot\venv\Lib\site-packages\werkzeug\sansio\__init__.py first seen with mtime 1738677770.476719
File C:\Users\Ireneirungu\PycharmProjects\RafikiChatbot\venv\Lib\site-packages\mongoengine\common.py first seen with mtime 1734694514.4024746
File C:\Users\Ireneirungu\AppData\Local\Programs\Python\Python39\Lib\asyncio\queues.py first seen with mtime 1652795110.0
File C:\Users\Ireneirungu\PycharmProjects\RafikiChatbot\venv\Lib\site-packages\django\utils\translation\__init__.py first seen with mtime 1737108719.5924785
File C:\Users\Ireneirungu\AppData\Local\Programs\Python\Python39\Lib\lzma.py first seen with mtime 1652795110.0
File C:\Users\Ireneirungu\AppData\Local\Programs\Python\Python39\Lib\nturl2path.py first seen with mtime 1652795110.0
File C:\Users\Ireneirungu\AppData\Local\Programs\Python\Python39\Lib\re.py first seen with mtime 1652795110.0
File C:\Users\Ireneirungu\PycharmProjects\RafikiChatbot\venv\Lib\site-packages\requests\sessions.py first seen with mtime 1734352374.2122855
File C:\Users\Ireneirungu\AppData\Local\Programs\Python\Python39\Lib\asyncio\selector_events.py first seen with mtime 1652795110.0
File C:\Users\Ireneirungu\PycharmProjects\RafikiChatbot\venv\Lib\site-packages\rest_framework\mixins.py first seen with mtime 1737108716.6662376
File C:\Users\Ireneirungu\PycharmProjects\RafikiChatbot\venv\Lib\site-packages\django\views\generic\edit.py first seen with mtime 1737108719.603189
File C:\Users\Ireneirungu\AppData\Local\Programs\Python\Python39\Lib\encodings\utf_8.py first seen with mtime 1652795110.0
File C:\Users\Ireneirungu\PycharmProjects\RafikiChatbot\venv\Lib\site-packages\jwt\api_jwt.py first seen with mtime 1738679958.2155378
File C:\Users\Ireneirungu\PycharmProjects\RafikiChatbot\venv\Lib\site-packages\django\utils\functional.py first seen with mtime 1737108719.5835502
File C:\Users\Ireneirungu\PycharmProjects\RafikiChatbot\venv\Lib\site-packages\django\core\handlers\exception.py first seen with mtime 1737108719.4335313
File C:\Users\Ireneirungu\PycharmProjects\RafikiChatbot\venv\Lib\site-packages\django\db\migrations\operations\fields.py first seen with mtime 1737108719.487587
File C:\Users\Ireneirungu\PycharmProjects\RafikiChatbot\venv\Lib\site-packages\pymongo\database.py first seen with mtime 1734681582.7543666
File C:\Users\Ireneirungu\PycharmProjects\RafikiChatbot\venv\Lib\site-packages\django\utils\__init__.py first seen with mtime 1737108719.5756967
File C:\Users\Ireneirungu\PycharmProjects\RafikiChatbot\manage.py first seen with mtime 1738505856.248953
File C:\Users\Ireneirungu\PycharmProjects\RafikiChatbot\venv\Lib\site-packages\pymongo\network.py first seen with mtime 1734681582.7663553
File C:\Users\Ireneirungu\PycharmProjects\RafikiChatbot\venv\Lib\site-packages\django\contrib\auth\decorators.py first seen with mtime 1737108718.3228998
File C:\Users\Ireneirungu\PycharmProjects\RafikiChatbot\venv\Lib\site-packages\requests\certs.py first seen with mtime 1734352374.2066245
File C:\Users\Ireneirungu\PycharmProjects\RafikiChatbot\venv\Lib\site-packages\django\contrib\messages\utils.py first seen with mtime 1737108718.9699283
File C:\Users\Ireneirungu\PycharmProjects\RafikiChatbot\venv\Lib\site-packages\charset_normalizer\constant.py first seen with mtime 1734352373.996681
File C:\Users\Ireneirungu\AppData\Local\Programs\Python\Python39\Lib\opcode.py first seen with mtime 1652795110.0
File C:\Users\Ireneirungu\PycharmProjects\RafikiChatbot\venv\Lib\site-packages\mongoengine\base\fields.py first seen with mtime 1734694514.416675
File C:\Users\Ireneirungu\AppData\Local\Programs\Python\Python39\Lib\shutil.py first seen with mtime 1652795110.0
File C:\Users\Ireneirungu\PycharmProjects\RafikiChatbot\venv\Lib\site-packages\django\templatetags\static.py first seen with mtime 1737108719.5676963
File C:\Users\Ireneirungu\AppData\Local\Programs\Python\Python39\Lib\unittest\main.py first seen with mtime 1652795112.0
File C:\Users\Ireneirungu\PycharmProjects\RafikiChatbot\venv\Lib\site-packages\django\contrib\postgres\utils.py first seen with mtime 1737108718.9777222
File C:\Users\Ireneirungu\PycharmProjects\RafikiChatbot\venv\Lib\site-packages\bson\timestamp.py first seen with mtime 1734681582.726139
File C:\Users\Ireneirungu\PycharmProjects\RafikiChatbot\venv\Lib\site-packages\urllib3\util\url.py first seen with mtime 1734352373.6286242
File C:\Users\Ireneirungu\AppData\Local\Programs\Python\Python39\Lib\sysconfig.py first seen with mtime 1652795110.0
File C:\Users\Ireneirungu\PycharmProjects\RafikiChatbot\venv\Lib\site-packages\idna\idnadata.py first seen with mtime 1734352373.8461885
File C:\Users\Ireneirungu\AppData\Local\Programs\Python\Python39\Lib\html\entities.py first seen with mtime 1652795110.0
File C:\Users\Ireneirungu\AppData\Local\Programs\Python\Python39\Lib\email\quoprimime.py first seen with mtime 1652795110.0
File C:\Users\Ireneirungu\AppData\Local\Programs\Python\Python39\Lib\collections\__init__.py first seen with mtime 1652795110.0
File C:\Users\Ireneirungu\AppData\Local\Programs\Python\Python39\Lib\unittest\util.py first seen with mtime 1652795112.0
File C:\Users\Ireneirungu\AppData\Local\Programs\Python\Python39\Lib\pathlib.py first seen with mtime 1652795110.0
File C:\Users\Ireneirungu\PycharmProjects\RafikiChatbot\venv\Lib\site-packages\sqlparse\__init__.py first seen with mtime 1734690958.4996963
File C:\Users\Ireneirungu\AppData\Local\Programs\Python\Python39\Lib\importlib\abc.py first seen with mtime 1652795110.0
File C:\Users\Ireneirungu\PycharmProjects\RafikiChatbot\venv\Lib\site-packages\django\contrib\admin\exceptions.py first seen with mtime 1737108717.9387197
File C:\Users\Ireneirungu\PycharmProjects\RafikiChatbot\venv\Lib\site-packages\django\utils\html.py first seen with mtime 1737108719.5850992
File C:\Users\Ireneirungu\PycharmProjects\RafikiChatbot\venv\Lib\site-packages\django\contrib\messages\api.py first seen with mtime 1737108718.9679291
File C:\Users\Ireneirungu\PycharmProjects\RafikiChatbot\venv\Lib\site-packages\django\views\generic\__init__.py first seen with mtime 1737108719.6014786
File C:\Users\Ireneirungu\PycharmProjects\RafikiChatbot\venv\Lib\site-packages\pymongo\topology.py first seen with mtime 1734681582.7787602
File C:\Users\Ireneirungu\PycharmProjects\RafikiChatbot\venv\Lib\site-packages\rest_framework\templatetags\rest_framework.py first seen with mtime 1737108716.7780335
File C:\Users\Ireneirungu\PycharmProjects\RafikiChatbot\venv\Lib\site-packages\django\contrib\auth\admin.py first seen with mtime 1737108718.3199017
File C:\Users\Ireneirungu\PycharmProjects\RafikiChatbot\venv\Lib\site-packages\requests\hooks.py first seen with mtime 1734352374.2096255
File C:\Users\Ireneirungu\PycharmProjects\RafikiChatbot\venv\Lib\site-packages\pymongo\auth.py first seen with mtime 1734681582.7371223
File C:\Users\Ireneirungu\PycharmProjects\RafikiChatbot\venv\Lib\site-packages\rest_framework\utils\field_mapping.py first seen with mtime 1737108716.7795384
File C:\Users\Ireneirungu\AppData\Local\Programs\Python\Python39\Lib\asyncio\windows_events.py first seen with mtime 1652795110.0
File C:\Users\Ireneirungu\PycharmProjects\RafikiChatbot\venv\Lib\site-packages\requests\api.py first seen with mtime 1734352374.204618
File C:\Users\Ireneirungu\PycharmProjects\RafikiChatbot\venv\Lib\site-packages\mongoengine\base\metaclasses.py first seen with mtime 1734694514.4177966
File C:\Users\Ireneirungu\PycharmProjects\RafikiChatbot\venv\Lib\site-packages\django\core\signing.py first seen with mtime 1737108719.4138215
File C:\Users\Ireneirungu\PycharmProjects\RafikiChatbot\venv\Lib\site-packages\rest_framework_simplejwt\__init__.py first seen with mtime 1738782341.4336193
File C:\Users\Ireneirungu\PycharmProjects\RafikiChatbot\venv\Lib\site-packages\django\urls\utils.py first seen with mtime 1737108719.5746963
File C:\Users\Ireneirungu\AppData\Local\Programs\Python\Python39\Lib\email\encoders.py first seen with mtime 1652795110.0
File C:\Users\Ireneirungu\AppData\Local\Programs\Python\Python39\DLLs\select.pyd first seen with mtime 1652795162.0
File C:\Users\Ireneirungu\PycharmProjects\RafikiChatbot\venv\Lib\site-packages\django\contrib\admindocs\utils.py first seen with mtime 1737108718.211594
File C:\Users\Ireneirungu\AppData\Local\Programs\Python\Python39\Lib\pprint.py first seen with mtime 1652795110.0
File C:\Users\Ireneirungu\AppData\Local\Programs\Python\Python39\Lib\wsgiref\handlers.py first seen with mtime 1652795112.0
File C:\Users\Ireneirungu\PycharmProjects\RafikiChatbot\venv\Lib\site-packages\django\contrib\contenttypes\apps.py first seen with mtime 1737108718.4385047
File C:\Users\Ireneirungu\PycharmProjects\RafikiChatbot\venv\Lib\site-packages\django\utils\timesince.py first seen with mtime 1737108719.5904782
File C:\Users\Ireneirungu\PycharmProjects\RafikiChatbot\venv\Lib\site-packages\rest_framework_simplejwt\token_blacklist\models.py first seen with mtime 1738782341.541409
File C:\Users\Ireneirungu\PycharmProjects\RafikiChatbot\venv\Lib\site-packages\sqlparse\filters\__init__.py first seen with mtime 1734690958.5160797
File C:\Users\Ireneirungu\AppData\Local\Programs\Python\Python39\DLLs\_overlapped.pyd first seen with mtime 1652795162.0
File C:\Users\Ireneirungu\PycharmProjects\RafikiChatbot\venv\Lib\site-packages\django\contrib\admin\views\autocomplete.py first seen with mtime 1737108718.2088008
File C:\Users\Ireneirungu\PycharmProjects\RafikiChatbot\venv\Lib\site-packages\django\dispatch\dispatcher.py first seen with mtime 1737108719.5085635
File C:\Users\Ireneirungu\PycharmProjects\RafikiChatbot\venv\Lib\site-packages\pymongo\son_manipulator.py first seen with mtime 1734681582.775756
File C:\Users\Ireneirungu\AppData\Local\Programs\Python\Python39\Lib\dis.py first seen with mtime 1652795110.0
File C:\Users\Ireneirungu\PycharmProjects\RafikiChatbot\venv\Lib\site-packages\rest_framework\utils\mediatypes.py first seen with mtime 1737108716.7815442
File C:\Users\Ireneirungu\PycharmProjects\RafikiChatbot\venv\Lib\site-packages\django\contrib\sessions\apps.py first seen with mtime 1737108719.1794913
File C:\Users\Ireneirungu\PycharmProjects\RafikiChatbot\venv\Lib\site-packages\pymongo\server_selectors.py first seen with mtime 1734681582.7733822
File C:\Users\Ireneirungu\PycharmProjects\RafikiChatbot\venv\Lib\site-packages\rest_framework\utils\humanize_datetime.py first seen with mtime 1737108716.7805443
File C:\Users\Ireneirungu\PycharmProjects\RafikiChatbot\venv\Lib\site-packages\django\utils\connection.py first seen with mtime 1737108719.578697
File C:\Users\Ireneirungu\PycharmProjects\RafikiChatbot\venv\Lib\site-packages\django\views\decorators\common.py first seen with mtime 1737108719.5984783
File C:\Users\Ireneirungu\PycharmProjects\RafikiChatbot\venv\Lib\site-packages\urllib3\http2\__init__.py first seen with mtime 1734352373.6206238
File C:\Users\Ireneirungu\PycharmProjects\RafikiChatbot\venv\Lib\site-packages\django\contrib\postgres\search.py first seen with mtime 1737108718.976722
File C:\Users\Ireneirungu\PycharmProjects\RafikiChatbot\venv\Lib\site-packages\django\test\utils.py first seen with mtime 1737108719.5716963
File C:\Users\Ireneirungu\AppData\Local\Programs\Python\Python39\DLLs\_queue.pyd first seen with mtime 1652795162.0
File C:\Users\Ireneirungu\AppData\Local\Programs\Python\Python39\Lib\dataclasses.py first seen with mtime 1652795110.0
File C:\Users\Ireneirungu\AppData\Local\Programs\Python\Python39\Lib\asyncio\coroutines.py first seen with mtime 1652795110.0
File C:\Users\Ireneirungu\AppData\Local\Programs\Python\Python39\Lib\email\charset.py first seen with mtime 1652795110.0
File C:\Users\Ireneirungu\AppData\Local\Programs\Python\Python39\Lib\abc.py first seen with mtime 1652795110.0
File C:\Users\Ireneirungu\PycharmProjects\RafikiChatbot\venv\Lib\site-packages\django\middleware\__init__.py first seen with mtime 1737108719.5517552
File C:\Users\Ireneirungu\AppData\Local\Programs\Python\Python39\Lib\logging\handlers.py first seen with mtime 1652795110.0
File C:\Users\Ireneirungu\PycharmProjects\RafikiChatbot\venv\Lib\site-packages\rest_framework\request.py first seen with mtime 1737108716.6689925
File C:\Users\Ireneirungu\PycharmProjects\RafikiChatbot\venv\Lib\site-packages\django\db\backends\base\__init__.py first seen with mtime 1737108719.458562
File C:\Users\Ireneirungu\PycharmProjects\RafikiChatbot\venv\Lib\site-packages\django\forms\forms.py first seen with mtime 1737108719.5109124
File C:\Users\Ireneirungu\AppData\Local\Programs\Python\Python39\Lib\heapq.py first seen with mtime 1652795110.0
File C:\Users\Ireneirungu\PycharmProjects\RafikiChatbot\venv\Lib\site-packages\idna\intranges.py first seen with mtime 1734352373.847198
File C:\Users\Ireneirungu\PycharmProjects\RafikiChatbot\venv\Lib\site-packages\requests\exceptions.py first seen with mtime 1734352374.2086258
File C:\Users\Ireneirungu\PycharmProjects\RafikiChatbot\venv\Lib\site-packages\django\contrib\admin\sites.py first seen with mtime 1737108717.940725
File C:\Users\Ireneirungu\PycharmProjects\RafikiChatbot\venv\Lib\site-packages\django\forms\__init__.py first seen with mtime 1737108719.5099068
File C:\Users\Ireneirungu\AppData\Local\Programs\Python\Python39\Lib\html\__init__.py first seen with mtime 1652795110.0
File C:\Users\Ireneirungu\PycharmProjects\RafikiChatbot\venv\Lib\site-packages\rest_framework\parsers.py first seen with mtime 1737108716.6676507
File C:\Users\Ireneirungu\AppData\Local\Programs\Python\Python39\Lib\random.py first seen with mtime 1652795110.0
File C:\Users\Ireneirungu\PycharmProjects\RafikiChatbot\venv\Lib\site-packages\bson\objectid.py first seen with mtime 1734681582.724011
File C:\Users\Ireneirungu\PycharmProjects\RafikiChatbot\venv\Lib\site-packages\jwt\exceptions.py first seen with mtime 1738679958.230459
File C:\Users\Ireneirungu\PycharmProjects\RafikiChatbot\venv\Lib\site-packages\django\contrib\admin\templatetags\__init__.py first seen with mtime 1737108718.2058008
File C:\Users\Ireneirungu\AppData\Local\Programs\Python\Python39\Lib\token.py first seen with mtime 1652795112.0
File C:\Users\Ireneirungu\PycharmProjects\RafikiChatbot\venv\Lib\site-packages\werkzeug\__init__.py first seen with mtime 1738677770.408965
File C:\Users\Ireneirungu\PycharmProjects\RafikiChatbot\venv\Lib\site-packages\django\core\cache\backends\locmem.py first seen with mtime 1737108719.4181447
File C:\Users\Ireneirungu\PycharmProjects\RafikiChatbot\venv\Lib\site-packages\django\core\checks\files.py first seen with mtime 1737108719.4208922
File C:\Users\Ireneirungu\PycharmProjects\RafikiChatbot\venv\Lib\site-packages\django\db\backends\base\features.py first seen with mtime 1737108719.460562
File C:\Users\Ireneirungu\AppData\Local\Programs\Python\Python39\DLLs\_bz2.pyd first seen with mtime 1652795172.0
File C:\Users\Ireneirungu\PycharmProjects\RafikiChatbot\venv\Lib\site-packages\django\db\backends\postgresql\__init__.py first seen with mtime 1737108719.4735818
File C:\Users\Ireneirungu\PycharmProjects\RafikiChatbot\venv\Lib\site-packages\django\db\models\fields\mixins.py first seen with mtime 1737108719.4979036
File C:\Users\Ireneirungu\PycharmProjects\RafikiChatbot\venv\Lib\site-packages\typing_extensions.py first seen with mtime 1734350002.583874
File C:\Users\Ireneirungu\PycharmProjects\RafikiChatbot\venv\Lib\site-packages\bson\_cbson.cp39-win_amd64.pyd first seen with mtime 1734681582.7150095
File C:\Users\Ireneirungu\PycharmProjects\RafikiChatbot\venv\Lib\site-packages\charset_normalizer\__init__.py first seen with mtime 1734352373.993682
File C:\Users\Ireneirungu\PycharmProjects\RafikiChatbot\venv\Lib\site-packages\django\contrib\auth\tokens.py first seen with mtime 1737108718.3258996
File C:\Users\Ireneirungu\AppData\Local\Programs\Python\Python39\DLLs\_socket.pyd first seen with mtime 1652795162.0
File C:\Users\Ireneirungu\PycharmProjects\RafikiChatbot\venv\Lib\site-packages\urllib3\util\__init__.py first seen with mtime 1734352373.6226256
File C:\Users\Ireneirungu\PycharmProjects\RafikiChatbot\venv\Lib\site-packages\django\core\servers\basehttp.py first seen with mtime 1737108719.455562
File C:\Users\Ireneirungu\PycharmProjects\RafikiChatbot\venv\Lib\site-packages\django\core\paginator.py first seen with mtime 1737108719.4138215
File C:\Users\Ireneirungu\PycharmProjects\RafikiChatbot\venv\Lib\site-packages\werkzeug\datastructures\auth.py first seen with mtime 1738677770.4329672
File C:\Users\Ireneirungu\AppData\Local\Programs\Python\Python39\Lib\concurrent\__init__.py first seen with mtime 1652795110.0
File C:\Users\Ireneirungu\PycharmProjects\RafikiChatbot\venv\Lib\site-packages\bson\dbref.py first seen with mtime 1734681582.7209766
File C:\Users\Ireneirungu\PycharmProjects\RafikiChatbot\venv\Lib\site-packages\django\core\checks\security\csrf.py first seen with mtime 1737108719.4252796
File C:\Users\Ireneirungu\PycharmProjects\RafikiChatbot\venv\Lib\site-packages\django\forms\formsets.py first seen with mtime 1737108719.5109124
File C:\Users\Ireneirungu\PycharmProjects\RafikiChatbot\venv\Lib\site-packages\werkzeug\serving.py first seen with mtime 1738677770.4220357
File C:\Users\Ireneirungu\PycharmProjects\RafikiChatbot\venv\Lib\site-packages\django\contrib\sites\__init__.py first seen with mtime 1737108719.2964797
File C:\Users\Ireneirungu\PycharmProjects\RafikiChatbot\venv\Lib\site-packages\rest_framework\validators.py first seen with mtime 1737108716.6733744
File C:\Users\Ireneirungu\PycharmProjects\RafikiChatbot\venv\Lib\site-packages\pymongo\periodic_executor.py first seen with mtime 1734681582.7683558
File C:\Users\Ireneirungu\PycharmProjects\RafikiChatbot\venv\Lib\site-packages\django\utils\numberformat.py first seen with mtime 1737108719.588478
File C:\Users\Ireneirungu\AppData\Local\Programs\Python\Python39\Lib\http\server.py first seen with mtime 1652795110.0
File C:\Users\Ireneirungu\PycharmProjects\RafikiChatbot\venv\Lib\site-packages\mongoengine\errors.py first seen with mtime 1734694514.4077282
File C:\Users\Ireneirungu\PycharmProjects\RafikiChatbot\venv\Lib\site-packages\rest_framework\fields.py first seen with mtime 1737108716.6648896
File C:\Users\Ireneirungu\AppData\Local\Programs\Python\Python39\Lib\xml\dom\__init__.py first seen with mtime 1652795112.0
File C:\Users\Ireneirungu\AppData\Local\Programs\Python\Python39\Lib\collections\abc.py first seen with mtime 1652795110.0
File C:\Users\Ireneirungu\PycharmProjects\RafikiChatbot\venv\Lib\site-packages\urllib3\exceptions.py first seen with mtime 1734352373.6075337
File C:\Users\Ireneirungu\PycharmProjects\RafikiChatbot\venv\Lib\site-packages\django\db\models\aggregates.py first seen with mtime 1737108719.4900002
File C:\Users\Ireneirungu\AppData\Local\Programs\Python\Python39\Lib\encodings\aliases.py first seen with mtime 1652795110.0
File C:\Users\Ireneirungu\PycharmProjects\RafikiChatbot\venv\Lib\site-packages\pymongo\__init__.py first seen with mtime 1734681582.7291164
File C:\Users\Ireneirungu\PycharmProjects\RafikiChatbot\venv\Lib\site-packages\django\core\files\storage\memory.py first seen with mtime 1737108719.4313564
File C:\Users\Ireneirungu\PycharmProjects\RafikiChatbot\venv\Lib\site-packages\rest_framework\utils\model_meta.py first seen with mtime 1737108716.7815442
File C:\Users\Ireneirungu\PycharmProjects\RafikiChatbot\venv\Lib\site-packages\pymongo\pool.py first seen with mtime 1734681582.7683558
File C:\Users\Ireneirungu\PycharmProjects\RafikiChatbot\venv\Lib\site-packages\django\http\__init__.py first seen with mtime 1737108719.5487413
File C:\Users\Ireneirungu\PycharmProjects\RafikiChatbot\venv\Lib\site-packages\django\contrib\auth\forms.py first seen with mtime 1737108718.3228998
File C:\Users\Ireneirungu\PycharmProjects\RafikiChatbot\venv\Lib\site-packages\django\core\checks\compatibility\django_4_0.py first seen with mtime 1737108719.4237895
File C:\Users\Ireneirungu\PycharmProjects\RafikiChatbot\venv\Lib\site-packages\sqlparse\filters\right_margin.py first seen with mtime 1734690958.5215716
File C:\Users\Ireneirungu\PycharmProjects\RafikiChatbot\venv\Lib\site-packages\django\core\cache\backends\filebased.py first seen with mtime 1737108719.4181447
File C:\Users\Ireneirungu\PycharmProjects\RafikiChatbot\venv\Lib\site-packages\django\db\backends\utils.py first seen with mtime 1737108719.458562
File C:\Users\Ireneirungu\PycharmProjects\RafikiChatbot\venv\Lib\site-packages\urllib3\util\ssl_match_hostname.py first seen with mtime 1734352373.626624
File C:\Users\Ireneirungu\PycharmProjects\RafikiChatbot\venv\Lib\site-packages\django\contrib\sites\requests.py first seen with mtime 1737108719.2994788
File C:\Users\Ireneirungu\PycharmProjects\RafikiChatbot\venv\Lib\site-packages\django\views\i18n.py first seen with mtime 1737108719.5964787
File C:\Users\Ireneirungu\PycharmProjects\RafikiChatbot\venv\Lib\site-packages\django\core\checks\security\sessions.py first seen with mtime 1737108719.4252796
File C:\Users\Ireneirungu\PycharmProjects\RafikiChatbot\venv\Lib\site-packages\django\utils\datastructures.py first seen with mtime 1737108719.5796971
File C:\Users\Ireneirungu\PycharmProjects\RafikiChatbot\venv\Lib\site-packages\django\contrib\auth\management\__init__.py first seen with mtime 1737108718.4307463
File C:\Users\Ireneirungu\PycharmProjects\RafikiChatbot\venv\Lib\site-packages\urllib3\response.py first seen with mtime 1734352373.6105356
File C:\Users\Ireneirungu\PycharmProjects\RafikiChatbot\venv\Lib\site-packages\django\template\loader_tags.py first seen with mtime 1737108719.5596967
File C:\Users\Ireneirungu\PycharmProjects\RafikiChatbot\venv\Lib\site-packages\django\views\__init__.py first seen with mtime 1737108719.5954783
File C:\Users\Ireneirungu\AppData\Local\Programs\Python\Python39\Lib\asyncio\locks.py first seen with mtime 1652795110.0
File C:\Users\Ireneirungu\PycharmProjects\RafikiChatbot\venv\Lib\site-packages\rest_framework\authentication.py first seen with mtime 1737108716.6620271
File C:\Users\Ireneirungu\AppData\Local\Programs\Python\Python39\Lib\contextlib.py first seen with mtime 1652795110.0
File C:\Users\Ireneirungu\AppData\Local\Programs\Python\Python39\Lib\asyncio\futures.py first seen with mtime 1652795110.0
File C:\Users\Ireneirungu\PycharmProjects\RafikiChatbot\venv\Lib\site-packages\sqlparse\utils.py first seen with mtime 1734690958.510053
File C:\Users\Ireneirungu\PycharmProjects\RafikiChatbot\venv\Lib\site-packages\django\core\cache\__init__.py first seen with mtime 1737108719.4152586
File C:\Users\Ireneirungu\PycharmProjects\RafikiChatbot\venv\Lib\site-packages\django\forms\widgets.py first seen with mtime 1737108719.513073
File C:\Users\Ireneirungu\PycharmProjects\RafikiChatbot\venv\Lib\site-packages\rest_framework\schemas\openapi.py first seen with mtime 1737108716.7288504
File C:\Users\Ireneirungu\AppData\Local\Programs\Python\Python39\Lib\uu.py first seen with mtime 1652795112.0
File C:\Users\Ireneirungu\PycharmProjects\RafikiChatbot\venv\Lib\site-packages\requests\status_codes.py first seen with mtime 1734352374.2122855
File C:\Users\Ireneirungu\PycharmProjects\RafikiChatbot\venv\Lib\site-packages\corsheaders\conf.py first seen with mtime 1737108771.0275495
File C:\Users\Ireneirungu\PycharmProjects\RafikiChatbot\venv\Lib\site-packages\sqlparse\engine\__init__.py first seen with mtime 1734690958.5114064
File C:\Users\Ireneirungu\PycharmProjects\RafikiChatbot\venv\Lib\site-packages\django\contrib\admin\widgets.py first seen with mtime 1737108717.942725
File C:\Users\Ireneirungu\PycharmProjects\RafikiChatbot\venv\Lib\site-packages\django\core\management\sql.py first seen with mtime 1737108719.4405317
File C:\Users\Ireneirungu\PycharmProjects\RafikiChatbot\venv\Lib\site-packages\django\test\signals.py first seen with mtime 1737108719.5706966
File C:\Users\Ireneirungu\PycharmProjects\RafikiChatbot\venv\Lib\site-packages\jwt\warnings.py first seen with mtime 1738679958.242665
File C:\Users\Ireneirungu\PycharmProjects\RafikiChatbot\venv\Lib\site-packages\urllib3\util\connection.py first seen with mtime 1734352373.6226256
File C:\Users\Ireneirungu\PycharmProjects\RafikiChatbot\venv\Lib\site-packages\urllib3\connectionpool.py first seen with mtime 1734352373.6075337
File C:\Users\Ireneirungu\PycharmProjects\RafikiChatbot\venv\Lib\site-packages\django\core\cache\backends\base.py first seen with mtime 1737108719.4166954
File C:\Users\Ireneirungu\PycharmProjects\RafikiChatbot\venv\Lib\site-packages\django\utils\topological_sort.py first seen with mtime 1737108719.5914783
File C:\Users\Ireneirungu\AppData\Local\Programs\Python\Python39\Lib\importlib\util.py first seen with mtime 1652795110.0
File C:\Users\Ireneirungu\PycharmProjects\RafikiChatbot\venv\Lib\site-packages\django\contrib\messages\storage\__init__.py first seen with mtime 1737108718.9718716
File C:\Users\Ireneirungu\AppData\Local\Programs\Python\Python39\Lib\asyncio\staggered.py first seen with mtime 1652795110.0
File C:\Users\Ireneirungu\PycharmProjects\RafikiChatbot\venv\Lib\site-packages\pymongo\ssl_match_hostname.py first seen with mtime 1734681582.7767556
File C:\Users\Ireneirungu\PycharmProjects\RafikiChatbot\venv\Lib\site-packages\django\contrib\staticfiles\handlers.py first seen with mtime 1737108719.4064355
File C:\Users\Ireneirungu\PycharmProjects\RafikiChatbot\venv\Lib\site-packages\django\core\files\images.py first seen with mtime 1737108719.4266655
File C:\Users\Ireneirungu\PycharmProjects\RafikiChatbot\venv\Lib\site-packages\django\core\files\locks.py first seen with mtime 1737108719.4280593
File C:\Users\Ireneirungu\PycharmProjects\RafikiChatbot\venv\Lib\site-packages\django\utils\regex_helper.py first seen with mtime 1737108719.588478
File C:\Users\Ireneirungu\AppData\Local\Programs\Python\Python39\Lib\http\cookiejar.py first seen with mtime 1652795110.0
File C:\Users\Ireneirungu\PycharmProjects\RafikiChatbot\venv\Lib\site-packages\rest_framework\schemas\generators.py first seen with mtime 1737108716.7277834
File C:\Users\Ireneirungu\AppData\Local\Programs\Python\Python39\Lib\email\feedparser.py first seen with mtime 1652795110.0
File C:\Users\Ireneirungu\PycharmProjects\RafikiChatbot\venv\Lib\site-packages\rest_framework_simplejwt\views.py first seen with mtime 1738782341.4475977
File C:\Users\Ireneirungu\PycharmProjects\RafikiChatbot\venv\Lib\site-packages\werkzeug\datastructures\headers.py first seen with mtime 1738677770.440703
File C:\Users\Ireneirungu\PycharmProjects\RafikiChatbot\venv\Lib\site-packages\django\contrib\sessions\__init__.py first seen with mtime 1737108719.1794913
File C:\Users\Ireneirungu\PycharmProjects\RafikiChatbot\venv\Lib\site-packages\bson\json_util.py first seen with mtime 1734681582.7229757
File C:\Users\Ireneirungu\PycharmProjects\RafikiChatbot\venv\Lib\site-packages\django\contrib\messages\middleware.py first seen with mtime 1737108718.9699283
File C:\Users\Ireneirungu\PycharmProjects\RafikiChatbot\venv\Lib\site-packages\rest_framework\schemas\inspectors.py first seen with mtime 1737108716.7277834
File C:\Users\Ireneirungu\PycharmProjects\RafikiChatbot\venv\Lib\site-packages\corsheaders\checks.py first seen with mtime 1737108771.0275495
File C:\Users\Ireneirungu\PycharmProjects\RafikiChatbot\venv\Lib\site-packages\django\views\decorators\csrf.py first seen with mtime 1737108719.5994785
File C:\Users\Ireneirungu\AppData\Local\Programs\Python\Python39\Lib\concurrent\futures\thread.py first seen with mtime 1652795110.0
File C:\Users\Ireneirungu\PycharmProjects\RafikiChatbot\venv\Lib\site-packages\django\db\models\sql\constants.py first seen with mtime 1737108719.5059032
File C:\Users\Ireneirungu\PycharmProjects\RafikiChatbot\venv\Lib\site-packages\werkzeug\urls.py first seen with mtime 1738677770.4259627
File C:\Users\Ireneirungu\PycharmProjects\RafikiChatbot\venv\Lib\site-packages\django\contrib\postgres\lookups.py first seen with mtime 1737108718.9757223
File C:\Users\Ireneirungu\PycharmProjects\RafikiChatbot\venv\Lib\site-packages\django\db\models\fields\json.py first seen with mtime 1737108719.4979036
File C:\Users\Ireneirungu\PycharmProjects\RafikiChatbot\venv\Lib\site-packages\django\contrib\postgres\__init__.py first seen with mtime 1737108718.9738996
File C:\Users\Ireneirungu\PycharmProjects\RafikiChatbot\venv\Lib\site-packages\werkzeug\datastructures\__init__.py first seen with mtime 1738677770.4309626
File C:\Users\Ireneirungu\PycharmProjects\RafikiChatbot\venv\Lib\site-packages\django\contrib\auth\validators.py first seen with mtime 1737108718.3268998
File C:\Users\Ireneirungu\PycharmProjects\RafikiChatbot\venv\Lib\site-packages\django\utils\timezone.py first seen with mtime 1737108719.5904782
File C:\Users\Ireneirungu\PycharmProjects\RafikiChatbot\venv\Lib\site-packages\django\utils\tree.py first seen with mtime 1737108719.5914783
File C:\Users\Ireneirungu\PycharmProjects\RafikiChatbot\venv\Lib\site-packages\rest_framework_simplejwt\settings.py first seen with mtime 1738782341.442051
File C:\Users\Ireneirungu\PycharmProjects\RafikiChatbot\venv\Lib\site-packages\django\forms\utils.py first seen with mtime 1737108719.513073
File C:\Users\Ireneirungu\PycharmProjects\RafikiChatbot\venv\Lib\site-packages\django\core\files\move.py first seen with mtime 1737108719.4280593
File C:\Users\Ireneirungu\AppData\Local\Programs\Python\Python39\Lib\email\header.py first seen with mtime 1652795110.0
File C:\Users\Ireneirungu\PycharmProjects\RafikiChatbot\venv\Lib\site-packages\asgiref\__init__.py first seen with mtime 1734350002.720843
"GET / HTTP/1.1" 200 644
File C:\Users\Ireneirungu\PycharmProjects\RafikiChatbot\venv\Lib\site-packages\django\contrib\contenttypes\models.py first seen with mtime 1737108718.4405098
File C:\Users\Ireneirungu\AppData\Local\Programs\Python\Python39\Lib\stringprep.py first seen with mtime 1652795110.0
File C:\Users\Ireneirungu\PycharmProjects\RafikiChatbot\venv\Lib\site-packages\werkzeug\datastructures\csp.py first seen with mtime 1738677770.4363651
File C:\Users\Ireneirungu\PycharmProjects\RafikiChatbot\venv\Lib\site-packages\django\contrib\admin\utils.py first seen with mtime 1737108717.9417253
File C:\Users\Ireneirungu\PycharmProjects\RafikiChatbot\venv\Lib\site-packages\sqlparse\engine\grouping.py first seen with mtime 1734690958.513169
File C:\Users\Ireneirungu\PycharmProjects\RafikiChatbot\venv\Lib\site-packages\rest_framework\schemas\coreapi.py first seen with mtime 1737108716.7267835
File C:\Users\Ireneirungu\AppData\Local\Programs\Python\Python39\Lib\asyncio\base_subprocess.py first seen with mtime 1652795110.0
File C:\Users\Ireneirungu\PycharmProjects\RafikiChatbot\venv\Lib\site-packages\django\urls\__init__.py first seen with mtime 1737108719.5726955
File C:\Users\Ireneirungu\PycharmProjects\RafikiChatbot\venv\Lib\site-packages\pytz\exceptions.py first seen with mtime 1734681582.362906
File C:\Users\Ireneirungu\PycharmProjects\RafikiChatbot\venv\Lib\site-packages\django\conf\locale\__init__.py first seen with mtime 1737108717.7580237
File C:\Users\Ireneirungu\PycharmProjects\RafikiChatbot\venv\Lib\site-packages\django\contrib\admindocs\__init__.py first seen with mtime 1737108718.209801
File C:\Users\Ireneirungu\PycharmProjects\RafikiChatbot\venv\Lib\site-packages\django\contrib\sessions\models.py first seen with mtime 1737108719.1814911
File C:\Users\Ireneirungu\PycharmProjects\RafikiChatbot\venv\Lib\site-packages\django\db\models\options.py first seen with mtime 1737108719.4939034
File C:\Users\Ireneirungu\AppData\Local\Programs\Python\Python39\Lib\email\contentmanager.py first seen with mtime 1652795110.0
File C:\Users\Ireneirungu\PycharmProjects\RafikiChatbot\venv\Lib\site-packages\django\db\models\fields\related_descriptors.py first seen with mtime 1737108719.4999027
File C:\Users\Ireneirungu\PycharmProjects\RafikiChatbot\venv\Lib\site-packages\django\template\loaders\app_directories.py first seen with mtime 1737108719.5646966
File C:\Users\Ireneirungu\PycharmProjects\RafikiChatbot\venv\Lib\site-packages\django\dispatch\__init__.py first seen with mtime 1737108719.5085635
File C:\Users\Ireneirungu\PycharmProjects\RafikiChatbot\venv\Lib\site-packages\django\__init__.py first seen with mtime 1737108717.7501402
File C:\Users\Ireneirungu\PycharmProjects\RafikiChatbot\venv\Lib\site-packages\django\utils\text.py first seen with mtime 1737108719.5894783
File C:\Users\Ireneirungu\PycharmProjects\RafikiChatbot\venv\Lib\site-packages\pymongo\thread_util.py first seen with mtime 1734681582.7777553
File C:\Users\Ireneirungu\PycharmProjects\RafikiChatbot\venv\Lib\site-packages\django\core\handlers\__init__.py first seen with mtime 1737108719.432527
File C:\Users\Ireneirungu\AppData\Local\Programs\Python\Python39\Lib\json\__init__.py first seen with mtime 1652795110.0
File C:\Users\Ireneirungu\PycharmProjects\RafikiChatbot\venv\Lib\site-packages\django\db\migrations\operations\__init__.py first seen with mtime 1737108719.4865873
File C:\Users\Ireneirungu\PycharmProjects\RafikiChatbot\venv\Lib\site-packages\django\db\backends\signals.py first seen with mtime 1737108719.458562
File C:\Users\Ireneirungu\AppData\Local\Programs\Python\Python39\Lib\asyncio\sslproto.py first seen with mtime 1652795110.0
File C:\Users\Ireneirungu\PycharmProjects\RafikiChatbot\venv\Lib\site-packages\django\utils\ipv6.py first seen with mtime 1737108719.5864735
File C:\Users\Ireneirungu\AppData\Local\Programs\Python\Python39\Lib\operator.py first seen with mtime 1652795110.0
File C:\Users\Ireneirungu\PycharmProjects\RafikiChatbot\venv\Lib\site-packages\mongoengine\queryset\queryset.py first seen with mtime 1734694514.4246054
File C:\Users\Ireneirungu\PycharmProjects\RafikiChatbot\venv\Lib\site-packages\werkzeug\_internal.py first seen with mtime 1738677770.4099631
File C:\Users\Ireneirungu\PycharmProjects\RafikiChatbot\venv\Lib\site-packages\django\template\exceptions.py first seen with mtime 1737108719.5586965
File C:\Users\Ireneirungu\PycharmProjects\RafikiChatbot\venv\Lib\site-packages\mongoengine\base\__init__.py first seen with mtime 1734694514.4143317
File C:\Users\Ireneirungu\AppData\Local\Programs\Python\Python39\Lib\traceback.py first seen with mtime 1652795112.0
File C:\Users\Ireneirungu\PycharmProjects\RafikiChatbot\venv\Lib\site-packages\django\template\backends\__init__.py first seen with mtime 1737108719.5616963
File C:\Users\Ireneirungu\PycharmProjects\RafikiChatbot\venv\Lib\site-packages\django\test\__init__.py first seen with mtime 1737108719.5686963
File C:\Users\Ireneirungu\PycharmProjects\RafikiChatbot\venv\Lib\site-packages\django\db\models\deletion.py first seen with mtime 1737108719.4918983
File C:\Users\Ireneirungu\AppData\Local\Programs\Python\Python39\Lib\signal.py first seen with mtime 1652795110.0
File C:\Users\Ireneirungu\PycharmProjects\RafikiChatbot\venv\Lib\site-packages\jwt\algorithms.py first seen with mtime 1738679958.2124398
File C:\Users\Ireneirungu\PycharmProjects\RafikiChatbot\venv\Lib\site-packages\django\core\files\uploadedfile.py first seen with mtime 1737108719.4280593
File C:\Users\Ireneirungu\PycharmProjects\RafikiChatbot\core\__init__.py first seen with mtime 1738505856.240755
File C:\Users\Ireneirungu\PycharmProjects\RafikiChatbot\venv\Lib\site-packages\urllib3\fields.py first seen with mtime 1734352373.6085339
File C:\Users\Ireneirungu\PycharmProjects\RafikiChatbot\venv\Lib\site-packages\pymongo\change_stream.py first seen with mtime 1734681582.7391322
File C:\Users\Ireneirungu\PycharmProjects\RafikiChatbot\venv\Lib\site-packages\werkzeug\datastructures\file_storage.py first seen with mtime 1738677770.4383798
File C:\Users\Ireneirungu\PycharmProjects\RafikiChatbot\venv\Lib\site-packages\django\contrib\auth\backends.py first seen with mtime 1737108718.3209002
File C:\Users\Ireneirungu\PycharmProjects\RafikiChatbot\venv\Lib\site-packages\pymongo\results.py first seen with mtime 1734681582.7713554
File C:\Users\Ireneirungu\PycharmProjects\RafikiChatbot\venv\Lib\site-packages\django\template\context.py first seen with mtime 1737108719.5566967
File C:\Users\Ireneirungu\PycharmProjects\RafikiChatbot\venv\Lib\site-packages\django\template\response.py first seen with mtime 1737108719.5606966
File C:\Users\Ireneirungu\PycharmProjects\RafikiChatbot\venv\Lib\site-packages\mongoengine\queryset\base.py first seen with mtime 1734694514.4216118
File C:\Users\Ireneirungu\PycharmProjects\RafikiChatbot\venv\Lib\site-packages\pymongo\topology_description.py first seen with mtime 1734681582.7787602
File C:\Users\Ireneirungu\PycharmProjects\RafikiChatbot\venv\Lib\site-packages\django\http\multipartparser.py first seen with mtime 1737108719.5497415
File C:\Users\Ireneirungu\PycharmProjects\RafikiChatbot\venv\Lib\site-packages\requests\utils.py first seen with mtime 1734352374.214603
File C:\Users\Ireneirungu\AppData\Local\Programs\Python\Python39\Lib\asyncio\windows_utils.py first seen with mtime 1652795110.0
File C:\Users\Ireneirungu\PycharmProjects\RafikiChatbot\venv\Lib\site-packages\django\core\checks\__init__.py first seen with mtime 1737108719.4196482
File C:\Users\Ireneirungu\PycharmProjects\RafikiChatbot\venv\Lib\site-packages\django\utils\safestring.py first seen with mtime 1737108719.5894783
File C:\Users\Ireneirungu\AppData\Local\Programs\Python\Python39\Lib\email\parser.py first seen with mtime 1652795110.0
File C:\Users\Ireneirungu\AppData\Local\Programs\Python\Python39\Lib\inspect.py first seen with mtime 1652795110.0
File C:\Users\Ireneirungu\PycharmProjects\RafikiChatbot\venv\Lib\site-packages\jwt\jwk_set_cache.py first seen with mtime 1738679958.2364752
File C:\Users\Ireneirungu\PycharmProjects\RafikiChatbot\venv\Lib\site-packages\django\core\files\temp.py first seen with mtime 1737108719.4280593
File C:\Users\Ireneirungu\PycharmProjects\RafikiChatbot\venv\Lib\site-packages\jwt\types.py first seen with mtime 1738679958.2394745
File C:\Users\Ireneirungu\PycharmProjects\RafikiChatbot\venv\Lib\site-packages\django\core\cache\utils.py first seen with mtime 1737108719.4152586
File C:\Users\Ireneirungu\AppData\Local\Programs\Python\Python39\Lib\email\base64mime.py first seen with mtime 1652795110.0
File C:\Users\Ireneirungu\PycharmProjects\RafikiChatbot\venv\Lib\site-packages\rest_framework\utils\formatting.py first seen with mtime 1737108716.7795384
File C:\Users\Ireneirungu\PycharmProjects\RafikiChatbot\venv\Lib\site-packages\django\db\models\fields\files.py first seen with mtime 1737108719.4969034
File C:\Users\Ireneirungu\PycharmProjects\RafikiChatbot\venv\Lib\site-packages\rest_framework\utils\__init__.py first seen with mtime 1737108716.7780335
File C:\Users\Ireneirungu\PycharmProjects\RafikiChatbot\venv\Lib\site-packages\django\db\backends\dummy\base.py first seen with mtime 1737108719.4635618
File C:\Users\Ireneirungu\PycharmProjects\RafikiChatbot\venv\Lib\site-packages\rest_framework\utils\representation.py first seen with mtime 1737108716.7825444
File C:\Users\Ireneirungu\AppData\Local\Programs\Python\Python39\Lib\encodings\latin_1.py first seen with mtime 1652795110.0
File C:\Users\Ireneirungu\PycharmProjects\RafikiChatbot\venv\Lib\site-packages\pymongo\settings.py first seen with mtime 1734681582.7747476
File C:\Users\Ireneirungu\PycharmProjects\RafikiChatbot\venv\Lib\site-packages\werkzeug\datastructures\structures.py first seen with mtime 1738677770.4446428
File C:\Users\Ireneirungu\PycharmProjects\RafikiChatbot\venv\Lib\site-packages\charset_normalizer\md.cp39-win_amd64.pyd first seen with mtime 1734352374.0006783
File C:\Users\Ireneirungu\PycharmProjects\RafikiChatbot\venv\Lib\site-packages\django\utils\inspect.py first seen with mtime 1737108719.5861938
File C:\Users\Ireneirungu\PycharmProjects\RafikiChatbot\venv\Lib\site-packages\werkzeug\sansio\response.py first seen with mtime 1738677770.4808953
File C:\Users\Ireneirungu\PycharmProjects\RafikiChatbot\venv\Lib\site-packages\django\db\backends\base\client.py first seen with mtime 1737108719.4595618
File C:\Users\Ireneirungu\PycharmProjects\RafikiChatbot\venv\Lib\site-packages\django\contrib\admin\templatetags\admin_list.py first seen with mtime 1737108718.2058008
File C:\Users\Ireneirungu\AppData\Local\Programs\Python\Python39\Lib\sre_compile.py first seen with mtime 1652795110.0
File C:\Users\Ireneirungu\PycharmProjects\RafikiChatbot\venv\Lib\site-packages\urllib3\contrib\__init__.py first seen with mtime 1734352373.611935
File C:\Users\Ireneirungu\PycharmProjects\RafikiChatbot\venv\Lib\site-packages\django\contrib\contenttypes\views.py first seen with mtime 1737108718.4405098
File C:\Users\Ireneirungu\AppData\Local\Programs\Python\Python39\Lib\zipfile.py first seen with mtime 1652795112.0
File C:\Users\Ireneirungu\PycharmProjects\RafikiChatbot\venv\Lib\site-packages\werkzeug\wsgi.py first seen with mtime 1738677770.4299629
File C:\Users\Ireneirungu\AppData\Local\Programs\Python\Python39\Lib\email\utils.py first seen with mtime 1652795110.0
File C:\Users\Ireneirungu\PycharmProjects\RafikiChatbot\venv\Lib\site-packages\urllib3\filepost.py first seen with mtime 1734352373.609536
File C:\Users\Ireneirungu\AppData\Local\Programs\Python\Python39\Lib\reprlib.py first seen with mtime 1652795110.0
File C:\Users\Ireneirungu\PycharmProjects\RafikiChatbot\venv\Lib\site-packages\django\apps\registry.py first seen with mtime 1737108717.7530267
File C:\Users\Ireneirungu\PycharmProjects\RafikiChatbot\venv\Lib\site-packages\rest_framework\reverse.py first seen with mtime 1737108716.6689925
File C:\Users\Ireneirungu\AppData\Local\Programs\Python\Python39\Lib\email\errors.py first seen with mtime 1652795110.0
File C:\Users\Ireneirungu\AppData\Local\Programs\Python\Python39\DLLs\_decimal.pyd first seen with mtime 1652795162.0
File C:\Users\Ireneirungu\PycharmProjects\RafikiChatbot\venv\Lib\site-packages\django\utils\asyncio.py first seen with mtime 1737108719.5766966
File C:\Users\Ireneirungu\AppData\Local\Programs\Python\Python39\Lib\zoneinfo\__init__.py first seen with mtime 1652795112.0
File C:\Users\Ireneirungu\AppData\Local\Programs\Python\Python39\Lib\calendar.py first seen with mtime 1652795110.0
File C:\Users\Ireneirungu\PycharmProjects\RafikiChatbot\chatbot\__init__.py first seen with mtime 1738505856.237081
File C:\Users\Ireneirungu\PycharmProjects\RafikiChatbot\venv\Lib\site-packages\django\contrib\postgres\forms\hstore.py first seen with mtime 1737108718.9842331
File C:\Users\Ireneirungu\PycharmProjects\RafikiChatbot\venv\Lib\site-packages\django\db\backends\base\introspection.py first seen with mtime 1737108719.4615612
File C:\Users\Ireneirungu\PycharmProjects\RafikiChatbot\venv\Lib\site-packages\django\core\checks\registry.py first seen with mtime 1737108719.4222894
File C:\Users\Ireneirungu\PycharmProjects\RafikiChatbot\venv\Lib\site-packages\django\db\backends\__init__.py first seen with mtime 1737108719.4575617
File C:\Users\Ireneirungu\AppData\Local\Programs\Python\Python39\Lib\ntpath.py first seen with mtime 1652795110.0
File C:\Users\Ireneirungu\PycharmProjects\RafikiChatbot\venv\Lib\site-packages\django\db\migrations\utils.py first seen with mtime 1737108719.4855864
File C:\Users\Ireneirungu\AppData\Local\Programs\Python\Python39\Lib\encodings\__init__.py first seen with mtime 1652795110.0
File C:\Users\Ireneirungu\AppData\Local\Programs\Python\Python39\Lib\genericpath.py first seen with mtime 1652795110.0
File C:\Users\Ireneirungu\PycharmProjects\RafikiChatbot\venv\Lib\site-packages\django\db\models\base.py first seen with mtime 1737108719.490413
File C:\Users\Ireneirungu\PycharmProjects\RafikiChatbot\venv\Lib\site-packages\rest_framework\serializers.py first seen with mtime 1737108716.6704235
File C:\Users\Ireneirungu\AppData\Local\Programs\Python\Python39\Lib\email\message.py first seen with mtime 1652795110.0
File C:\Users\Ireneirungu\PycharmProjects\RafikiChatbot\venv\Lib\site-packages\django\contrib\sites\shortcuts.py first seen with mtime 1737108719.2994788
File C:\Users\Ireneirungu\AppData\Local\Programs\Python\Python39\Lib\encodings\cp1252.py first seen with mtime 1652795110.0
File C:\Users\Ireneirungu\PycharmProjects\RafikiChatbot\venv\Lib\site-packages\django\forms\boundfield.py first seen with mtime 1737108719.5099068
File C:\Users\Ireneirungu\AppData\Local\Programs\Python\Python39\Lib\decimal.py first seen with mtime 1652795110.0
File C:\Users\Ireneirungu\PycharmProjects\RafikiChatbot\venv\Lib\site-packages\mongoengine\pymongo_support.py first seen with mtime 1734694514.4129674
File C:\Users\Ireneirungu\PycharmProjects\RafikiChatbot\venv\Lib\site-packages\rest_framework_simplejwt\exceptions.py first seen with mtime 1738782341.4376569
File C:\Users\Ireneirungu\AppData\Local\Programs\Python\Python39\Lib\xml\dom\minicompat.py first seen with mtime 1652795112.0
File C:\Users\Ireneirungu\PycharmProjects\RafikiChatbot\venv\Lib\site-packages\gridfs\errors.py first seen with mtime 1734681582.7291164
File C:\Users\Ireneirungu\PycharmProjects\RafikiChatbot\venv\Lib\site-packages\urllib3\_base_connection.py first seen with mtime 1734352373.6025262
File C:\Users\Ireneirungu\PycharmProjects\RafikiChatbot\venv\Lib\site-packages\django\template\smartif.py first seen with mtime 1737108719.5606966
File C:\Users\Ireneirungu\PycharmProjects\RafikiChatbot\venv\Lib\site-packages\django\core\wsgi.py first seen with mtime 1737108719.4152586
File C:\Users\Ireneirungu\PycharmProjects\RafikiChatbot\venv\Lib\site-packages\django\utils\dateparse.py first seen with mtime 1737108719.5805454
File C:\Users\Ireneirungu\PycharmProjects\RafikiChatbot\venv\Lib\site-packages\idna\package_data.py first seen with mtime 1734352373.847198
File C:\Users\Ireneirungu\PycharmProjects\RafikiChatbot\venv\Lib\site-packages\urllib3\util\util.py first seen with mtime 1734352373.6296594
File C:\Users\Ireneirungu\PycharmProjects\RafikiChatbot\venv\Lib\site-packages\django\utils\deprecation.py first seen with mtime 1737108719.5825505
File C:\Users\Ireneirungu\PycharmProjects\RafikiChatbot\venv\Lib\site-packages\django\db\models\sql\__init__.py first seen with mtime 1737108719.5049033
File C:\Users\Ireneirungu\PycharmProjects\RafikiChatbot\venv\Lib\site-packages\rest_framework\schemas\utils.py first seen with mtime 1737108716.7288504
File C:\Users\Ireneirungu\PycharmProjects\RafikiChatbot\venv\Lib\site-packages\django\db\transaction.py first seen with mtime 1737108719.456561
File C:\Users\Ireneirungu\AppData\Local\Programs\Python\Python39\Lib\bz2.py first seen with mtime 1652795110.0
File C:\Users\Ireneirungu\AppData\Local\Programs\Python\Python39\Lib\warnings.py first seen with mtime 1652795112.0
File C:\Users\Ireneirungu\PycharmProjects\RafikiChatbot\venv\Lib\site-packages\django\contrib\postgres\forms\array.py first seen with mtime 1737108718.9842331
File C:\Users\Ireneirungu\AppData\Local\Programs\Python\Python39\Lib\zoneinfo\_common.py first seen with mtime 1652795112.0
File C:\Users\Ireneirungu\PycharmProjects\RafikiChatbot\venv\Lib\site-packages\mongoengine\base\document.py first seen with mtime 1734694514.4156575
File C:\Users\Ireneirungu\PycharmProjects\RafikiChatbot\venv\Lib\site-packages\pymongo\monotonic.py first seen with mtime 1734681582.7653575
File C:\Users\Ireneirungu\PycharmProjects\RafikiChatbot\venv\Lib\site-packages\requests\auth.py first seen with mtime 1734352374.2056248
File C:\Users\Ireneirungu\PycharmProjects\RafikiChatbot\venv\Lib\site-packages\django\core\files\storage\filesystem.py first seen with mtime 1737108719.4313564
File C:\Users\Ireneirungu\PycharmProjects\RafikiChatbot\venv\Lib\site-packages\django\core\mail\__init__.py first seen with mtime 1737108719.4345317
File C:\Users\Ireneirungu\PycharmProjects\RafikiChatbot\venv\Lib\site-packages\requests\__version__.py first seen with mtime 1734352374.202619
File C:\Users\Ireneirungu\PycharmProjects\RafikiChatbot\core\urls.py first seen with mtime 1738782543.9474359
File C:\Users\Ireneirungu\PycharmProjects\RafikiChatbot\venv\Lib\site-packages\django\contrib\contenttypes\checks.py first seen with mtime 1737108718.4395099
File C:\Users\Ireneirungu\PycharmProjects\RafikiChatbot\venv\Lib\site-packages\mongoengine\connection.py first seen with mtime 1734694514.4024746
File C:\Users\Ireneirungu\AppData\Local\Programs\Python\Python39\Lib\asyncio\subprocess.py first seen with mtime 1652795110.0
File C:\Users\Ireneirungu\PycharmProjects\RafikiChatbot\venv\Lib\site-packages\django\contrib\auth\signals.py first seen with mtime 1737108718.3258996
File C:\Users\Ireneirungu\PycharmProjects\RafikiChatbot\venv\Lib\site-packages\rest_framework\__init__.py first seen with mtime 1737108716.6606266
File C:\Users\Ireneirungu\AppData\Local\Programs\Python\Python39\Lib\datetime.py first seen with mtime 1652795110.0
File C:\Users\Ireneirungu\PycharmProjects\RafikiChatbot\venv\Lib\site-packages\pymongo\collection.py first seen with mtime 1734681582.745367
File C:\Users\Ireneirungu\PycharmProjects\RafikiChatbot\venv\Lib\site-packages\django\contrib\admindocs\views.py first seen with mtime 1737108718.211594
File C:\Users\Ireneirungu\PycharmProjects\RafikiChatbot\venv\Lib\site-packages\django\contrib\admin\filters.py first seen with mtime 1737108717.9387197
File C:\Users\Ireneirungu\PycharmProjects\RafikiChatbot\venv\Lib\site-packages\django\db\models\functions\datetime.py first seen with mtime 1737108719.5019038
File C:\Users\Ireneirungu\PycharmProjects\RafikiChatbot\venv\Lib\site-packages\pymongo\helpers.py first seen with mtime 1734681582.760356
File C:\Users\Ireneirungu\PycharmProjects\RafikiChatbot\venv\Lib\site-packages\mongoengine\fields.py first seen with mtime 1734694514.409696
File C:\Users\Ireneirungu\AppData\Local\Programs\Python\Python39\Lib\quopri.py first seen with mtime 1652795110.0
File C:\Users\Ireneirungu\PycharmProjects\RafikiChatbot\venv\Lib\site-packages\django\templatetags\cache.py first seen with mtime 1737108719.5666966
File C:\Users\Ireneirungu\PycharmProjects\RafikiChatbot\venv\Lib\site-packages\django\contrib\admin\views\__init__.py first seen with mtime 1737108718.2078006
File C:\Users\Ireneirungu\AppData\Local\Programs\Python\Python39\Lib\importlib\resources.py first seen with mtime 1652795110.0
File C:\Users\Ireneirungu\PycharmProjects\RafikiChatbot\venv\Lib\site-packages\mongoengine\base\utils.py first seen with mtime 1734694514.418805
File C:\Users\Ireneirungu\PycharmProjects\RafikiChatbot\venv\Lib\site-packages\django\utils\duration.py first seen with mtime 1737108719.5825505
File C:\Users\Ireneirungu\PycharmProjects\RafikiChatbot\venv\Lib\site-packages\idna\core.py first seen with mtime 1734352373.845154
File C:\Users\Ireneirungu\PycharmProjects\RafikiChatbot\venv\Lib\site-packages\django\core\checks\urls.py first seen with mtime 1737108719.4237895
File C:\Users\Ireneirungu\AppData\Local\Programs\Python\Python39\Lib\json\decoder.py first seen with mtime 1652795110.0
File C:\Users\Ireneirungu\PycharmProjects\RafikiChatbot\venv\Lib\site-packages\pymongo\auth_aws.py first seen with mtime 1734681582.7371223
File C:\Users\Ireneirungu\PycharmProjects\RafikiChatbot\venv\Lib\site-packages\urllib3\util\ssltransport.py first seen with mtime 1734352373.6276243
File C:\Users\Ireneirungu\PycharmProjects\RafikiChatbot\venv\Lib\site-packages\django\db\models\enums.py first seen with mtime 1737108719.4918983
File C:\Users\Ireneirungu\PycharmProjects\RafikiChatbot\venv\Lib\site-packages\django\utils\crypto.py first seen with mtime 1737108719.578697
File C:\Users\Ireneirungu\PycharmProjects\RafikiChatbot\venv\Lib\site-packages\django\contrib\staticfiles\management\commands\runserver.py first seen with mtime 1737108719.4113607
File C:\Users\Ireneirungu\PycharmProjects\RafikiChatbot\venv\Lib\site-packages\django\views\generic\list.py first seen with mtime 1737108719.603189
File C:\Users\Ireneirungu\PycharmProjects\RafikiChatbot\venv\Lib\site-packages\django\db\backends\base\creation.py first seen with mtime 1737108719.460562
File C:\Users\Ireneirungu\PycharmProjects\RafikiChatbot\venv\Lib\site-packages\django\utils\encoding.py first seen with mtime 1737108719.5825505
File C:\Users\Ireneirungu\PycharmProjects\RafikiChatbot\venv\Lib\site-packages\django\core\files\base.py first seen with mtime 1737108719.4266655
File C:\Users\Ireneirungu\AppData\Local\Programs\Python\Python39\Lib\unittest\loader.py first seen with mtime 1652795112.0
File C:\Users\Ireneirungu\AppData\Local\Programs\Python\Python39\Lib\asyncio\streams.py first seen with mtime 1652795110.0
File C:\Users\Ireneirungu\PycharmProjects\RafikiChatbot\venv\Lib\site-packages\charset_normalizer\version.py first seen with mtime 1734352374.0547538
File C:\Users\Ireneirungu\PycharmProjects\RafikiChatbot\venv\Lib\site-packages\django\utils\translation\reloader.py first seen with mtime 1737108719.5934787
File C:\Users\Ireneirungu\PycharmProjects\RafikiChatbot\venv\Lib\site-packages\pymongo\encryption_options.py first seen with mtime 1734681582.7553606
File C:\Users\Ireneirungu\PycharmProjects\RafikiChatbot\venv\Lib\site-packages\pytz\lazy.py first seen with mtime 1734681582.3639057
File C:\Users\Ireneirungu\PycharmProjects\RafikiChatbot\venv\Lib\site-packages\django\contrib\sessions\backends\base.py first seen with mtime 1737108719.182492
File C:\Users\Ireneirungu\PycharmProjects\RafikiChatbot\venv\Lib\site-packages\werkzeug\exceptions.py first seen with mtime 1738677770.4139664
File C:\Users\Ireneirungu\PycharmProjects\RafikiChatbot\venv\Lib\site-packages\django\db\models\query_utils.py first seen with mtime 1737108719.4949033
File C:\Users\Ireneirungu\PycharmProjects\RafikiChatbot\venv\Lib\site-packages\pymongo\ssl_support.py first seen with mtime 1734681582.7777553
File C:\Users\Ireneirungu\PycharmProjects\RafikiChatbot\venv\Lib\site-packages\urllib3\_version.py first seen with mtime 1734352373.6055334
File C:\Users\Ireneirungu\PycharmProjects\RafikiChatbot\venv\Lib\site-packages\sqlparse\cli.py first seen with mtime 1734690958.5016952
File C:\Users\Ireneirungu\PycharmProjects\RafikiChatbot\venv\Lib\site-packages\rest_framework\utils\urls.py first seen with mtime 1737108716.7835445
File C:\Users\Ireneirungu\AppData\Local\Programs\Python\Python39\Lib\weakref.py first seen with mtime 1652795112.0
File C:\Users\Ireneirungu\PycharmProjects\RafikiChatbot\venv\Lib\site-packages\mongoengine\base\datastructures.py first seen with mtime 1734694514.4156575
File C:\Users\Ireneirungu\PycharmProjects\RafikiChatbot\venv\Lib\site-packages\requests\_internal_utils.py first seen with mtime 1734352374.202619
File C:\Users\Ireneirungu\AppData\Local\Programs\Python\Python39\Lib\json\encoder.py first seen with mtime 1652795110.0
File C:\Users\Ireneirungu\AppData\Local\Programs\Python\Python39\Lib\asyncio\tasks.py first seen with mtime 1652795110.0
File C:\Users\Ireneirungu\PycharmProjects\RafikiChatbot\venv\Lib\site-packages\rest_framework_simplejwt\models.py first seen with mtime 1738782341.4390137
File C:\Users\Ireneirungu\PycharmProjects\RafikiChatbot\venv\Lib\site-packages\django\db\backends\base\validation.py first seen with mtime 1737108719.462562
File C:\Users\Ireneirungu\PycharmProjects\RafikiChatbot\venv\Lib\site-packages\django\template\engine.py first seen with mtime 1737108719.5586965
File C:\Users\Ireneirungu\AppData\Local\Programs\Python\Python39\Lib\asyncio\log.py first seen with mtime 1652795110.0
File C:\Users\Ireneirungu\PycharmProjects\RafikiChatbot\venv\Lib\site-packages\django\contrib\admin\__init__.py first seen with mtime 1737108717.9362738
File C:\Users\Ireneirungu\PycharmProjects\RafikiChatbot\venv\Lib\site-packages\django\contrib\admin\templatetags\admin_urls.py first seen with mtime 1737108718.2068007
File C:\Users\Ireneirungu\PycharmProjects\RafikiChatbot\venv\Lib\site-packages\requests\packages.py first seen with mtime 1734352374.2110522
File C:\Users\Ireneirungu\PycharmProjects\RafikiChatbot\venv\Lib\site-packages\rest_framework\generics.py first seen with mtime 1737108716.6648896
File C:\Users\Ireneirungu\AppData\Local\Programs\Python\Python39\Lib\fnmatch.py first seen with mtime 1652795110.0
File C:\Users\Ireneirungu\PycharmProjects\RafikiChatbot\venv\Lib\site-packages\corsheaders\middleware.py first seen with mtime 1737108771.02855
File C:\Users\Ireneirungu\PycharmProjects\RafikiChatbot\venv\Lib\site-packages\sqlparse\lexer.py first seen with mtime 1734690958.506648
File C:\Users\Ireneirungu\PycharmProjects\RafikiChatbot\venv\Lib\site-packages\django\db\models\expressions.py first seen with mtime 1737108719.4929035
File C:\Users\Ireneirungu\PycharmProjects\RafikiChatbot\venv\Lib\site-packages\django\db\models\sql\query.py first seen with mtime 1737108719.5069034
File C:\Users\Ireneirungu\PycharmProjects\RafikiChatbot\venv\Lib\site-packages\django\template\library.py first seen with mtime 1737108719.5596967
File C:\Users\Ireneirungu\AppData\Local\Programs\Python\Python39\Lib\secrets.py first seen with mtime 1652795110.0
File C:\Users\Ireneirungu\PycharmProjects\RafikiChatbot\venv\Lib\site-packages\django\templatetags\tz.py first seen with mtime 1737108719.5676963
File C:\Users\Ireneirungu\PycharmProjects\RafikiChatbot\venv\Lib\site-packages\django\db\models\signals.py first seen with mtime 1737108719.4959035
File C:\Users\Ireneirungu\PycharmProjects\RafikiChatbot\venv\Lib\site-packages\bson\tz_util.py first seen with mtime 1734681582.7271566
File C:\Users\Ireneirungu\PycharmProjects\RafikiChatbot\venv\Lib\site-packages\django\contrib\__init__.py first seen with mtime 1737108717.9362738
File C:\Users\Ireneirungu\PycharmProjects\RafikiChatbot\venv\Lib\site-packages\django\core\exceptions.py first seen with mtime 1737108719.4138215
File C:\Users\Ireneirungu\PycharmProjects\RafikiChatbot\venv\Lib\site-packages\urllib3\util\response.py first seen with mtime 1734352373.6246278
File C:\Users\Ireneirungu\AppData\Local\Programs\Python\Python39\Lib\importlib\metadata.py first seen with mtime 1652795110.0
File C:\Users\Ireneirungu\AppData\Local\Programs\Python\Python39\Lib\asyncio\trsock.py first seen with mtime 1652795110.0
File C:\Users\Ireneirungu\PycharmProjects\RafikiChatbot\venv\Lib\site-packages\django\utils\deconstruct.py first seen with mtime 1737108719.5815508
File C:\Users\Ireneirungu\PycharmProjects\RafikiChatbot\core\settings.py first seen with mtime 1742637035.1161451
File C:\Users\Ireneirungu\PycharmProjects\RafikiChatbot\venv\Lib\site-packages\django\contrib\contenttypes\admin.py first seen with mtime 1737108718.4385047
File C:\Users\Ireneirungu\PycharmProjects\RafikiChatbot\venv\Lib\site-packages\django\core\serializers\__init__.py first seen with mtime 1737108719.4525635
File C:\Users\Ireneirungu\PycharmProjects\RafikiChatbot\venv\Lib\site-packages\django\template\loaders\__init__.py first seen with mtime 1737108719.5636969
File C:\Users\Ireneirungu\PycharmProjects\RafikiChatbot\venv\Lib\site-packages\django\db\models\fields\related_lookups.py first seen with mtime 1737108719.5009031
File C:\Users\Ireneirungu\PycharmProjects\RafikiChatbot\venv\Lib\site-packages\django\core\checks\security\base.py first seen with mtime 1737108719.4252796
File C:\Users\Ireneirungu\PycharmProjects\RafikiChatbot\venv\Lib\site-packages\django\middleware\common.py first seen with mtime 1737108719.5530572
File C:\Users\Ireneirungu\PycharmProjects\RafikiChatbot\venv\Lib\site-packages\django\contrib\staticfiles\management\__init__.py first seen with mtime 1737108719.408871
File C:\Users\Ireneirungu\PycharmProjects\RafikiChatbot\venv\Lib\site-packages\django\forms\models.py first seen with mtime 1737108719.5120683
File C:\Users\Ireneirungu\PycharmProjects\RafikiChatbot\venv\Lib\site-packages\mongoengine\queryset\__init__.py first seen with mtime 1734694514.4203155
File C:\Users\Ireneirungu\AppData\Local\Programs\Python\Python39\Lib\sre_parse.py first seen with mtime 1652795110.0
File C:\Users\Ireneirungu\PycharmProjects\RafikiChatbot\venv\Lib\site-packages\werkzeug\sansio\http.py first seen with mtime 1738677770.478094
File C:\Users\Ireneirungu\PycharmProjects\RafikiChatbot\venv\Lib\site-packages\django\contrib\messages\__init__.py first seen with mtime 1737108718.9679291
File C:\Users\Ireneirungu\PycharmProjects\RafikiChatbot\venv\Lib\site-packages\django\template\base.py first seen with mtime 1737108719.5556965
File C:\Users\Ireneirungu\PycharmProjects\RafikiChatbot\venv\Lib\site-packages\django\core\checks\compatibility\__init__.py first seen with mtime 1737108719.4237895
File C:\Users\Ireneirungu\PycharmProjects\RafikiChatbot\venv\Lib\site-packages\sqlparse\filters\aligned_indent.py first seen with mtime 1734690958.5167682
File C:\Users\Ireneirungu\PycharmProjects\RafikiChatbot\venv\Lib\site-packages\django\core\checks\database.py first seen with mtime 1737108719.4208922
File C:\Users\Ireneirungu\AppData\Local\Programs\Python\Python39\Lib\email\mime\base.py first seen with mtime 1652795110.0
File C:\Users\Ireneirungu\PycharmProjects\RafikiChatbot\venv\Lib\site-packages\pymongo\response.py first seen with mtime 1734681582.7703552
File C:\Users\Ireneirungu\PycharmProjects\RafikiChatbot\venv\Lib\site-packages\django\contrib\auth\__init__.py first seen with mtime 1737108718.3189018
File C:\Users\Ireneirungu\PycharmProjects\RafikiChatbot\venv\Lib\site-packages\django\db\models\manager.py first seen with mtime 1737108719.4939034
File C:\Users\Ireneirungu\PycharmProjects\RafikiChatbot\venv\Lib\site-packages\pymongo\compression_support.py first seen with mtime 1734681582.748357
File C:\Users\Ireneirungu\PycharmProjects\RafikiChatbot\venv\Lib\site-packages\requests\__init__.py first seen with mtime 1734352374.20162
File C:\Users\Ireneirungu\PycharmProjects\RafikiChatbot\venv\Lib\site-packages\django\utils\http.py first seen with mtime 1737108719.5850992
File C:\Users\Ireneirungu\PycharmProjects\RafikiChatbot\venv\Lib\site-packages\bson\code.py first seen with mtime 1734681582.7199757
File C:\Users\Ireneirungu\PycharmProjects\RafikiChatbot\venv\Lib\site-packages\charset_normalizer\models.py first seen with mtime 1734352374.0527532
File C:\Users\Ireneirungu\PycharmProjects\RafikiChatbot\venv\Lib\site-packages\pymongo\read_preferences.py first seen with mtime 1734681582.7703552
File C:\Users\Ireneirungu\PycharmProjects\RafikiChatbot\venv\Lib\site-packages\django\http\response.py first seen with mtime 1737108719.5507414
File C:\Users\Ireneirungu\PycharmProjects\RafikiChatbot\venv\Lib\site-packages\requests\cookies.py first seen with mtime 1734352374.207631
File C:\Users\Ireneirungu\PycharmProjects\RafikiChatbot\venv\Lib\site-packages\django\shortcuts.py first seen with mtime 1737108717.7510326
File C:\Users\Ireneirungu\AppData\Local\Programs\Python\Python39\DLLs\_lzma.pyd first seen with mtime 1652795162.0
File C:\Users\Ireneirungu\PycharmProjects\RafikiChatbot\venv\Lib\site-packages\jwt\jwks_client.py first seen with mtime 1738679958.237475
File C:\Users\Ireneirungu\AppData\Local\Programs\Python\Python39\Lib\mimetypes.py first seen with mtime 1652795110.0
File C:\Users\Ireneirungu\PycharmProjects\RafikiChatbot\venv\Lib\site-packages\django\core\handlers\wsgi.py first seen with mtime 1737108719.4345317
File C:\Users\Ireneirungu\AppData\Local\Programs\Python\Python39\DLLs\_ssl.pyd first seen with mtime 1652795162.0
File C:\Users\Ireneirungu\PycharmProjects\RafikiChatbot\venv\Lib\site-packages\django\templatetags\i18n.py first seen with mtime 1737108719.5666966
File C:\Users\Ireneirungu\AppData\Local\Programs\Python\Python39\Lib\email\mime\message.py first seen with mtime 1652795110.0
File C:\Users\Ireneirungu\PycharmProjects\RafikiChatbot\venv\Lib\site-packages\pymongo\monitor.py first seen with mtime 1734681582.7643583
File C:\Users\Ireneirungu\PycharmProjects\RafikiChatbot\venv\Lib\site-packages\rest_framework\utils\breadcrumbs.py first seen with mtime 1737108716.7790334
File C:\Users\Ireneirungu\AppData\Local\Programs\Python\Python39\Lib\types.py first seen with mtime 1652795112.0
File C:\Users\Ireneirungu\PycharmProjects\RafikiChatbot\venv\Lib\site-packages\django\templatetags\__init__.py first seen with mtime 1737108719.5656953
File C:\Users\Ireneirungu\PycharmProjects\RafikiChatbot\venv\Lib\site-packages\pymongo\collation.py first seen with mtime 1734681582.7411919
File C:\Users\Ireneirungu\PycharmProjects\RafikiChatbot\venv\Lib\site-packages\pymongo\monitoring.py first seen with mtime 1734681582.7653575
File C:\Users\Ireneirungu\AppData\Local\Programs\Python\Python39\Lib\base64.py first seen with mtime 1652795110.0
File C:\Users\Ireneirungu\PycharmProjects\RafikiChatbot\venv\Lib\site-packages\django\apps\config.py first seen with mtime 1737108717.752023
File C:\Users\Ireneirungu\PycharmProjects\RafikiChatbot\venv\Lib\site-packages\django\core\management\base.py first seen with mtime 1737108719.4395316
File C:\Users\Ireneirungu\PycharmProjects\RafikiChatbot\venv\Lib\site-packages\django\views\decorators\debug.py first seen with mtime 1737108719.5994785
File C:\Users\Ireneirungu\PycharmProjects\RafikiChatbot\venv\Lib\site-packages\werkzeug\wrappers\response.py first seen with mtime 1738677770.4861808
File C:\Users\Ireneirungu\PycharmProjects\RafikiChatbot\venv\Lib\site-packages\sqlparse\filters\output.py first seen with mtime 1734690958.5188313
File C:\Users\Ireneirungu\PycharmProjects\RafikiChatbot\venv\Lib\site-packages\pymongo\uri_parser.py first seen with mtime 1734681582.7797568
File C:\Users\Ireneirungu\PycharmProjects\RafikiChatbot\venv\Lib\site-packages\django\test\client.py first seen with mtime 1737108719.5686963
File C:\Users\Ireneirungu\AppData\Local\Programs\Python\Python39\Lib\os.py first seen with mtime 1652795110.0
File C:\Users\Ireneirungu\AppData\Local\Programs\Python\Python39\Lib\asyncio\base_futures.py first seen with mtime 1652795110.0
File C:\Users\Ireneirungu\PycharmProjects\RafikiChatbot\venv\Lib\site-packages\django\contrib\sessions\exceptions.py first seen with mtime 1737108719.1804903
File C:\Users\Ireneirungu\AppData\Local\Programs\Python\Python39\Lib\pickle.py first seen with mtime 1652795110.0
File C:\Users\Ireneirungu\PycharmProjects\RafikiChatbot\venv\Lib\site-packages\django\core\mail\utils.py first seen with mtime 1737108719.4355326
File C:\Users\Ireneirungu\PycharmProjects\RafikiChatbot\venv\Lib\site-packages\django\contrib\auth\password_validation.py first seen with mtime 1737108718.3249
File C:\Users\Ireneirungu\AppData\Local\Programs\Python\Python39\Lib\unittest\case.py first seen with mtime 1652795112.0
File C:\Users\Ireneirungu\PycharmProjects\RafikiChatbot\venv\Lib\site-packages\pymongo\ssl_context.py first seen with mtime 1734681582.7767556
File C:\Users\Ireneirungu\PycharmProjects\RafikiChatbot\venv\Lib\site-packages\django\template\defaultfilters.py first seen with mtime 1737108719.5576987
File C:\Users\Ireneirungu\PycharmProjects\RafikiChatbot\venv\Lib\site-packages\pymongo\common.py first seen with mtime 1734681582.747444
File C:\Users\Ireneirungu\PycharmProjects\RafikiChatbot\venv\Lib\site-packages\django\db\models\sql\datastructures.py first seen with mtime 1737108719.5059032
File C:\Users\Ireneirungu\AppData\Local\Programs\Python\Python39\Lib\asyncio\events.py first seen with mtime 1652795110.0
File C:\Users\Ireneirungu\PycharmProjects\RafikiChatbot\venv\Lib\site-packages\rest_framework\utils\timezone.py first seen with mtime 1737108716.7825444
File C:\Users\Ireneirungu\AppData\Local\Programs\Python\Python39\Lib\asyncio\transports.py first seen with mtime 1652795110.0
File C:\Users\Ireneirungu\PycharmProjects\RafikiChatbot\venv\Lib\site-packages\bson\errors.py first seen with mtime 1734681582.721972
File C:\Users\Ireneirungu\PycharmProjects\RafikiChatbot\venv\Lib\site-packages\django\db\models\lookups.py first seen with mtime 1737108719.4929035
File C:\Users\Ireneirungu\PycharmProjects\RafikiChatbot\venv\Lib\site-packages\django\conf\global_settings.py first seen with mtime 1737108717.754027
File C:\Users\Ireneirungu\AppData\Local\Programs\Python\Python39\Lib\email\__init__.py first seen with mtime 1652795110.0
File C:\Users\Ireneirungu\PycharmProjects\RafikiChatbot\venv\Lib\site-packages\django\views\generic\detail.py first seen with mtime 1737108719.602479
File C:\Users\Ireneirungu\PycharmProjects\RafikiChatbot\venv\Lib\site-packages\django\db\models\sql\subqueries.py first seen with mtime 1737108719.5069034
File C:\Users\Ireneirungu\AppData\Local\Programs\Python\Python39\Lib\logging\config.py first seen with mtime 1652795110.0
File C:\Users\Ireneirungu\PycharmProjects\RafikiChatbot\venv\Lib\site-packages\django\db\models\constraints.py first seen with mtime 1737108719.4914224
File C:\Users\Ireneirungu\PycharmProjects\RafikiChatbot\venv\Lib\site-packages\pymongo\cursor.py first seen with mtime 1734681582.7494118
File C:\Users\Ireneirungu\PycharmProjects\RafikiChatbot\venv\Lib\site-packages\urllib3\__init__.py first seen with mtime 1734352373.6025262
File C:\Users\Ireneirungu\PycharmProjects\RafikiChatbot\venv\Lib\site-packages\rest_framework\views.py first seen with mtime 1737108716.6733744
File C:\Users\Ireneirungu\PycharmProjects\RafikiChatbot\venv\Lib\site-packages\django\contrib\staticfiles\management\commands\__init__.py first seen with mtime 1737108719.409875
File C:\Users\Ireneirungu\PycharmProjects\RafikiChatbot\venv\Lib\site-packages\rest_framework\compat.py first seen with mtime 1737108716.6620271
File C:\Users\Ireneirungu\PycharmProjects\RafikiChatbot\venv\Lib\site-packages\django\db\models\__init__.py first seen with mtime 1737108719.4895866
File C:\Users\Ireneirungu\PycharmProjects\RafikiChatbot\venv\Lib\site-packages\django\core\mail\message.py first seen with mtime 1737108719.4355326
File C:\Users\Ireneirungu\PycharmProjects\RafikiChatbot\chatbot\apps.py first seen with mtime 1738505856.2380807
File C:\Users\Ireneirungu\PycharmProjects\RafikiChatbot\venv\Lib\site-packages\werkzeug\datastructures\mixins.py first seen with mtime 1738677770.440703
File C:\Users\Ireneirungu\PycharmProjects\RafikiChatbot\venv\Lib\site-packages\werkzeug\datastructures\range.py first seen with mtime 1738677770.442195
File C:\Users\Ireneirungu\AppData\Local\Programs\Python\Python39\Lib\locale.py first seen with mtime 1652795110.0
File C:\Users\Ireneirungu\PycharmProjects\RafikiChatbot\venv\Lib\site-packages\django\db\migrations\__init__.py first seen with mtime 1737108719.480587
File C:\Users\Ireneirungu\AppData\Local\Programs\Python\Python39\Lib\email\generator.py first seen with mtime 1652795110.0
File C:\Users\Ireneirungu\AppData\Local\Programs\Python\Python39\Lib\concurrent\futures\__init__.py first seen with mtime 1652795110.0
File C:\Users\Ireneirungu\PycharmProjects\RafikiChatbot\venv\Lib\site-packages\bson\py3compat.py first seen with mtime 1734681582.725108
File C:\Users\Ireneirungu\PycharmProjects\RafikiChatbot\venv\Lib\site-packages\django\conf\urls\__init__.py first seen with mtime 1737108717.9350169
File C:\Users\Ireneirungu\PycharmProjects\RafikiChatbot\venv\Lib\site-packages\mongoengine\signals.py first seen with mtime 1734694514.4143317
File C:\Users\Ireneirungu\PycharmProjects\RafikiChatbot\venv\Lib\site-packages\pymongo\max_staleness_selectors.py first seen with mtime 1734681582.7613585
File C:\Users\Ireneirungu\PycharmProjects\RafikiChatbot\venv\Lib\site-packages\urllib3\_collections.py first seen with mtime 1734352373.6035266
File C:\Users\Ireneirungu\PycharmProjects\RafikiChatbot\venv\Lib\site-packages\werkzeug\user_agent.py first seen with mtime 1738677770.4269626
File C:\Users\Ireneirungu\PycharmProjects\RafikiChatbot\venv\Lib\site-packages\django\core\files\storage\mixins.py first seen with mtime 1737108719.432527
File C:\Users\Ireneirungu\PycharmProjects\RafikiChatbot\venv\Lib\site-packages\django\db\models\functions\text.py first seen with mtime 1737108719.5039034
File C:\Users\Ireneirungu\PycharmProjects\RafikiChatbot\venv\Lib\site-packages\django\urls\exceptions.py first seen with mtime 1737108719.5736966
File C:\Users\Ireneirungu\PycharmProjects\RafikiChatbot\venv\Lib\site-packages\django\utils\translation\trans_real.py first seen with mtime 1737108719.5944774
File C:\Users\Ireneirungu\PycharmProjects\RafikiChatbot\venv\Lib\site-packages\markupsafe\__init__.py first seen with mtime 1738677770.3640027
File C:\Users\Ireneirungu\PycharmProjects\RafikiChatbot\venv\Lib\site-packages\django\http\request.py first seen with mtime 1737108719.5507414
File C:\Users\Ireneirungu\PycharmProjects\RafikiChatbot\venv\Lib\site-packages\django\views\generic\base.py first seen with mtime 1737108719.6014786
File C:\Users\Ireneirungu\PycharmProjects\RafikiChatbot\venv\Lib\site-packages\rest_framework\settings.py first seen with mtime 1737108716.6704235
File C:\Users\Ireneirungu\PycharmProjects\RafikiChatbot\venv\Lib\site-packages\django\forms\renderers.py first seen with mtime 1737108719.5120683
File C:\Users\Ireneirungu\AppData\Local\Programs\Python\Python39\Lib\json\scanner.py first seen with mtime 1652795110.0
File C:\Users\Ireneirungu\PycharmProjects\RafikiChatbot\venv\Lib\site-packages\bson\son.py first seen with mtime 1734681582.726139
File C:\Users\Ireneirungu\PycharmProjects\RafikiChatbot\venv\Lib\site-packages\rest_framework\schemas\__init__.py first seen with mtime 1737108716.7267835
File C:\Users\Ireneirungu\PycharmProjects\RafikiChatbot\venv\Lib\site-packages\sqlparse\sql.py first seen with mtime 1734690958.5076926
File C:\Users\Ireneirungu\AppData\Local\Programs\Python\Python39\Lib\asyncio\__init__.py first seen with mtime 1652795110.0
File C:\Users\Ireneirungu\AppData\Local\Programs\Python\Python39\Lib\asyncio\base_tasks.py first seen with mtime 1652795110.0
File C:\Users\Ireneirungu\AppData\Local\Programs\Python\Python39\Lib\_sitebuiltins.py first seen with mtime 1652795110.0
File C:\Users\Ireneirungu\PycharmProjects\RafikiChatbot\venv\Lib\site-packages\django\utils\decorators.py first seen with mtime 1737108719.5815508
File C:\Users\Ireneirungu\PycharmProjects\RafikiChatbot\venv\Lib\site-packages\django\core\management\color.py first seen with mtime 1737108719.4395316
File C:\Users\Ireneirungu\PycharmProjects\RafikiChatbot\venv\Lib\site-packages\django\db\models\indexes.py first seen with mtime 1737108719.4929035
File C:\Users\Ireneirungu\AppData\Local\Programs\Python\Python39\Lib\unittest\suite.py first seen with mtime 1652795112.0
File C:\Users\Ireneirungu\AppData\Local\Programs\Python\Python39\Lib\email\mime\multipart.py first seen with mtime 1652795110.0
File C:\Users\Ireneirungu\AppData\Local\Programs\Python\Python39\Lib\urllib\response.py first seen with mtime 1652795112.0
File C:\Users\Ireneirungu\PycharmProjects\RafikiChatbot\venv\Lib\site-packages\werkzeug\http.py first seen with mtime 1738677770.4169629
File C:\Users\Ireneirungu\PycharmProjects\RafikiChatbot\venv\Lib\site-packages\werkzeug\wrappers\request.py first seen with mtime 1738677770.4861808
File C:\Users\Ireneirungu\PycharmProjects\RafikiChatbot\venv\Lib\site-packages\django\urls\converters.py first seen with mtime 1737108719.5736966
File C:\Users\Ireneirungu\PycharmProjects\RafikiChatbot\venv\Lib\site-packages\mongoengine\queryset\field_list.py first seen with mtime 1734694514.4226105
File C:\Users\Ireneirungu\AppData\Local\Programs\Python\Python39\Lib\wsgiref\headers.py first seen with mtime 1652795112.0
File C:\Users\Ireneirungu\AppData\Local\Programs\Python\Python39\Lib\http\client.py first seen with mtime 1652795110.0
File C:\Users\Ireneirungu\PycharmProjects\RafikiChatbot\venv\Lib\site-packages\pymongo\aggregation.py first seen with mtime 1734681582.7361176
File C:\Users\Ireneirungu\PycharmProjects\RafikiChatbot\venv\Lib\site-packages\requests\structures.py first seen with mtime 1734352374.2132938
File C:\Users\Ireneirungu\PycharmProjects\RafikiChatbot\venv\Lib\site-packages\django\core\validators.py first seen with mtime 1737108719.4152586
File C:\Users\Ireneirungu\PycharmProjects\RafikiChatbot\venv\Lib\site-packages\pymongo\client_session.py first seen with mtime 1734681582.7411919
File C:\Users\Ireneirungu\PycharmProjects\RafikiChatbot\venv\Lib\site-packages\rest_framework\apps.py first seen with mtime 1737108716.6620271
File C:\Users\Ireneirungu\AppData\Local\Programs\Python\Python39\Lib\_bootlocale.py first seen with mtime 1652795110.0
File C:\Users\Ireneirungu\PycharmProjects\RafikiChatbot\venv\Lib\site-packages\certifi\core.py first seen with mtime 1734352374.1791327
File C:\Users\Ireneirungu\PycharmProjects\RafikiChatbot\venv\Lib\site-packages\django\template\loader.py first seen with mtime 1737108719.5596967
File C:\Users\Ireneirungu\PycharmProjects\RafikiChatbot\venv\Lib\site-packages\django\core\checks\messages.py first seen with mtime 1737108719.4222894
File C:\Users\Ireneirungu\PycharmProjects\RafikiChatbot\venv\Lib\site-packages\rest_framework\checks.py first seen with mtime 1737108716.6620271
File C:\Users\Ireneirungu\AppData\Local\Programs\Python\Python39\Lib\socket.py first seen with mtime 1652795110.0
File C:\Users\Ireneirungu\PycharmProjects\RafikiChatbot\venv\Lib\site-packages\django\core\files\__init__.py first seen with mtime 1737108719.4266655
File C:\Users\Ireneirungu\PycharmProjects\RafikiChatbot\venv\Lib\site-packages\django\middleware\csrf.py first seen with mtime 1737108719.553485
File C:\Users\Ireneirungu\PycharmProjects\RafikiChatbot\venv\Lib\site-packages\urllib3\connection.py first seen with mtime 1734352373.6065369
File C:\Users\Ireneirungu\AppData\Local\Programs\Python\Python39\Lib\tempfile.py first seen with mtime 1652795110.0
File C:\Users\Ireneirungu\PycharmProjects\RafikiChatbot\venv\Lib\site-packages\django\utils\module_loading.py first seen with mtime 1737108719.588478
File C:\Users\Ireneirungu\AppData\Local\Programs\Python\Python39\Lib\csv.py first seen with mtime 1652795110.0
File C:\Users\Ireneirungu\AppData\Local\Programs\Python\Python39\Lib\wsgiref\__init__.py first seen with mtime 1652795112.0
File C:\Users\Ireneirungu\AppData\Local\Programs\Python\Python39\Lib\_compression.py first seen with mtime 1652795110.0
File C:\Users\Ireneirungu\PycharmProjects\RafikiChatbot\venv\Lib\site-packages\sqlparse\filters\others.py first seen with mtime 1734690958.517513
File C:\Users\Ireneirungu\PycharmProjects\RafikiChatbot\venv\Lib\site-packages\bson\codec_options.py first seen with mtime 1734681582.7199757
File C:\Users\Ireneirungu\PycharmProjects\RafikiChatbot\venv\Lib\site-packages\django\core\handlers\asgi.py first seen with mtime 1737108719.4335313
File C:\Users\Ireneirungu\PycharmProjects\RafikiChatbot\venv\Lib\site-packages\django\apps\__init__.py first seen with mtime 1737108717.752023
File C:\Users\Ireneirungu\PycharmProjects\RafikiChatbot\venv\Lib\site-packages\django\db\models\query.py first seen with mtime 1737108719.4949033
File C:\Users\Ireneirungu\PycharmProjects\RafikiChatbot\venv\lib\site-packages\rest_framework\templates\rest_framework first seen with mtime 1737108716.7730336
File C:\Users\Ireneirungu\PycharmProjects\RafikiChatbot\venv\lib\site-packages\rest_framework\templates\rest_framework\admin first seen with mtime 1737108716.756492
File C:\Users\Ireneirungu\PycharmProjects\RafikiChatbot\venv\lib\site-packages\rest_framework\templates\rest_framework\admin.html first seen with mtime 1737108716.7524974
File C:\Users\Ireneirungu\PycharmProjects\RafikiChatbot\venv\lib\site-packages\rest_framework\templates\rest_framework\api.html first seen with mtime 1737108716.7524974
File C:\Users\Ireneirungu\PycharmProjects\RafikiChatbot\venv\lib\site-packages\rest_framework\templates\rest_framework\base.html first seen with mtime 1737108716.753488
File C:\Users\Ireneirungu\PycharmProjects\RafikiChatbot\venv\lib\site-packages\rest_framework\templates\rest_framework\docs first seen with mtime 1737108716.760491
File C:\Users\Ireneirungu\PycharmProjects\RafikiChatbot\venv\lib\site-packages\rest_framework\templates\rest_framework\filters first seen with mtime 1737108716.7634914
File C:\Users\Ireneirungu\PycharmProjects\RafikiChatbot\venv\lib\site-packages\rest_framework\templates\rest_framework\horizontal first seen with mtime 1737108716.7680335
File C:\Users\Ireneirungu\PycharmProjects\RafikiChatbot\venv\lib\site-packages\rest_framework\templates\rest_framework\inline first seen with mtime 1737108716.7720335
File C:\Users\Ireneirungu\PycharmProjects\RafikiChatbot\venv\lib\site-packages\rest_framework\templates\rest_framework\login.html first seen with mtime 1737108716.753488
File C:\Users\Ireneirungu\PycharmProjects\RafikiChatbot\venv\lib\site-packages\rest_framework\templates\rest_framework\login_base.html first seen with mtime 1737108716.753488
File C:\Users\Ireneirungu\PycharmProjects\RafikiChatbot\venv\lib\site-packages\rest_framework\templates\rest_framework\pagination first seen with mtime 1737108716.7730336
File C:\Users\Ireneirungu\PycharmProjects\RafikiChatbot\venv\lib\site-packages\rest_framework\templates\rest_framework\raw_data_form.html first seen with mtime 1737108716.7544923
File C:\Users\Ireneirungu\PycharmProjects\RafikiChatbot\venv\lib\site-packages\rest_framework\templates\rest_framework\schema.js first seen with mtime 1737108716.7544923
File C:\Users\Ireneirungu\PycharmProjects\RafikiChatbot\venv\lib\site-packages\rest_framework\templates\rest_framework\vertical first seen with mtime 1737108716.7770338
File C:\Users\Ireneirungu\PycharmProjects\RafikiChatbot\venv\lib\site-packages\rest_framework\templates\rest_framework\admin\detail.html first seen with mtime 1737108716.7554908
File C:\Users\Ireneirungu\PycharmProjects\RafikiChatbot\venv\lib\site-packages\rest_framework\templates\rest_framework\admin\dict_value.html first seen with mtime 1737108716.7554908
File C:\Users\Ireneirungu\PycharmProjects\RafikiChatbot\venv\lib\site-packages\rest_framework\templates\rest_framework\admin\list.html first seen with mtime 1737108716.7554908
File C:\Users\Ireneirungu\PycharmProjects\RafikiChatbot\venv\lib\site-packages\rest_framework\templates\rest_framework\admin\list_value.html first seen with mtime 1737108716.756492
File C:\Users\Ireneirungu\PycharmProjects\RafikiChatbot\venv\lib\site-packages\rest_framework\templates\rest_framework\admin\simple_list_value.html first seen with mtime 1737108716.756492
File C:\Users\Ireneirungu\PycharmProjects\RafikiChatbot\venv\lib\site-packages\rest_framework\templates\rest_framework\docs\auth first seen with mtime 1737108716.7594914
File C:\Users\Ireneirungu\PycharmProjects\RafikiChatbot\venv\lib\site-packages\rest_framework\templates\rest_framework\docs\document.html first seen with mtime 1737108716.7574923
File C:\Users\Ireneirungu\PycharmProjects\RafikiChatbot\venv\lib\site-packages\rest_framework\templates\rest_framework\docs\error.html first seen with mtime 1737108716.7574923
File C:\Users\Ireneirungu\PycharmProjects\RafikiChatbot\venv\lib\site-packages\rest_framework\templates\rest_framework\docs\index.html first seen with mtime 1737108716.7574923
File C:\Users\Ireneirungu\PycharmProjects\RafikiChatbot\venv\lib\site-packages\rest_framework\templates\rest_framework\docs\interact.html first seen with mtime 1737108716.7584913
File C:\Users\Ireneirungu\PycharmProjects\RafikiChatbot\venv\lib\site-packages\rest_framework\templates\rest_framework\docs\langs first seen with mtime 1737108716.7624912
File C:\Users\Ireneirungu\PycharmProjects\RafikiChatbot\venv\lib\site-packages\rest_framework\templates\rest_framework\docs\link.html first seen with mtime 1737108716.7584913
File C:\Users\Ireneirungu\PycharmProjects\RafikiChatbot\venv\lib\site-packages\rest_framework\templates\rest_framework\docs\sidebar.html first seen with mtime 1737108716.7584913
File C:\Users\Ireneirungu\PycharmProjects\RafikiChatbot\venv\lib\site-packages\rest_framework\templates\rest_framework\docs\auth\basic.html first seen with mtime 1737108716.7594914
File C:\Users\Ireneirungu\PycharmProjects\RafikiChatbot\venv\lib\site-packages\rest_framework\templates\rest_framework\docs\auth\session.html first seen with mtime 1737108716.7594914
File C:\Users\Ireneirungu\PycharmProjects\RafikiChatbot\venv\lib\site-packages\rest_framework\templates\rest_framework\docs\auth\token.html first seen with mtime 1737108716.760491
File C:\Users\Ireneirungu\PycharmProjects\RafikiChatbot\venv\lib\site-packages\rest_framework\templates\rest_framework\docs\langs\javascript-intro.html first seen with mtime 1737108716.760491
File C:\Users\Ireneirungu\PycharmProjects\RafikiChatbot\venv\lib\site-packages\rest_framework\templates\rest_framework\docs\langs\javascript.html first seen with mtime 1737108716.760491
File C:\Users\Ireneirungu\PycharmProjects\RafikiChatbot\venv\lib\site-packages\rest_framework\templates\rest_framework\docs\langs\python-intro.html first seen with mtime 1737108716.761492
File C:\Users\Ireneirungu\PycharmProjects\RafikiChatbot\venv\lib\site-packages\rest_framework\templates\rest_framework\docs\langs\python.html first seen with mtime 1737108716.761492
File C:\Users\Ireneirungu\PycharmProjects\RafikiChatbot\venv\lib\site-packages\rest_framework\templates\rest_framework\docs\langs\shell-intro.html first seen with mtime 1737108716.7624912
File C:\Users\Ireneirungu\PycharmProjects\RafikiChatbot\venv\lib\site-packages\rest_framework\templates\rest_framework\docs\langs\shell.html first seen with mtime 1737108716.7624912
File C:\Users\Ireneirungu\PycharmProjects\RafikiChatbot\venv\lib\site-packages\rest_framework\templates\rest_framework\filters\base.html first seen with mtime 1737108716.7624912
File C:\Users\Ireneirungu\PycharmProjects\RafikiChatbot\venv\lib\site-packages\rest_framework\templates\rest_framework\filters\ordering.html first seen with mtime 1737108716.7634914
File C:\Users\Ireneirungu\PycharmProjects\RafikiChatbot\venv\lib\site-packages\rest_framework\templates\rest_framework\filters\search.html first seen with mtime 1737108716.7634914
File C:\Users\Ireneirungu\PycharmProjects\RafikiChatbot\venv\lib\site-packages\rest_framework\templates\rest_framework\horizontal\checkbox.html first seen with mtime 1737108716.7634914
File C:\Users\Ireneirungu\PycharmProjects\RafikiChatbot\venv\lib\site-packages\rest_framework\templates\rest_framework\horizontal\checkbox_multiple.html first seen with mtime 1737108716.7644942
File C:\Users\Ireneirungu\PycharmProjects\RafikiChatbot\venv\lib\site-packages\rest_framework\templates\rest_framework\horizontal\dict_field.html first seen with mtime 1737108716.7650282
File C:\Users\Ireneirungu\PycharmProjects\RafikiChatbot\venv\lib\site-packages\rest_framework\templates\rest_framework\horizontal\fieldset.html first seen with mtime 1737108716.7650282
File C:\Users\Ireneirungu\PycharmProjects\RafikiChatbot\venv\lib\site-packages\rest_framework\templates\rest_framework\horizontal\form.html first seen with mtime 1737108716.7650282
File C:\Users\Ireneirungu\PycharmProjects\RafikiChatbot\venv\lib\site-packages\rest_framework\templates\rest_framework\horizontal\input.html first seen with mtime 1737108716.7660334
File C:\Users\Ireneirungu\PycharmProjects\RafikiChatbot\venv\lib\site-packages\rest_framework\templates\rest_framework\horizontal\list_field.html first seen with mtime 1737108716.7660334
File C:\Users\Ireneirungu\PycharmProjects\RafikiChatbot\venv\lib\site-packages\rest_framework\templates\rest_framework\horizontal\list_fieldset.html first seen with mtime 1737108716.7660334
File C:\Users\Ireneirungu\PycharmProjects\RafikiChatbot\venv\lib\site-packages\rest_framework\templates\rest_framework\horizontal\radio.html first seen with mtime 1737108716.7670336
File C:\Users\Ireneirungu\PycharmProjects\RafikiChatbot\venv\lib\site-packages\rest_framework\templates\rest_framework\horizontal\select.html first seen with mtime 1737108716.7670336
File C:\Users\Ireneirungu\PycharmProjects\RafikiChatbot\venv\lib\site-packages\rest_framework\templates\rest_framework\horizontal\select_multiple.html first seen with mtime 1737108716.7680335
File C:\Users\Ireneirungu\PycharmProjects\RafikiChatbot\venv\lib\site-packages\rest_framework\templates\rest_framework\horizontal\textarea.html first seen with mtime 1737108716.7680335
File C:\Users\Ireneirungu\PycharmProjects\RafikiChatbot\venv\lib\site-packages\rest_framework\templates\rest_framework\inline\checkbox.html first seen with mtime 1737108716.7680335
File C:\Users\Ireneirungu\PycharmProjects\RafikiChatbot\venv\lib\site-packages\rest_framework\templates\rest_framework\inline\checkbox_multiple.html first seen with mtime 1737108716.7690334
File C:\Users\Ireneirungu\PycharmProjects\RafikiChatbot\venv\lib\site-packages\rest_framework\templates\rest_framework\inline\dict_field.html first seen with mtime 1737108716.7690334
File C:\Users\Ireneirungu\PycharmProjects\RafikiChatbot\venv\lib\site-packages\rest_framework\templates\rest_framework\inline\fieldset.html first seen with mtime 1737108716.7700336
File C:\Users\Ireneirungu\PycharmProjects\RafikiChatbot\venv\lib\site-packages\rest_framework\templates\rest_framework\inline\form.html first seen with mtime 1737108716.7700336
File C:\Users\Ireneirungu\PycharmProjects\RafikiChatbot\venv\lib\site-packages\rest_framework\templates\rest_framework\inline\input.html first seen with mtime 1737108716.7700336
File C:\Users\Ireneirungu\PycharmProjects\RafikiChatbot\venv\lib\site-packages\rest_framework\templates\rest_framework\inline\list_field.html first seen with mtime 1737108716.7710333
File C:\Users\Ireneirungu\PycharmProjects\RafikiChatbot\venv\lib\site-packages\rest_framework\templates\rest_framework\inline\list_fieldset.html first seen with mtime 1737108716.7710333
File C:\Users\Ireneirungu\PycharmProjects\RafikiChatbot\venv\lib\site-packages\rest_framework\templates\rest_framework\inline\radio.html first seen with mtime 1737108716.7710333
File C:\Users\Ireneirungu\PycharmProjects\RafikiChatbot\venv\lib\site-packages\rest_framework\templates\rest_framework\inline\select.html first seen with mtime 1737108716.7720335
File C:\Users\Ireneirungu\PycharmProjects\RafikiChatbot\venv\lib\site-packages\rest_framework\templates\rest_framework\inline\select_multiple.html first seen with mtime 1737108716.7720335
File C:\Users\Ireneirungu\PycharmProjects\RafikiChatbot\venv\lib\site-packages\rest_framework\templates\rest_framework\inline\textarea.html first seen with mtime 1737108716.7720335
File C:\Users\Ireneirungu\PycharmProjects\RafikiChatbot\venv\lib\site-packages\rest_framework\templates\rest_framework\pagination\numbers.html first seen with mtime 1737108716.7730336
File C:\Users\Ireneirungu\PycharmProjects\RafikiChatbot\venv\lib\site-packages\rest_framework\templates\rest_framework\pagination\previous_and_next.html first seen with mtime 1737108716.7730336
File C:\Users\Ireneirungu\PycharmProjects\RafikiChatbot\venv\lib\site-packages\rest_framework\templates\rest_framework\vertical\checkbox.html first seen with mtime 1737108716.7740335
File C:\Users\Ireneirungu\PycharmProjects\RafikiChatbot\venv\lib\site-packages\rest_framework\templates\rest_framework\vertical\checkbox_multiple.html first seen with mtime 1737108716.7740335
File C:\Users\Ireneirungu\PycharmProjects\RafikiChatbot\venv\lib\site-packages\rest_framework\templates\rest_framework\vertical\dict_field.html first seen with mtime 1737108716.7740335
File C:\Users\Ireneirungu\PycharmProjects\RafikiChatbot\venv\lib\site-packages\rest_framework\templates\rest_framework\vertical\fieldset.html first seen with mtime 1737108716.7750332
File C:\Users\Ireneirungu\PycharmProjects\RafikiChatbot\venv\lib\site-packages\rest_framework\templates\rest_framework\vertical\form.html first seen with mtime 1737108716.7750332
File C:\Users\Ireneirungu\PycharmProjects\RafikiChatbot\venv\lib\site-packages\rest_framework\templates\rest_framework\vertical\input.html first seen with mtime 1737108716.7750332
File C:\Users\Ireneirungu\PycharmProjects\RafikiChatbot\venv\lib\site-packages\rest_framework\templates\rest_framework\vertical\list_field.html first seen with mtime 1737108716.7760334
File C:\Users\Ireneirungu\PycharmProjects\RafikiChatbot\venv\lib\site-packages\rest_framework\templates\rest_framework\vertical\list_fieldset.html first seen with mtime 1737108716.7760334
File C:\Users\Ireneirungu\PycharmProjects\RafikiChatbot\venv\lib\site-packages\rest_framework\templates\rest_framework\vertical\radio.html first seen with mtime 1737108716.7760334
File C:\Users\Ireneirungu\PycharmProjects\RafikiChatbot\venv\lib\site-packages\rest_framework\templates\rest_framework\vertical\select.html first seen with mtime 1737108716.7770338
File C:\Users\Ireneirungu\PycharmProjects\RafikiChatbot\venv\lib\site-packages\rest_framework\templates\rest_framework\vertical\select_multiple.html first seen with mtime 1737108716.7770338
File C:\Users\Ireneirungu\PycharmProjects\RafikiChatbot\venv\lib\site-packages\rest_framework\templates\rest_framework\vertical\textarea.html first seen with mtime 1737108716.7770338
File C:\Users\Ireneirungu\PycharmProjects\RafikiChatbot\static\build\asset-manifest.json first seen with mtime 1742637550.910342
File C:\Users\Ireneirungu\PycharmProjects\RafikiChatbot\static\build\favicon.ico first seen with mtime 1738670587.4226553
File C:\Users\Ireneirungu\PycharmProjects\RafikiChatbot\static\build\index.html first seen with mtime 1742637550.9093401
File C:\Users\Ireneirungu\PycharmProjects\RafikiChatbot\static\build\logo192.png first seen with mtime 1738670587.4239914
File C:\Users\Ireneirungu\PycharmProjects\RafikiChatbot\static\build\logo512.png first seen with mtime 1738670587.4250026
File C:\Users\Ireneirungu\PycharmProjects\RafikiChatbot\static\build\manifest.json first seen with mtime 1738670587.4250026
File C:\Users\Ireneirungu\PycharmProjects\RafikiChatbot\static\build\robots.txt first seen with mtime 1738670587.4259992
File C:\Users\Ireneirungu\PycharmProjects\RafikiChatbot\static\build\static first seen with mtime 1742637550.910342
File C:\Users\Ireneirungu\PycharmProjects\RafikiChatbot\static\build\static\css first seen with mtime 1742637550.9128337
File C:\Users\Ireneirungu\PycharmProjects\RafikiChatbot\static\build\static\js first seen with mtime 1742637550.9168508
File C:\Users\Ireneirungu\PycharmProjects\RafikiChatbot\static\build\static\css\main.f87b11ef.css first seen with mtime 1742637550.9168508
File C:\Users\Ireneirungu\PycharmProjects\RafikiChatbot\static\build\static\css\main.f87b11ef.css.map first seen with mtime 1742637550.9168508
File C:\Users\Ireneirungu\PycharmProjects\RafikiChatbot\static\build\static\js\488.dfa393e0.chunk.js first seen with mtime 1742637550.9168508
File C:\Users\Ireneirungu\PycharmProjects\RafikiChatbot\static\build\static\js\488.dfa393e0.chunk.js.map first seen with mtime 1742637550.917842
File C:\Users\Ireneirungu\PycharmProjects\RafikiChatbot\static\build\static\js\main.74a11c4c.js first seen with mtime 1742637550.9168508
File C:\Users\Ireneirungu\PycharmProjects\RafikiChatbot\static\build\static\js\main.74a11c4c.js.LICENSE.txt first seen with mtime 1742637550.9168508
File C:\Users\Ireneirungu\PycharmProjects\RafikiChatbot\static\build\static\js\main.74a11c4c.js.map first seen with mtime 1742637550.9188673
File C:\Users\Ireneirungu\PycharmProjects\RafikiChatbot\venv\lib\site-packages\rest_framework\locale\ach\LC_MESSAGES\django.mo first seen with mtime 1737108716.6810174
File C:\Users\Ireneirungu\PycharmProjects\RafikiChatbot\venv\lib\site-packages\rest_framework\locale\ar\LC_MESSAGES\django.mo first seen with mtime 1737108716.6820176
File C:\Users\Ireneirungu\PycharmProjects\RafikiChatbot\venv\lib\site-packages\rest_framework\locale\az\LC_MESSAGES\django.mo first seen with mtime 1737108716.6820176
File C:\Users\Ireneirungu\PycharmProjects\RafikiChatbot\venv\lib\site-packages\rest_framework\locale\be\LC_MESSAGES\django.mo first seen with mtime 1737108716.6830177
File C:\Users\Ireneirungu\PycharmProjects\RafikiChatbot\venv\lib\site-packages\rest_framework\locale\bg\LC_MESSAGES\django.mo first seen with mtime 1737108716.6840172
File C:\Users\Ireneirungu\PycharmProjects\RafikiChatbot\venv\lib\site-packages\rest_framework\locale\ca\LC_MESSAGES\django.mo first seen with mtime 1737108716.6840172
File C:\Users\Ireneirungu\PycharmProjects\RafikiChatbot\venv\lib\site-packages\rest_framework\locale\ca_ES\LC_MESSAGES\django.mo first seen with mtime 1737108716.6850173
File C:\Users\Ireneirungu\PycharmProjects\RafikiChatbot\venv\lib\site-packages\rest_framework\locale\cs\LC_MESSAGES\django.mo first seen with mtime 1737108716.6860175
File C:\Users\Ireneirungu\PycharmProjects\RafikiChatbot\venv\lib\site-packages\rest_framework\locale\da\LC_MESSAGES\django.mo first seen with mtime 1737108716.6860175
File C:\Users\Ireneirungu\PycharmProjects\RafikiChatbot\venv\lib\site-packages\rest_framework\locale\de\LC_MESSAGES\django.mo first seen with mtime 1737108716.6870177
File C:\Users\Ireneirungu\PycharmProjects\RafikiChatbot\venv\lib\site-packages\rest_framework\locale\el\LC_MESSAGES\django.mo first seen with mtime 1737108716.6880174
File C:\Users\Ireneirungu\PycharmProjects\RafikiChatbot\venv\lib\site-packages\rest_framework\locale\el_GR\LC_MESSAGES\django.mo first seen with mtime 1737108716.6880174
File C:\Users\Ireneirungu\PycharmProjects\RafikiChatbot\venv\lib\site-packages\rest_framework\locale\en\LC_MESSAGES\django.mo first seen with mtime 1737108716.6890178
File C:\Users\Ireneirungu\PycharmProjects\RafikiChatbot\venv\lib\site-packages\rest_framework\locale\en_AU\LC_MESSAGES\django.mo first seen with mtime 1737108716.6900175
File C:\Users\Ireneirungu\PycharmProjects\RafikiChatbot\venv\lib\site-packages\rest_framework\locale\en_CA\LC_MESSAGES\django.mo first seen with mtime 1737108716.6910203
File C:\Users\Ireneirungu\PycharmProjects\RafikiChatbot\venv\lib\site-packages\rest_framework\locale\en_US\LC_MESSAGES\django.mo first seen with mtime 1737108716.6920173
File C:\Users\Ireneirungu\PycharmProjects\RafikiChatbot\venv\lib\site-packages\rest_framework\locale\es\LC_MESSAGES\django.mo first seen with mtime 1737108716.6930172
File C:\Users\Ireneirungu\PycharmProjects\RafikiChatbot\venv\lib\site-packages\rest_framework\locale\et\LC_MESSAGES\django.mo first seen with mtime 1737108716.6940176
File C:\Users\Ireneirungu\PycharmProjects\RafikiChatbot\venv\lib\site-packages\rest_framework\locale\fa\LC_MESSAGES\django.mo first seen with mtime 1737108716.6940176
File C:\Users\Ireneirungu\PycharmProjects\RafikiChatbot\venv\lib\site-packages\rest_framework\locale\fa_IR\LC_MESSAGES\django.mo first seen with mtime 1737108716.6950164
File C:\Users\Ireneirungu\PycharmProjects\RafikiChatbot\venv\lib\site-packages\rest_framework\locale\fi\LC_MESSAGES\django.mo first seen with mtime 1737108716.69643
File C:\Users\Ireneirungu\PycharmProjects\RafikiChatbot\venv\lib\site-packages\rest_framework\locale\fr\LC_MESSAGES\django.mo first seen with mtime 1737108716.6974347
File C:\Users\Ireneirungu\PycharmProjects\RafikiChatbot\venv\lib\site-packages\rest_framework\locale\fr_CA\LC_MESSAGES\django.mo first seen with mtime 1737108716.698464
File C:\Users\Ireneirungu\PycharmProjects\RafikiChatbot\venv\lib\site-packages\rest_framework\locale\gl\LC_MESSAGES\django.mo first seen with mtime 1737108716.698464
File C:\Users\Ireneirungu\PycharmProjects\RafikiChatbot\venv\lib\site-packages\rest_framework\locale\gl_ES\LC_MESSAGES\django.mo first seen with mtime 1737108716.699436
File C:\Users\Ireneirungu\PycharmProjects\RafikiChatbot\venv\lib\site-packages\rest_framework\locale\he_IL\LC_MESSAGES\django.mo first seen with mtime 1737108716.7004356
File C:\Users\Ireneirungu\PycharmProjects\RafikiChatbot\venv\lib\site-packages\rest_framework\locale\hu\LC_MESSAGES\django.mo first seen with mtime 1737108716.7014353
File C:\Users\Ireneirungu\PycharmProjects\RafikiChatbot\venv\lib\site-packages\rest_framework\locale\hy\LC_MESSAGES\django.mo first seen with mtime 1737108716.702435
File C:\Users\Ireneirungu\PycharmProjects\RafikiChatbot\venv\lib\site-packages\rest_framework\locale\id\LC_MESSAGES\django.mo first seen with mtime 1737108716.7034357
File C:\Users\Ireneirungu\PycharmProjects\RafikiChatbot\venv\lib\site-packages\rest_framework\locale\it\LC_MESSAGES\django.mo first seen with mtime 1737108716.7044358
File C:\Users\Ireneirungu\PycharmProjects\RafikiChatbot\venv\lib\site-packages\rest_framework\locale\ja\LC_MESSAGES\django.mo first seen with mtime 1737108716.7044358
File C:\Users\Ireneirungu\PycharmProjects\RafikiChatbot\venv\lib\site-packages\rest_framework\locale\ko_KR\LC_MESSAGES\django.mo first seen with mtime 1737108716.705436
File C:\Users\Ireneirungu\PycharmProjects\RafikiChatbot\venv\lib\site-packages\rest_framework\locale\lt\LC_MESSAGES\django.mo first seen with mtime 1737108716.7064373
File C:\Users\Ireneirungu\PycharmProjects\RafikiChatbot\venv\lib\site-packages\rest_framework\locale\lv\LC_MESSAGES\django.mo first seen with mtime 1737108716.707436
File C:\Users\Ireneirungu\PycharmProjects\RafikiChatbot\venv\lib\site-packages\rest_framework\locale\mk\LC_MESSAGES\django.mo first seen with mtime 1737108716.7084363
File C:\Users\Ireneirungu\PycharmProjects\RafikiChatbot\venv\lib\site-packages\rest_framework\locale\nb\LC_MESSAGES\django.mo first seen with mtime 1737108716.7084363
File C:\Users\Ireneirungu\PycharmProjects\RafikiChatbot\venv\lib\site-packages\rest_framework\locale\ne_NP\LC_MESSAGES\django.mo first seen with mtime 1737108716.709436
File C:\Users\Ireneirungu\PycharmProjects\RafikiChatbot\venv\lib\site-packages\rest_framework\locale\nl\LC_MESSAGES\django.mo first seen with mtime 1737108716.7104359
File C:\Users\Ireneirungu\PycharmProjects\RafikiChatbot\venv\lib\site-packages\rest_framework\locale\nn\LC_MESSAGES\django.mo first seen with mtime 1737108716.7104359
File C:\Users\Ireneirungu\PycharmProjects\RafikiChatbot\venv\lib\site-packages\rest_framework\locale\no\LC_MESSAGES\django.mo first seen with mtime 1737108716.7114358
File C:\Users\Ireneirungu\PycharmProjects\RafikiChatbot\venv\lib\site-packages\rest_framework\locale\pl\LC_MESSAGES\django.mo first seen with mtime 1737108716.7124362
File C:\Users\Ireneirungu\PycharmProjects\RafikiChatbot\venv\lib\site-packages\rest_framework\locale\pt\LC_MESSAGES\django.mo first seen with mtime 1737108716.7124362
File C:\Users\Ireneirungu\PycharmProjects\RafikiChatbot\venv\lib\site-packages\rest_framework\locale\pt_BR\LC_MESSAGES\django.mo first seen with mtime 1737108716.713436
File C:\Users\Ireneirungu\PycharmProjects\RafikiChatbot\venv\lib\site-packages\rest_framework\locale\pt_PT\LC_MESSAGES\django.mo first seen with mtime 1737108716.714436
File C:\Users\Ireneirungu\PycharmProjects\RafikiChatbot\venv\lib\site-packages\rest_framework\locale\ro\LC_MESSAGES\django.mo first seen with mtime 1737108716.71478
File C:\Users\Ireneirungu\PycharmProjects\RafikiChatbot\venv\lib\site-packages\rest_framework\locale\ru\LC_MESSAGES\django.mo first seen with mtime 1737108716.7157857
File C:\Users\Ireneirungu\PycharmProjects\RafikiChatbot\venv\lib\site-packages\rest_framework\locale\ru_RU\LC_MESSAGES\django.mo first seen with mtime 1737108716.7157857
File C:\Users\Ireneirungu\PycharmProjects\RafikiChatbot\venv\lib\site-packages\rest_framework\locale\sk\LC_MESSAGES\django.mo first seen with mtime 1737108716.7167857
File C:\Users\Ireneirungu\PycharmProjects\RafikiChatbot\venv\lib\site-packages\rest_framework\locale\sl\LC_MESSAGES\django.mo first seen with mtime 1737108716.7177856
File C:\Users\Ireneirungu\PycharmProjects\RafikiChatbot\venv\lib\site-packages\rest_framework\locale\sv\LC_MESSAGES\django.mo first seen with mtime 1737108716.7177856
File C:\Users\Ireneirungu\PycharmProjects\RafikiChatbot\venv\lib\site-packages\rest_framework\locale\th\LC_MESSAGES\django.mo first seen with mtime 1737108716.7187853
File C:\Users\Ireneirungu\PycharmProjects\RafikiChatbot\venv\lib\site-packages\rest_framework\locale\tr\LC_MESSAGES\django.mo first seen with mtime 1737108716.719786
File C:\Users\Ireneirungu\PycharmProjects\RafikiChatbot\venv\lib\site-packages\rest_framework\locale\tr_TR\LC_MESSAGES\django.mo first seen with mtime 1737108716.720785
File C:\Users\Ireneirungu\PycharmProjects\RafikiChatbot\venv\lib\site-packages\rest_framework\locale\uk\LC_MESSAGES\django.mo first seen with mtime 1737108716.7217848
File C:\Users\Ireneirungu\PycharmProjects\RafikiChatbot\venv\lib\site-packages\rest_framework\locale\vi\LC_MESSAGES\django.mo first seen with mtime 1737108716.7217848
File C:\Users\Ireneirungu\PycharmProjects\RafikiChatbot\venv\lib\site-packages\rest_framework\locale\zh_CN\LC_MESSAGES\django.mo first seen with mtime 1737108716.7227843
File C:\Users\Ireneirungu\PycharmProjects\RafikiChatbot\venv\lib\site-packages\rest_framework\locale\zh_Hans\LC_MESSAGES\django.mo first seen with mtime 1737108716.7237835
File C:\Users\Ireneirungu\PycharmProjects\RafikiChatbot\venv\lib\site-packages\rest_framework\locale\zh_Hant\LC_MESSAGES\django.mo first seen with mtime 1737108716.7237835
File C:\Users\Ireneirungu\PycharmProjects\RafikiChatbot\venv\lib\site-packages\rest_framework\locale\zh_TW\LC_MESSAGES\django.mo first seen with mtime 1737108716.7247834
File C:\Users\Ireneirungu\PycharmProjects\RafikiChatbot\venv\lib\site-packages\rest_framework_simplejwt\locale\ar\LC_MESSAGES\django.mo first seen with mtime 1738782341.4488895
File C:\Users\Ireneirungu\PycharmProjects\RafikiChatbot\venv\lib\site-packages\rest_framework_simplejwt\locale\cs\LC_MESSAGES\django.mo first seen with mtime 1738782341.451366
File C:\Users\Ireneirungu\PycharmProjects\RafikiChatbot\venv\lib\site-packages\rest_framework_simplejwt\locale\de\LC_MESSAGES\django.mo first seen with mtime 1738782341.4566271
File C:\Users\Ireneirungu\PycharmProjects\RafikiChatbot\venv\lib\site-packages\rest_framework_simplejwt\locale\es\LC_MESSAGES\django.mo first seen with mtime 1738782341.4618583
File C:\Users\Ireneirungu\PycharmProjects\RafikiChatbot\venv\lib\site-packages\rest_framework_simplejwt\locale\es_AR\LC_MESSAGES\django.mo first seen with mtime 1738782341.4648578
File C:\Users\Ireneirungu\PycharmProjects\RafikiChatbot\venv\lib\site-packages\rest_framework_simplejwt\locale\es_CL\LC_MESSAGES\django.mo first seen with mtime 1738782341.4729762
File C:\Users\Ireneirungu\PycharmProjects\RafikiChatbot\venv\lib\site-packages\rest_framework_simplejwt\locale\fa\LC_MESSAGES\django.mo first seen with mtime 1738782341.4764514
File C:\Users\Ireneirungu\PycharmProjects\RafikiChatbot\venv\lib\site-packages\rest_framework_simplejwt\locale\fa_IR\LC_MESSAGES\django.mo first seen with mtime 1738782341.479844
File C:\Users\Ireneirungu\PycharmProjects\RafikiChatbot\venv\lib\site-packages\rest_framework_simplejwt\locale\fr\LC_MESSAGES\django.mo first seen with mtime 1738782341.4828537
File C:\Users\Ireneirungu\PycharmProjects\RafikiChatbot\venv\lib\site-packages\rest_framework_simplejwt\locale\he_IL\LC_MESSAGES\django.mo first seen with mtime 1738782341.4869878
File C:\Users\Ireneirungu\PycharmProjects\RafikiChatbot\venv\lib\site-packages\rest_framework_simplejwt\locale\id_ID\LC_MESSAGES\django.mo first seen with mtime 1738782341.4893806
File C:\Users\Ireneirungu\PycharmProjects\RafikiChatbot\venv\lib\site-packages\rest_framework_simplejwt\locale\it_IT\LC_MESSAGES\django.mo first seen with mtime 1738782341.492816
File C:\Users\Ireneirungu\PycharmProjects\RafikiChatbot\venv\lib\site-packages\rest_framework_simplejwt\locale\ko_KR\LC_MESSAGES\django.mo first seen with mtime 1738782341.4952698
File C:\Users\Ireneirungu\PycharmProjects\RafikiChatbot\venv\lib\site-packages\rest_framework_simplejwt\locale\nl_NL\LC_MESSAGES\django.mo first seen with mtime 1738782341.4978006
File C:\Users\Ireneirungu\PycharmProjects\RafikiChatbot\venv\lib\site-packages\rest_framework_simplejwt\locale\pl_PL\LC_MESSAGES\django.mo first seen with mtime 1738782341.5017698
File C:\Users\Ireneirungu\PycharmProjects\RafikiChatbot\venv\lib\site-packages\rest_framework_simplejwt\locale\pt_BR\LC_MESSAGES\django.mo first seen with mtime 1738782341.5070927
File C:\Users\Ireneirungu\PycharmProjects\RafikiChatbot\venv\lib\site-packages\rest_framework_simplejwt\locale\ro\LC_MESSAGES\django.mo first seen with mtime 1738782341.5104597
File C:\Users\Ireneirungu\PycharmProjects\RafikiChatbot\venv\lib\site-packages\rest_framework_simplejwt\locale\ru_RU\LC_MESSAGES\django.mo first seen with mtime 1738782341.513865
File C:\Users\Ireneirungu\PycharmProjects\RafikiChatbot\venv\lib\site-packages\rest_framework_simplejwt\locale\sl\LC_MESSAGES\django.mo first seen with mtime 1738782341.5189614
File C:\Users\Ireneirungu\PycharmProjects\RafikiChatbot\venv\lib\site-packages\rest_framework_simplejwt\locale\sv\LC_MESSAGES\django.mo first seen with mtime 1738782341.5214865
File C:\Users\Ireneirungu\PycharmProjects\RafikiChatbot\venv\lib\site-packages\rest_framework_simplejwt\locale\tr\LC_MESSAGES\django.mo first seen with mtime 1738782341.5260963
File C:\Users\Ireneirungu\PycharmProjects\RafikiChatbot\venv\lib\site-packages\rest_framework_simplejwt\locale\uk_UA\LC_MESSAGES\django.mo first seen with mtime 1738782341.5299487
File C:\Users\Ireneirungu\PycharmProjects\RafikiChatbot\venv\lib\site-packages\rest_framework_simplejwt\locale\zh_Hans\LC_MESSAGES\django.mo first seen with mtime 1738782341.5343566
"GET /static/js/main.74a11c4c.js HTTP/1.1" 200 276746
"GET /static/css/main.f87b11ef.css HTTP/1.1" 200 15769
"GET /static/js/main.74a11c4c.js.map HTTP/1.1" 304 0
"GET /static/css/main.f87b11ef.css.map HTTP/1.1" 304 0
"GET /chat_history/?user_id=67a2957544ba85ddd7d42af5 HTTP/1.1" 200 35096
Exception while resolving variable 'name' in template 'unknown'.
Traceback (most recent call last):
  File "C:\Users\Ireneirungu\PycharmProjects\RafikiChatbot\venv\lib\site-packages\django\core\handlers\exception.py", line 55, in inner
    response = get_response(request)
  File "C:\Users\Ireneirungu\PycharmProjects\RafikiChatbot\venv\lib\site-packages\django\core\handlers\base.py", line 181, in _get_response
    callback, callback_args, callback_kwargs = self.resolve_request(request)
  File "C:\Users\Ireneirungu\PycharmProjects\RafikiChatbot\venv\lib\site-packages\django\core\handlers\base.py", line 313, in resolve_request
    resolver_match = resolver.resolve(request.path_info)
  File "C:\Users\Ireneirungu\PycharmProjects\RafikiChatbot\venv\lib\site-packages\django\urls\resolvers.py", line 702, in resolve
    raise Resolver404({"tried": tried, "path": new_path})
django.urls.exceptions.Resolver404: {'tried': [[<URLPattern 'api/token/' [name='token_obtain_pair']>], [<URLPattern 'api/token/refresh/' [name='token_refresh']>], [<URLResolver <URLPattern list> (admin:admin) 'admin/'>], [<URLResolver <module 'chatbot.urls' from 'C:\\Users\\Ireneirungu\\PycharmProjects\\RafikiChatbot\\chatbot\\urls.py'> (None:None) ''>, <URLPattern 'chatbot/' [name='chatbot']>], [<URLResolver <module 'chatbot.urls' from 'C:\\Users\\Ireneirungu\\PycharmProjects\\RafikiChatbot\\chatbot\\urls.py'> (None:None) ''>, <URLPattern 'save_history/' [name='save_record']>], [<URLResolver <module 'chatbot.urls' from 'C:\\Users\\Ireneirungu\\PycharmProjects\\RafikiChatbot\\chatbot\\urls.py'> (None:None) ''>, <URLPattern '' [name='index']>], [<URLResolver <module 'chatbot.urls' from 'C:\\Users\\Ireneirungu\\PycharmProjects\\RafikiChatbot\\chatbot\\urls.py'> (None:None) ''>, <URLPattern 'chat_history/' [name='chat_history']>], [<URLResolver <module 'chatbot.urls' from 'C:\\Users\\Ireneirungu\\PycharmProjects\\RafikiChatbot\\chatbot\\urls.py'> (None:None) ''>, <URLPattern 'get_csrf_token/' [name='get_csrf_token']>], [<URLResolver <module 'chatbot.urls' from 'C:\\Users\\Ireneirungu\\PycharmProjects\\RafikiChatbot\\chatbot\\urls.py'> (None:None) ''>, <URLPattern 'signup/' [name='register']>], [<URLResolver <module 'chatbot.urls' from 'C:\\Users\\Ireneirungu\\PycharmProjects\\RafikiChatbot\\chatbot\\urls.py'> (None:None) ''>, <URLPattern 'login/' [name='login']>]], 'path': 'manifest.json'}

During handling of the above exception, another exception occurred:

Traceback (most recent call last):
  File "C:\Users\Ireneirungu\PycharmProjects\RafikiChatbot\venv\lib\site-packages\django\template\base.py", line 880, in _resolve_lookup
    current = current[bit]
TypeError: 'URLResolver' object is not subscriptable

During handling of the above exception, another exception occurred:

Traceback (most recent call last):
  File "C:\Users\Ireneirungu\PycharmProjects\RafikiChatbot\venv\lib\site-packages\django\template\base.py", line 890, in _resolve_lookup
    current = getattr(current, bit)
AttributeError: 'URLResolver' object has no attribute 'name'

During handling of the above exception, another exception occurred:

Traceback (most recent call last):
  File "C:\Users\Ireneirungu\PycharmProjects\RafikiChatbot\venv\lib\site-packages\django\template\base.py", line 896, in _resolve_lookup
    current = current[int(bit)]
ValueError: invalid literal for int() with base 10: 'name'

During handling of the above exception, another exception occurred:

Traceback (most recent call last):
  File "C:\Users\Ireneirungu\PycharmProjects\RafikiChatbot\venv\lib\site-packages\django\template\base.py", line 903, in _resolve_lookup
    raise VariableDoesNotExist(
django.template.base.VariableDoesNotExist: Failed lookup for key [name] in <URLResolver <URLPattern list> (admin:admin) 'admin/'>
Exception while resolving variable 'name' in template 'unknown'.
Traceback (most recent call last):
  File "C:\Users\Ireneirungu\PycharmProjects\RafikiChatbot\venv\lib\site-packages\django\core\handlers\exception.py", line 55, in inner
    response = get_response(request)
  File "C:\Users\Ireneirungu\PycharmProjects\RafikiChatbot\venv\lib\site-packages\django\core\handlers\base.py", line 181, in _get_response
    callback, callback_args, callback_kwargs = self.resolve_request(request)
  File "C:\Users\Ireneirungu\PycharmProjects\RafikiChatbot\venv\lib\site-packages\django\core\handlers\base.py", line 313, in resolve_request
    resolver_match = resolver.resolve(request.path_info)
  File "C:\Users\Ireneirungu\PycharmProjects\RafikiChatbot\venv\lib\site-packages\django\urls\resolvers.py", line 702, in resolve
    raise Resolver404({"tried": tried, "path": new_path})
django.urls.exceptions.Resolver404: {'tried': [[<URLPattern 'api/token/' [name='token_obtain_pair']>], [<URLPattern 'api/token/refresh/' [name='token_refresh']>], [<URLResolver <URLPattern list> (admin:admin) 'admin/'>], [<URLResolver <module 'chatbot.urls' from 'C:\\Users\\Ireneirungu\\PycharmProjects\\RafikiChatbot\\chatbot\\urls.py'> (None:None) ''>, <URLPattern 'chatbot/' [name='chatbot']>], [<URLResolver <module 'chatbot.urls' from 'C:\\Users\\Ireneirungu\\PycharmProjects\\RafikiChatbot\\chatbot\\urls.py'> (None:None) ''>, <URLPattern 'save_history/' [name='save_record']>], [<URLResolver <module 'chatbot.urls' from 'C:\\Users\\Ireneirungu\\PycharmProjects\\RafikiChatbot\\chatbot\\urls.py'> (None:None) ''>, <URLPattern '' [name='index']>], [<URLResolver <module 'chatbot.urls' from 'C:\\Users\\Ireneirungu\\PycharmProjects\\RafikiChatbot\\chatbot\\urls.py'> (None:None) ''>, <URLPattern 'chat_history/' [name='chat_history']>], [<URLResolver <module 'chatbot.urls' from 'C:\\Users\\Ireneirungu\\PycharmProjects\\RafikiChatbot\\chatbot\\urls.py'> (None:None) ''>, <URLPattern 'get_csrf_token/' [name='get_csrf_token']>], [<URLResolver <module 'chatbot.urls' from 'C:\\Users\\Ireneirungu\\PycharmProjects\\RafikiChatbot\\chatbot\\urls.py'> (None:None) ''>, <URLPattern 'signup/' [name='register']>], [<URLResolver <module 'chatbot.urls' from 'C:\\Users\\Ireneirungu\\PycharmProjects\\RafikiChatbot\\chatbot\\urls.py'> (None:None) ''>, <URLPattern 'login/' [name='login']>]], 'path': 'favicon.ico'}

During handling of the above exception, another exception occurred:

Traceback (most recent call last):
  File "C:\Users\Ireneirungu\PycharmProjects\RafikiChatbot\venv\lib\site-packages\django\template\base.py", line 880, in _resolve_lookup
    current = current[bit]
TypeError: 'URLResolver' object is not subscriptable

During handling of the above exception, another exception occurred:

Traceback (most recent call last):
  File "C:\Users\Ireneirungu\PycharmProjects\RafikiChatbot\venv\lib\site-packages\django\template\base.py", line 890, in _resolve_lookup
    current = getattr(current, bit)
AttributeError: 'URLResolver' object has no attribute 'name'

During handling of the above exception, another exception occurred:

Traceback (most recent call last):
  File "C:\Users\Ireneirungu\PycharmProjects\RafikiChatbot\venv\lib\site-packages\django\template\base.py", line 896, in _resolve_lookup
    current = current[int(bit)]
ValueError: invalid literal for int() with base 10: 'name'

During handling of the above exception, another exception occurred:

Traceback (most recent call last):
  File "C:\Users\Ireneirungu\PycharmProjects\RafikiChatbot\venv\lib\site-packages\django\template\base.py", line 903, in _resolve_lookup
    raise VariableDoesNotExist(
django.template.base.VariableDoesNotExist: Failed lookup for key [name] in <URLResolver <URLPattern list> (admin:admin) 'admin/'>
Not Found: /manifest.json
Not Found: /favicon.ico
"GET /manifest.json HTTP/1.1" 404 3606
"GET /favicon.ico HTTP/1.1" 404 3600
File C:\Users\Ireneirungu\PycharmProjects\RafikiChatbot\venv\Lib\site-packages\django\template\context_processors.py first seen with mtime 1737108719.5566967
File C:\Users\Ireneirungu\PycharmProjects\RafikiChatbot\chatbot\migrations\__init__.py first seen with mtime 1738505856.2380807
File C:\Users\Ireneirungu\PycharmProjects\RafikiChatbot\venv\Lib\site-packages\django\contrib\auth\migrations\0003_alter_user_email_max_length.py first seen with mtime 1737108718.432746
File C:\Users\Ireneirungu\PycharmProjects\RafikiChatbot\venv\Lib\site-packages\django\contrib\admin\migrations\__init__.py first seen with mtime 1737108718.1349058
File C:\Users\Ireneirungu\PycharmProjects\RafikiChatbot\venv\Lib\site-packages\mongoengine\dereference.py first seen with mtime 1734694514.404484
File C:\Users\Ireneirungu\PycharmProjects\RafikiChatbot\venv\Lib\site-packages\django\db\migrations\loader.py first seen with mtime 1737108719.4825866
File C:\Users\Ireneirungu\PycharmProjects\RafikiChatbot\venv\Lib\site-packages\django\contrib\auth\migrations\0005_alter_user_last_login_null.py first seen with mtime 1737108718.4337478
File C:\Users\Ireneirungu\PycharmProjects\RafikiChatbot\venv\Lib\site-packages\django\contrib\admin\migrations\0002_logentry_remove_auto_add.py first seen with mtime 1737108718.1349058
File C:\Users\Ireneirungu\PycharmProjects\RafikiChatbot\venv\Lib\site-packages\django\contrib\messages\storage\cookie.py first seen with mtime 1737108718.9718716
File C:\Users\Ireneirungu\PycharmProjects\RafikiChatbot\venv\Lib\site-packages\django\contrib\auth\migrations\0001_initial.py first seen with mtime 1737108718.432746
File C:\Users\Ireneirungu\PycharmProjects\RafikiChatbot\venv\Lib\site-packages\django\contrib\auth\migrations\0008_alter_user_username_max_length.py first seen with mtime 1737108718.434748
File C:\Users\Ireneirungu\PycharmProjects\RafikiChatbot\venv\Lib\site-packages\django\contrib\auth\migrations\0007_alter_validators_add_error_messages.py first seen with mtime 1737108718.434748
File C:\Users\Ireneirungu\PycharmProjects\RafikiChatbot\venv\Lib\site-packages\django\contrib\auth\context_processors.py first seen with mtime 1737108718.3218997
File C:\Users\Ireneirungu\PycharmProjects\RafikiChatbot\venv\Lib\site-packages\django\db\migrations\graph.py first seen with mtime 1737108719.4825866
File C:\Users\Ireneirungu\PycharmProjects\RafikiChatbot\venv\Lib\site-packages\django\contrib\contenttypes\migrations\__init__.py first seen with mtime 1737108718.5408187
File C:\Users\Ireneirungu\PycharmProjects\RafikiChatbot\venv\Lib\site-packages\django\contrib\sessions\migrations\__init__.py first seen with mtime 1737108719.2922096
File C:\Users\Ireneirungu\PycharmProjects\RafikiChatbot\venv\Lib\site-packages\django\contrib\sessions\serializers.py first seen with mtime 1737108719.1814911
File C:\Users\Ireneirungu\PycharmProjects\RafikiChatbot\venv\Lib\site-packages\django\contrib\auth\migrations\0006_require_contenttypes_0002.py first seen with mtime 1737108718.4337478
File C:\Users\Ireneirungu\PycharmProjects\RafikiChatbot\venv\Lib\site-packages\django\contrib\auth\migrations\0004_alter_user_username_opts.py first seen with mtime 1737108718.4337478
File C:\Users\Ireneirungu\PycharmProjects\RafikiChatbot\venv\Lib\site-packages\django\contrib\auth\migrations\0010_alter_group_name_max_length.py first seen with mtime 1737108718.435748
File C:\Users\Ireneirungu\PycharmProjects\RafikiChatbot\venv\Lib\site-packages\django\db\migrations\executor.py first seen with mtime 1737108719.4825866
File C:\Users\Ireneirungu\PycharmProjects\RafikiChatbot\venv\Lib\site-packages\django\contrib\auth\migrations\0002_alter_permission_name_max_length.py first seen with mtime 1737108718.432746
File C:\Users\Ireneirungu\PycharmProjects\RafikiChatbot\venv\Lib\site-packages\django\contrib\messages\storage\session.py first seen with mtime 1737108718.9730825
File C:\Users\Ireneirungu\PycharmProjects\RafikiChatbot\venv\Lib\site-packages\django\contrib\auth\migrations\0012_alter_user_first_name_max_length.py first seen with mtime 1737108718.4367483
File C:\Users\Ireneirungu\PycharmProjects\RafikiChatbot\venv\Lib\site-packages\django\contrib\admin\migrations\0003_logentry_add_action_flag_choices.py first seen with mtime 1737108718.1349058
File C:\Users\Ireneirungu\PycharmProjects\RafikiChatbot\venv\Lib\site-packages\django\contrib\auth\migrations\0009_alter_user_last_name_max_length.py first seen with mtime 1737108718.434748
File C:\Users\Ireneirungu\PycharmProjects\RafikiChatbot\venv\Lib\site-packages\django\contrib\auth\migrations\__init__.py first seen with mtime 1737108718.4367483
File C:\Users\Ireneirungu\PycharmProjects\RafikiChatbot\venv\Lib\site-packages\django\contrib\contenttypes\migrations\0002_remove_content_type_name.py first seen with mtime 1737108718.5398185
File C:\Users\Ireneirungu\PycharmProjects\RafikiChatbot\venv\Lib\site-packages\django\contrib\admin\migrations\0001_initial.py first seen with mtime 1737108718.1339056
File C:\Users\Ireneirungu\PycharmProjects\RafikiChatbot\venv\Lib\site-packages\django\contrib\messages\context_processors.py first seen with mtime 1737108718.9699283
File C:\Users\Ireneirungu\PycharmProjects\RafikiChatbot\venv\Lib\site-packages\django\db\migrations\recorder.py first seen with mtime 1737108719.4845872
File C:\Users\Ireneirungu\PycharmProjects\RafikiChatbot\venv\Lib\site-packages\django\middleware\clickjacking.py first seen with mtime 1737108719.5527613
File C:\Users\Ireneirungu\PycharmProjects\RafikiChatbot\venv\Lib\site-packages\django\contrib\sessions\backends\db.py first seen with mtime 1737108719.1839561
File C:\Users\Ireneirungu\PycharmProjects\RafikiChatbot\venv\Lib\site-packages\django\contrib\messages\storage\fallback.py first seen with mtime 1737108718.9730825
File C:\Users\Ireneirungu\PycharmProjects\RafikiChatbot\venv\Lib\site-packages\django\contrib\contenttypes\migrations\0001_initial.py first seen with mtime 1737108718.5398185
File C:\Users\Ireneirungu\PycharmProjects\RafikiChatbot\core\wsgi.py first seen with mtime 1738505856.243953
File C:\Users\Ireneirungu\PycharmProjects\RafikiChatbot\venv\Lib\site-packages\django\contrib\sessions\migrations\0001_initial.py first seen with mtime 1737108719.2922096
File C:\Users\Ireneirungu\PycharmProjects\RafikiChatbot\venv\Lib\site-packages\django\contrib\auth\migrations\0011_update_proxy_permissions.py first seen with mtime 1737108718.435748
chat_id: None, user: AnonymousUser
Bad Request: /chatbot/
"POST /chatbot/ HTTP/1.1" 400 15
File C:\Users\Ireneirungu\PycharmProjects\RafikiChatbot\static\build\asset-manifest.json previous mtime: 1742637550.910342, current mtime: 1742637813.1917412
C:\Users\Ireneirungu\PycharmProjects\RafikiChatbot\static\build\asset-manifest.json notified as changed. Signal results: [(<function template_changed at 0x0000021F28665820>, True), (<function translation_file_changed at 0x0000021F293DB3A0>, None)].
File C:\Users\Ireneirungu\PycharmProjects\RafikiChatbot\static\build\index.html previous mtime: 1742637550.9093401, current mtime: 1742637813.1917412
C:\Users\Ireneirungu\PycharmProjects\RafikiChatbot\static\build\index.html notified as changed. Signal results: [(<function template_changed at 0x0000021F28665820>, True), (<function translation_file_changed at 0x0000021F293DB3A0>, None)].
File C:\Users\Ireneirungu\PycharmProjects\RafikiChatbot\static\build\static previous mtime: 1742637550.910342, current mtime: 1742637813.1917412
C:\Users\Ireneirungu\PycharmProjects\RafikiChatbot\static\build\static notified as changed. Signal results: [(<function template_changed at 0x0000021F28665820>, True), (<function translation_file_changed at 0x0000021F293DB3A0>, None)].
File C:\Users\Ireneirungu\PycharmProjects\RafikiChatbot\static\build\static\css previous mtime: 1742637550.9128337, current mtime: 1742637813.193106
C:\Users\Ireneirungu\PycharmProjects\RafikiChatbot\static\build\static\css notified as changed. Signal results: [(<function template_changed at 0x0000021F28665820>, True), (<function translation_file_changed at 0x0000021F293DB3A0>, None)].
File C:\Users\Ireneirungu\PycharmProjects\RafikiChatbot\static\build\static\js previous mtime: 1742637550.9168508, current mtime: 1742637813.1990216
C:\Users\Ireneirungu\PycharmProjects\RafikiChatbot\static\build\static\js notified as changed. Signal results: [(<function template_changed at 0x0000021F28665820>, True), (<function translation_file_changed at 0x0000021F293DB3A0>, None)].
File C:\Users\Ireneirungu\PycharmProjects\RafikiChatbot\static\build\static\css\main.f87b11ef.css previous mtime: 1742637550.9168508, current mtime: 1742637813.1990216
C:\Users\Ireneirungu\PycharmProjects\RafikiChatbot\static\build\static\css\main.f87b11ef.css notified as changed. Signal results: [(<function template_changed at 0x0000021F28665820>, True), (<function translation_file_changed at 0x0000021F293DB3A0>, None)].
File C:\Users\Ireneirungu\PycharmProjects\RafikiChatbot\static\build\static\css\main.f87b11ef.css.map previous mtime: 1742637550.9168508, current mtime: 1742637813.1942005
C:\Users\Ireneirungu\PycharmProjects\RafikiChatbot\static\build\static\css\main.f87b11ef.css.map notified as changed. Signal results: [(<function template_changed at 0x0000021F28665820>, True), (<function translation_file_changed at 0x0000021F293DB3A0>, None)].
File C:\Users\Ireneirungu\PycharmProjects\RafikiChatbot\static\build\static\js\488.dfa393e0.chunk.js previous mtime: 1742637550.9168508, current mtime: 1742637813.1942005
C:\Users\Ireneirungu\PycharmProjects\RafikiChatbot\static\build\static\js\488.dfa393e0.chunk.js notified as changed. Signal results: [(<function template_changed at 0x0000021F28665820>, True), (<function translation_file_changed at 0x0000021F293DB3A0>, None)].
File C:\Users\Ireneirungu\PycharmProjects\RafikiChatbot\static\build\static\js\488.dfa393e0.chunk.js.map previous mtime: 1742637550.917842, current mtime: 1742637813.1990216
C:\Users\Ireneirungu\PycharmProjects\RafikiChatbot\static\build\static\js\488.dfa393e0.chunk.js.map notified as changed. Signal results: [(<function template_changed at 0x0000021F28665820>, True), (<function translation_file_changed at 0x0000021F293DB3A0>, None)].
File C:\Users\Ireneirungu\PycharmProjects\RafikiChatbot\static\build\static\js\main.c890551c.js first seen with mtime 1742637813.1990216
File C:\Users\Ireneirungu\PycharmProjects\RafikiChatbot\static\build\static\js\main.c890551c.js.LICENSE.txt first seen with mtime 1742637813.1990216
File C:\Users\Ireneirungu\PycharmProjects\RafikiChatbot\static\build\static\js\main.c890551c.js.map first seen with mtime 1742637813.2004356
"GET / HTTP/1.1" 200 644
"GET /static/css/main.f87b11ef.css HTTP/1.1" 200 15769
"GET /static/js/main.c890551c.js HTTP/1.1" 200 276756
"GET /static/css/main.f87b11ef.css.map HTTP/1.1" 200 5545
"GET /static/js/main.c890551c.js.map HTTP/1.1" 200 2454272
"GET /chat_history/?user_id=67a2957544ba85ddd7d42af5 HTTP/1.1" 200 35096
Exception while resolving variable 'name' in template 'unknown'.
Traceback (most recent call last):
  File "C:\Users\Ireneirungu\PycharmProjects\RafikiChatbot\venv\lib\site-packages\django\core\handlers\exception.py", line 55, in inner
    response = get_response(request)
  File "C:\Users\Ireneirungu\PycharmProjects\RafikiChatbot\venv\lib\site-packages\django\core\handlers\base.py", line 181, in _get_response
    callback, callback_args, callback_kwargs = self.resolve_request(request)
  File "C:\Users\Ireneirungu\PycharmProjects\RafikiChatbot\venv\lib\site-packages\django\core\handlers\base.py", line 313, in resolve_request
    resolver_match = resolver.resolve(request.path_info)
  File "C:\Users\Ireneirungu\PycharmProjects\RafikiChatbot\venv\lib\site-packages\django\urls\resolvers.py", line 702, in resolve
    raise Resolver404({"tried": tried, "path": new_path})
django.urls.exceptions.Resolver404: {'tried': [[<URLPattern 'api/token/' [name='token_obtain_pair']>], [<URLPattern 'api/token/refresh/' [name='token_refresh']>], [<URLResolver <URLPattern list> (admin:admin) 'admin/'>], [<URLResolver <module 'chatbot.urls' from 'C:\\Users\\Ireneirungu\\PycharmProjects\\RafikiChatbot\\chatbot\\urls.py'> (None:None) ''>, <URLPattern 'chatbot/' [name='chatbot']>], [<URLResolver <module 'chatbot.urls' from 'C:\\Users\\Ireneirungu\\PycharmProjects\\RafikiChatbot\\chatbot\\urls.py'> (None:None) ''>, <URLPattern 'save_history/' [name='save_record']>], [<URLResolver <module 'chatbot.urls' from 'C:\\Users\\Ireneirungu\\PycharmProjects\\RafikiChatbot\\chatbot\\urls.py'> (None:None) ''>, <URLPattern '' [name='index']>], [<URLResolver <module 'chatbot.urls' from 'C:\\Users\\Ireneirungu\\PycharmProjects\\RafikiChatbot\\chatbot\\urls.py'> (None:None) ''>, <URLPattern 'chat_history/' [name='chat_history']>], [<URLResolver <module 'chatbot.urls' from 'C:\\Users\\Ireneirungu\\PycharmProjects\\RafikiChatbot\\chatbot\\urls.py'> (None:None) ''>, <URLPattern 'get_csrf_token/' [name='get_csrf_token']>], [<URLResolver <module 'chatbot.urls' from 'C:\\Users\\Ireneirungu\\PycharmProjects\\RafikiChatbot\\chatbot\\urls.py'> (None:None) ''>, <URLPattern 'signup/' [name='register']>], [<URLResolver <module 'chatbot.urls' from 'C:\\Users\\Ireneirungu\\PycharmProjects\\RafikiChatbot\\chatbot\\urls.py'> (None:None) ''>, <URLPattern 'login/' [name='login']>]], 'path': 'favicon.ico'}

During handling of the above exception, another exception occurred:

Traceback (most recent call last):
  File "C:\Users\Ireneirungu\PycharmProjects\RafikiChatbot\venv\lib\site-packages\django\template\base.py", line 880, in _resolve_lookup
    current = current[bit]
TypeError: 'URLResolver' object is not subscriptable

During handling of the above exception, another exception occurred:

Traceback (most recent call last):
  File "C:\Users\Ireneirungu\PycharmProjects\RafikiChatbot\venv\lib\site-packages\django\template\base.py", line 890, in _resolve_lookup
    current = getattr(current, bit)
AttributeError: 'URLResolver' object has no attribute 'name'

During handling of the above exception, another exception occurred:

Traceback (most recent call last):
  File "C:\Users\Ireneirungu\PycharmProjects\RafikiChatbot\venv\lib\site-packages\django\template\base.py", line 896, in _resolve_lookup
    current = current[int(bit)]
ValueError: invalid literal for int() with base 10: 'name'

During handling of the above exception, another exception occurred:

Traceback (most recent call last):
  File "C:\Users\Ireneirungu\PycharmProjects\RafikiChatbot\venv\lib\site-packages\django\template\base.py", line 903, in _resolve_lookup
    raise VariableDoesNotExist(
django.template.base.VariableDoesNotExist: Failed lookup for key [name] in <URLResolver <URLPattern list> (admin:admin) 'admin/'>
Exception while resolving variable 'name' in template 'unknown'.
Traceback (most recent call last):
  File "C:\Users\Ireneirungu\PycharmProjects\RafikiChatbot\venv\lib\site-packages\django\core\handlers\exception.py", line 55, in inner
    response = get_response(request)
  File "C:\Users\Ireneirungu\PycharmProjects\RafikiChatbot\venv\lib\site-packages\django\core\handlers\base.py", line 181, in _get_response
    callback, callback_args, callback_kwargs = self.resolve_request(request)
  File "C:\Users\Ireneirungu\PycharmProjects\RafikiChatbot\venv\lib\site-packages\django\core\handlers\base.py", line 313, in resolve_request
    resolver_match = resolver.resolve(request.path_info)
  File "C:\Users\Ireneirungu\PycharmProjects\RafikiChatbot\venv\lib\site-packages\django\urls\resolvers.py", line 702, in resolve
    raise Resolver404({"tried": tried, "path": new_path})
django.urls.exceptions.Resolver404: {'tried': [[<URLPattern 'api/token/' [name='token_obtain_pair']>], [<URLPattern 'api/token/refresh/' [name='token_refresh']>], [<URLResolver <URLPattern list> (admin:admin) 'admin/'>], [<URLResolver <module 'chatbot.urls' from 'C:\\Users\\Ireneirungu\\PycharmProjects\\RafikiChatbot\\chatbot\\urls.py'> (None:None) ''>, <URLPattern 'chatbot/' [name='chatbot']>], [<URLResolver <module 'chatbot.urls' from 'C:\\Users\\Ireneirungu\\PycharmProjects\\RafikiChatbot\\chatbot\\urls.py'> (None:None) ''>, <URLPattern 'save_history/' [name='save_record']>], [<URLResolver <module 'chatbot.urls' from 'C:\\Users\\Ireneirungu\\PycharmProjects\\RafikiChatbot\\chatbot\\urls.py'> (None:None) ''>, <URLPattern '' [name='index']>], [<URLResolver <module 'chatbot.urls' from 'C:\\Users\\Ireneirungu\\PycharmProjects\\RafikiChatbot\\chatbot\\urls.py'> (None:None) ''>, <URLPattern 'chat_history/' [name='chat_history']>], [<URLResolver <module 'chatbot.urls' from 'C:\\Users\\Ireneirungu\\PycharmProjects\\RafikiChatbot\\chatbot\\urls.py'> (None:None) ''>, <URLPattern 'get_csrf_token/' [name='get_csrf_token']>], [<URLResolver <module 'chatbot.urls' from 'C:\\Users\\Ireneirungu\\PycharmProjects\\RafikiChatbot\\chatbot\\urls.py'> (None:None) ''>, <URLPattern 'signup/' [name='register']>], [<URLResolver <module 'chatbot.urls' from 'C:\\Users\\Ireneirungu\\PycharmProjects\\RafikiChatbot\\chatbot\\urls.py'> (None:None) ''>, <URLPattern 'login/' [name='login']>]], 'path': 'manifest.json'}

During handling of the above exception, another exception occurred:

Traceback (most recent call last):
  File "C:\Users\Ireneirungu\PycharmProjects\RafikiChatbot\venv\lib\site-packages\django\template\base.py", line 880, in _resolve_lookup
    current = current[bit]
TypeError: 'URLResolver' object is not subscriptable

During handling of the above exception, another exception occurred:

Traceback (most recent call last):
  File "C:\Users\Ireneirungu\PycharmProjects\RafikiChatbot\venv\lib\site-packages\django\template\base.py", line 890, in _resolve_lookup
    current = getattr(current, bit)
AttributeError: 'URLResolver' object has no attribute 'name'

During handling of the above exception, another exception occurred:

Traceback (most recent call last):
  File "C:\Users\Ireneirungu\PycharmProjects\RafikiChatbot\venv\lib\site-packages\django\template\base.py", line 896, in _resolve_lookup
    current = current[int(bit)]
ValueError: invalid literal for int() with base 10: 'name'

During handling of the above exception, another exception occurred:

Traceback (most recent call last):
  File "C:\Users\Ireneirungu\PycharmProjects\RafikiChatbot\venv\lib\site-packages\django\template\base.py", line 903, in _resolve_lookup
    raise VariableDoesNotExist(
django.template.base.VariableDoesNotExist: Failed lookup for key [name] in <URLResolver <URLPattern list> (admin:admin) 'admin/'>
Not Found: /favicon.ico
Not Found: /manifest.json
"GET /favicon.ico HTTP/1.1" 404 3600
"GET /manifest.json HTTP/1.1" 404 3606
"POST /login/ HTTP/1.1" 200 238
"GET /chat_history/?user_id=67a2957544ba85ddd7d42af5 HTTP/1.1" 200 35096
"POST /login/ HTTP/1.1" 200 238
"GET /chat_history/?user_id=67a2957544ba85ddd7d42af5 HTTP/1.1" 200 35096
chat_id: None, user: AnonymousUser
Bad Request: /chatbot/
"POST /chatbot/ HTTP/1.1" 400 15
chat_id: None, user: AnonymousUser
Bad Request: /chatbot/
"POST /chatbot/ HTTP/1.1" 400 15
chat_id: None, user: AnonymousUser
Bad Request: /chatbot/
"POST /chatbot/ HTTP/1.1" 400 15
chat_id: None, user: AnonymousUser
Bad Request: /chatbot/
"POST /chatbot/ HTTP/1.1" 400 15
chat_id: None, user: AnonymousUser
Bad Request: /chatbot/
"POST /chatbot/ HTTP/1.1" 400 15
chat_id: None, user: AnonymousUser
Bad Request: /chatbot/
"POST /chatbot/ HTTP/1.1" 400 15
"GET /static/css/main.f87b11ef.css HTTP/1.1" 304 0
Exception while resolving variable 'name' in template 'unknown'.
Traceback (most recent call last):
  File "C:\Users\Ireneirungu\PycharmProjects\RafikiChatbot\venv\lib\site-packages\django\core\handlers\exception.py", line 55, in inner
    response = get_response(request)
  File "C:\Users\Ireneirungu\PycharmProjects\RafikiChatbot\venv\lib\site-packages\django\core\handlers\base.py", line 181, in _get_response
    callback, callback_args, callback_kwargs = self.resolve_request(request)
  File "C:\Users\Ireneirungu\PycharmProjects\RafikiChatbot\venv\lib\site-packages\django\core\handlers\base.py", line 313, in resolve_request
    resolver_match = resolver.resolve(request.path_info)
  File "C:\Users\Ireneirungu\PycharmProjects\RafikiChatbot\venv\lib\site-packages\django\urls\resolvers.py", line 702, in resolve
    raise Resolver404({"tried": tried, "path": new_path})
django.urls.exceptions.Resolver404: {'tried': [[<URLPattern 'api/token/' [name='token_obtain_pair']>], [<URLPattern 'api/token/refresh/' [name='token_refresh']>], [<URLResolver <URLPattern list> (admin:admin) 'admin/'>], [<URLResolver <module 'chatbot.urls' from 'C:\\Users\\Ireneirungu\\PycharmProjects\\RafikiChatbot\\chatbot\\urls.py'> (None:None) ''>, <URLPattern 'chatbot/' [name='chatbot']>], [<URLResolver <module 'chatbot.urls' from 'C:\\Users\\Ireneirungu\\PycharmProjects\\RafikiChatbot\\chatbot\\urls.py'> (None:None) ''>, <URLPattern 'save_history/' [name='save_record']>], [<URLResolver <module 'chatbot.urls' from 'C:\\Users\\Ireneirungu\\PycharmProjects\\RafikiChatbot\\chatbot\\urls.py'> (None:None) ''>, <URLPattern '' [name='index']>], [<URLResolver <module 'chatbot.urls' from 'C:\\Users\\Ireneirungu\\PycharmProjects\\RafikiChatbot\\chatbot\\urls.py'> (None:None) ''>, <URLPattern 'chat_history/' [name='chat_history']>], [<URLResolver <module 'chatbot.urls' from 'C:\\Users\\Ireneirungu\\PycharmProjects\\RafikiChatbot\\chatbot\\urls.py'> (None:None) ''>, <URLPattern 'get_csrf_token/' [name='get_csrf_token']>], [<URLResolver <module 'chatbot.urls' from 'C:\\Users\\Ireneirungu\\PycharmProjects\\RafikiChatbot\\chatbot\\urls.py'> (None:None) ''>, <URLPattern 'signup/' [name='register']>], [<URLResolver <module 'chatbot.urls' from 'C:\\Users\\Ireneirungu\\PycharmProjects\\RafikiChatbot\\chatbot\\urls.py'> (None:None) ''>, <URLPattern 'login/' [name='login']>]], 'path': 'manifest.json'}

During handling of the above exception, another exception occurred:

Traceback (most recent call last):
  File "C:\Users\Ireneirungu\PycharmProjects\RafikiChatbot\venv\lib\site-packages\django\template\base.py", line 880, in _resolve_lookup
    current = current[bit]
TypeError: 'URLResolver' object is not subscriptable

During handling of the above exception, another exception occurred:

Traceback (most recent call last):
  File "C:\Users\Ireneirungu\PycharmProjects\RafikiChatbot\venv\lib\site-packages\django\template\base.py", line 890, in _resolve_lookup
    current = getattr(current, bit)
AttributeError: 'URLResolver' object has no attribute 'name'

During handling of the above exception, another exception occurred:

Traceback (most recent call last):
  File "C:\Users\Ireneirungu\PycharmProjects\RafikiChatbot\venv\lib\site-packages\django\template\base.py", line 896, in _resolve_lookup
    current = current[int(bit)]
ValueError: invalid literal for int() with base 10: 'name'

During handling of the above exception, another exception occurred:

Traceback (most recent call last):
  File "C:\Users\Ireneirungu\PycharmProjects\RafikiChatbot\venv\lib\site-packages\django\template\base.py", line 903, in _resolve_lookup
    raise VariableDoesNotExist(
django.template.base.VariableDoesNotExist: Failed lookup for key [name] in <URLResolver <URLPattern list> (admin:admin) 'admin/'>
Not Found: /manifest.json
"GET /manifest.json HTTP/1.1" 404 3606
"GET /static/css/main.f87b11ef.css.map HTTP/1.1" 304 0
"GET /static/js/main.c890551c.js.map HTTP/1.1" 304 0
File C:\Users\Ireneirungu\PycharmProjects\RafikiChatbot\chatbot\views.py previous mtime: 1742637648.674253, current mtime: 1742638122.6096342
C:\Users\Ireneirungu\PycharmProjects\RafikiChatbot\chatbot\views.py notified as changed. Signal results: [(<function template_changed at 0x0000021F28665820>, None), (<function translation_file_changed at 0x0000021F293DB3A0>, None)].
C:\Users\Ireneirungu\PycharmProjects\RafikiChatbot\chatbot\views.py changed, reloading.
Watching for file changes with StatReloader
Waiting for apps ready_event.
Apps ready_event triggered. Sending autoreload_started signal.
Watching dir C:\Users\Ireneirungu\PycharmProjects\RafikiChatbot\static\build with glob **/*.
Watching dir C:\Users\Ireneirungu\PycharmProjects\RafikiChatbot\venv\lib\site-packages\rest_framework\templates with glob **/*.
Watching dir C:\Users\Ireneirungu\PycharmProjects\RafikiChatbot\locale with glob **/*.mo.
Watching dir C:\Users\Ireneirungu\PycharmProjects\RafikiChatbot\chatbot\locale with glob **/*.mo.
Watching dir C:\Users\Ireneirungu\PycharmProjects\RafikiChatbot\venv\lib\site-packages\corsheaders\locale with glob **/*.mo.
Watching dir C:\Users\Ireneirungu\PycharmProjects\RafikiChatbot\venv\lib\site-packages\mongoengine\locale with glob **/*.mo.
Watching dir C:\Users\Ireneirungu\PycharmProjects\RafikiChatbot\venv\lib\site-packages\rest_framework\locale with glob **/*.mo.
Watching dir C:\Users\Ireneirungu\PycharmProjects\RafikiChatbot\venv\lib\site-packages\rest_framework_simplejwt\locale with glob **/*.mo.
File C:\Users\Ireneirungu\PycharmProjects\RafikiChatbot\venv\Lib\site-packages\django\contrib\admin\models.py first seen with mtime 1737108717.9397252
File C:\Users\Ireneirungu\AppData\Local\Programs\Python\Python39\Lib\asyncio\runners.py first seen with mtime 1652795110.0
File C:\Users\Ireneirungu\PycharmProjects\RafikiChatbot\venv\Lib\site-packages\django\utils\cache.py first seen with mtime 1737108719.5776985
File C:\Users\Ireneirungu\AppData\Local\Programs\Python\Python39\Lib\email\policy.py first seen with mtime 1652795110.0
File C:\Users\Ireneirungu\PycharmProjects\RafikiChatbot\venv\Lib\site-packages\django\template\backends\base.py first seen with mtime 1737108719.5616963
File C:\Users\Ireneirungu\PycharmProjects\RafikiChatbot\venv\Lib\site-packages\django\core\handlers\base.py first seen with mtime 1737108719.4335313
File C:\Users\Ireneirungu\PycharmProjects\RafikiChatbot\venv\Lib\site-packages\gridfs\grid_file.py first seen with mtime 1734681582.7291164
File C:\Users\Ireneirungu\AppData\Local\Programs\Python\Python39\Lib\unittest\__init__.py first seen with mtime 1652795112.0
File C:\Users\Ireneirungu\AppData\Local\Programs\Python\Python39\Lib\asyncio\queues.py first seen with mtime 1652795110.0
File C:\Users\Ireneirungu\AppData\Local\Programs\Python\Python39\Lib\bisect.py first seen with mtime 1652795110.0
File C:\Users\Ireneirungu\AppData\Local\Programs\Python\Python39\Lib\unittest\case.py first seen with mtime 1652795112.0
File C:\Users\Ireneirungu\PycharmProjects\RafikiChatbot\core\urls.py first seen with mtime 1738782543.9474359
File C:\Users\Ireneirungu\PycharmProjects\RafikiChatbot\venv\Lib\site-packages\django\contrib\messages\storage\__init__.py first seen with mtime 1737108718.9718716
File C:\Users\Ireneirungu\AppData\Local\Programs\Python\Python39\Lib\locale.py first seen with mtime 1652795110.0
File C:\Users\Ireneirungu\PycharmProjects\RafikiChatbot\venv\Lib\site-packages\django\core\files\base.py first seen with mtime 1737108719.4266655
File C:\Users\Ireneirungu\PycharmProjects\RafikiChatbot\venv\Lib\site-packages\markupsafe\__init__.py first seen with mtime 1738677770.3640027
File C:\Users\Ireneirungu\PycharmProjects\RafikiChatbot\venv\Lib\site-packages\asgiref\__init__.py first seen with mtime 1734350002.720843
File C:\Users\Ireneirungu\PycharmProjects\RafikiChatbot\venv\Lib\site-packages\django\utils\lorem_ipsum.py first seen with mtime 1737108719.5874784
File C:\Users\Ireneirungu\PycharmProjects\RafikiChatbot\venv\Lib\site-packages\rest_framework\relations.py first seen with mtime 1737108716.6676507
File C:\Users\Ireneirungu\PycharmProjects\RafikiChatbot\venv\Lib\site-packages\django\middleware\cache.py first seen with mtime 1737108719.5517552
File C:\Users\Ireneirungu\PycharmProjects\RafikiChatbot\venv\Lib\site-packages\rest_framework\authentication.py first seen with mtime 1737108716.6620271
File C:\Users\Ireneirungu\PycharmProjects\RafikiChatbot\venv\Lib\site-packages\django\views\csrf.py first seen with mtime 1737108719.5954783
File C:\Users\Ireneirungu\PycharmProjects\RafikiChatbot\venv\Lib\site-packages\django\contrib\sessions\apps.py first seen with mtime 1737108719.1794913
File C:\Users\Ireneirungu\AppData\Local\Programs\Python\Python39\Lib\concurrent\futures\thread.py first seen with mtime 1652795110.0
File C:\Users\Ireneirungu\PycharmProjects\RafikiChatbot\venv\Lib\site-packages\werkzeug\sansio\utils.py first seen with mtime 1738677770.482081
File C:\Users\Ireneirungu\PycharmProjects\RafikiChatbot\venv\Lib\site-packages\pymongo\periodic_executor.py first seen with mtime 1734681582.7683558
File C:\Users\Ireneirungu\PycharmProjects\RafikiChatbot\venv\Lib\site-packages\django\templatetags\cache.py first seen with mtime 1737108719.5666966
File C:\Users\Ireneirungu\PycharmProjects\RafikiChatbot\venv\Lib\site-packages\django\contrib\__init__.py first seen with mtime 1737108717.9362738
File C:\Users\Ireneirungu\PycharmProjects\RafikiChatbot\venv\Lib\site-packages\sqlparse\lexer.py first seen with mtime 1734690958.506648
File C:\Users\Ireneirungu\PycharmProjects\RafikiChatbot\venv\Lib\site-packages\django\views\generic\list.py first seen with mtime 1737108719.603189
File C:\Users\Ireneirungu\PycharmProjects\RafikiChatbot\venv\Lib\site-packages\django\contrib\staticfiles\management\commands\__init__.py first seen with mtime 1737108719.409875
File C:\Users\Ireneirungu\AppData\Local\Programs\Python\Python39\Lib\email\headerregistry.py first seen with mtime 1652795110.0
File C:\Users\Ireneirungu\AppData\Local\Programs\Python\Python39\Lib\unittest\util.py first seen with mtime 1652795112.0
File C:\Users\Ireneirungu\AppData\Local\Programs\Python\Python39\Lib\ctypes\wintypes.py first seen with mtime 1652795110.0
File C:\Users\Ireneirungu\PycharmProjects\RafikiChatbot\venv\Lib\site-packages\django\contrib\sessions\backends\base.py first seen with mtime 1737108719.182492
File C:\Users\Ireneirungu\PycharmProjects\RafikiChatbot\venv\Lib\site-packages\django\db\models\fields\related_lookups.py first seen with mtime 1737108719.5009031
File C:\Users\Ireneirungu\AppData\Local\Programs\Python\Python39\Lib\stringprep.py first seen with mtime 1652795110.0
File C:\Users\Ireneirungu\AppData\Local\Programs\Python\Python39\Lib\xml\dom\NodeFilter.py first seen with mtime 1652795112.0
File C:\Users\Ireneirungu\PycharmProjects\RafikiChatbot\venv\Lib\site-packages\django\core\files\storage\handler.py first seen with mtime 1737108719.4313564
File C:\Users\Ireneirungu\AppData\Local\Programs\Python\Python39\Lib\importlib\abc.py first seen with mtime 1652795110.0
File C:\Users\Ireneirungu\PycharmProjects\RafikiChatbot\venv\Lib\site-packages\django\db\migrations\utils.py first seen with mtime 1737108719.4855864
File C:\Users\Ireneirungu\AppData\Local\Programs\Python\Python39\DLLs\select.pyd first seen with mtime 1652795162.0
File C:\Users\Ireneirungu\PycharmProjects\RafikiChatbot\venv\Lib\site-packages\django\db\backends\signals.py first seen with mtime 1737108719.458562
File C:\Users\Ireneirungu\PycharmProjects\RafikiChatbot\venv\Lib\site-packages\django\utils\duration.py first seen with mtime 1737108719.5825505
File C:\Users\Ireneirungu\AppData\Local\Programs\Python\Python39\Lib\http\__init__.py first seen with mtime 1652795110.0
File C:\Users\Ireneirungu\PycharmProjects\RafikiChatbot\venv\Lib\site-packages\urllib3\_request_methods.py first seen with mtime 1734352373.6045341
File C:\Users\Ireneirungu\PycharmProjects\RafikiChatbot\venv\Lib\site-packages\django\core\management\commands\__init__.py first seen with mtime 1737108719.4415317
File C:\Users\Ireneirungu\PycharmProjects\RafikiChatbot\venv\Lib\site-packages\django\utils\ipv6.py first seen with mtime 1737108719.5864735
File C:\Users\Ireneirungu\PycharmProjects\RafikiChatbot\venv\Lib\site-packages\rest_framework_simplejwt\models.py first seen with mtime 1738782341.4390137
File C:\Users\Ireneirungu\PycharmProjects\RafikiChatbot\venv\Lib\site-packages\django\contrib\contenttypes\__init__.py first seen with mtime 1737108718.4385047
File C:\Users\Ireneirungu\PycharmProjects\RafikiChatbot\venv\Lib\site-packages\django\contrib\messages\api.py first seen with mtime 1737108718.9679291
File C:\Users\Ireneirungu\PycharmProjects\RafikiChatbot\venv\Lib\site-packages\django\forms\__init__.py first seen with mtime 1737108719.5099068
File C:\Users\Ireneirungu\PycharmProjects\RafikiChatbot\venv\Lib\site-packages\django\db\backends\utils.py first seen with mtime 1737108719.458562
File C:\Users\Ireneirungu\PycharmProjects\RafikiChatbot\venv\Lib\site-packages\idna\core.py first seen with mtime 1734352373.845154
File C:\Users\Ireneirungu\AppData\Local\Programs\Python\Python39\Lib\asyncio\futures.py first seen with mtime 1652795110.0
File C:\Users\Ireneirungu\PycharmProjects\RafikiChatbot\venv\Lib\site-packages\rest_framework\utils\humanize_datetime.py first seen with mtime 1737108716.7805443
File C:\Users\Ireneirungu\AppData\Local\Programs\Python\Python39\Lib\email\parser.py first seen with mtime 1652795110.0
File C:\Users\Ireneirungu\PycharmProjects\RafikiChatbot\venv\Lib\site-packages\django\utils\timesince.py first seen with mtime 1737108719.5904782
File C:\Users\Ireneirungu\PycharmProjects\RafikiChatbot\venv\Lib\site-packages\werkzeug\datastructures\accept.py first seen with mtime 1738677770.431963
File C:\Users\Ireneirungu\PycharmProjects\RafikiChatbot\venv\Lib\site-packages\pymongo\ssl_support.py first seen with mtime 1734681582.7777553
File C:\Users\Ireneirungu\PycharmProjects\RafikiChatbot\venv\Lib\site-packages\pymongo\ismaster.py first seen with mtime 1734681582.7613585
File C:\Users\Ireneirungu\AppData\Local\Programs\Python\Python39\Lib\contextlib.py first seen with mtime 1652795110.0
File C:\Users\Ireneirungu\PycharmProjects\RafikiChatbot\venv\Lib\site-packages\django\template\__init__.py first seen with mtime 1737108719.5546916
File C:\Users\Ireneirungu\AppData\Local\Programs\Python\Python39\Lib\gzip.py first seen with mtime 1652795110.0
File C:\Users\Ireneirungu\PycharmProjects\RafikiChatbot\venv\Lib\site-packages\django\core\files\storage\memory.py first seen with mtime 1737108719.4313564
File C:\Users\Ireneirungu\PycharmProjects\RafikiChatbot\venv\Lib\site-packages\django\template\exceptions.py first seen with mtime 1737108719.5586965
File C:\Users\Ireneirungu\PycharmProjects\RafikiChatbot\venv\Lib\site-packages\rest_framework\parsers.py first seen with mtime 1737108716.6676507
File C:\Users\Ireneirungu\AppData\Local\Programs\Python\Python39\Lib\asyncio\staggered.py first seen with mtime 1652795110.0
File C:\Users\Ireneirungu\PycharmProjects\RafikiChatbot\venv\Lib\site-packages\django\db\utils.py first seen with mtime 1737108719.4575617
File C:\Users\Ireneirungu\PycharmProjects\RafikiChatbot\venv\Lib\site-packages\django\utils\inspect.py first seen with mtime 1737108719.5861938
File C:\Users\Ireneirungu\AppData\Local\Programs\Python\Python39\Lib\contextvars.py first seen with mtime 1652795110.0
File C:\Users\Ireneirungu\PycharmProjects\RafikiChatbot\venv\Lib\site-packages\pytz\tzfile.py first seen with mtime 1734681582.3639057
File C:\Users\Ireneirungu\AppData\Local\Programs\Python\Python39\Lib\email\mime\__init__.py first seen with mtime 1652795110.0
File C:\Users\Ireneirungu\PycharmProjects\RafikiChatbot\venv\Lib\site-packages\django\db\migrations\operations\fields.py first seen with mtime 1737108719.487587
File C:\Users\Ireneirungu\PycharmProjects\RafikiChatbot\venv\Lib\site-packages\werkzeug\datastructures\headers.py first seen with mtime 1738677770.440703
File C:\Users\Ireneirungu\AppData\Local\Programs\Python\Python39\Lib\pathlib.py first seen with mtime 1652795110.0
File C:\Users\Ireneirungu\PycharmProjects\RafikiChatbot\venv\Lib\site-packages\django\contrib\sessions\models.py first seen with mtime 1737108719.1814911
File C:\Users\Ireneirungu\PycharmProjects\RafikiChatbot\venv\Lib\site-packages\django\contrib\auth\checks.py first seen with mtime 1737108718.3218997
File C:\Users\Ireneirungu\PycharmProjects\RafikiChatbot\venv\Lib\site-packages\werkzeug\_internal.py first seen with mtime 1738677770.4099631
File C:\Users\Ireneirungu\PycharmProjects\RafikiChatbot\venv\Lib\site-packages\bson\tz_util.py first seen with mtime 1734681582.7271566
File C:\Users\Ireneirungu\PycharmProjects\RafikiChatbot\venv\Lib\site-packages\django\core\checks\security\__init__.py first seen with mtime 1737108719.4252796
File C:\Users\Ireneirungu\PycharmProjects\RafikiChatbot\venv\Lib\site-packages\django\core\files\__init__.py first seen with mtime 1737108719.4266655
File C:\Users\Ireneirungu\AppData\Local\Programs\Python\Python39\Lib\asyncio\base_subprocess.py first seen with mtime 1652795110.0
File C:\Users\Ireneirungu\PycharmProjects\RafikiChatbot\venv\Lib\site-packages\django\db\models\fields\proxy.py first seen with mtime 1737108719.4989033
File C:\Users\Ireneirungu\PycharmProjects\RafikiChatbot\venv\Lib\site-packages\rest_framework\utils\mediatypes.py first seen with mtime 1737108716.7815442
File C:\Users\Ireneirungu\AppData\Local\Programs\Python\Python39\Lib\shutil.py first seen with mtime 1652795110.0
File C:\Users\Ireneirungu\PycharmProjects\RafikiChatbot\venv\Lib\site-packages\bson\timestamp.py first seen with mtime 1734681582.726139
File C:\Users\Ireneirungu\PycharmProjects\RafikiChatbot\venv\Lib\site-packages\django\contrib\auth\management\__init__.py first seen with mtime 1737108718.4307463
File C:\Users\Ireneirungu\AppData\Local\Programs\Python\Python39\Lib\email\utils.py first seen with mtime 1652795110.0
File C:\Users\Ireneirungu\PycharmProjects\RafikiChatbot\venv\Lib\site-packages\idna\__init__.py first seen with mtime 1734352373.843154
File C:\Users\Ireneirungu\PycharmProjects\RafikiChatbot\venv\Lib\site-packages\django\views\defaults.py first seen with mtime 1737108719.5964787
File C:\Users\Ireneirungu\AppData\Local\Programs\Python\Python39\Lib\abc.py first seen with mtime 1652795110.0
File C:\Users\Ireneirungu\PycharmProjects\RafikiChatbot\venv\Lib\site-packages\django\template\autoreload.py first seen with mtime 1737108719.5556965
File C:\Users\Ireneirungu\PycharmProjects\RafikiChatbot\venv\Lib\site-packages\django\contrib\auth\password_validation.py first seen with mtime 1737108718.3249
File C:\Users\Ireneirungu\PycharmProjects\RafikiChatbot\venv\Lib\site-packages\django\utils\__init__.py first seen with mtime 1737108719.5756967
File C:\Users\Ireneirungu\PycharmProjects\RafikiChatbot\venv\Lib\site-packages\mongoengine\queryset\visitor.py first seen with mtime 1734694514.4267774
File C:\Users\Ireneirungu\PycharmProjects\RafikiChatbot\venv\Lib\site-packages\asgiref\current_thread_executor.py first seen with mtime 1734350002.7213967
File C:\Users\Ireneirungu\AppData\Local\Programs\Python\Python39\Lib\email\feedparser.py first seen with mtime 1652795110.0
File C:\Users\Ireneirungu\PycharmProjects\RafikiChatbot\venv\Lib\site-packages\django\contrib\admin\checks.py first seen with mtime 1737108717.9372797
File C:\Users\Ireneirungu\PycharmProjects\RafikiChatbot\venv\Lib\site-packages\django\core\wsgi.py first seen with mtime 1737108719.4152586
File C:\Users\Ireneirungu\AppData\Local\Programs\Python\Python39\Lib\email\mime\nonmultipart.py first seen with mtime 1652795110.0
File C:\Users\Ireneirungu\PycharmProjects\RafikiChatbot\venv\Lib\site-packages\pymongo\_cmessage.cp39-win_amd64.pyd first seen with mtime 1734681582.7321234
File C:\Users\Ireneirungu\AppData\Local\Programs\Python\Python39\Lib\logging\config.py first seen with mtime 1652795110.0
File C:\Users\Ireneirungu\AppData\Local\Programs\Python\Python39\Lib\json\encoder.py first seen with mtime 1652795110.0
File C:\Users\Ireneirungu\PycharmProjects\RafikiChatbot\venv\Lib\site-packages\mongoengine\fields.py first seen with mtime 1734694514.409696
File C:\Users\Ireneirungu\PycharmProjects\RafikiChatbot\venv\Lib\site-packages\requests\adapters.py first seen with mtime 1734352374.203614
File C:\Users\Ireneirungu\PycharmProjects\RafikiChatbot\venv\Lib\site-packages\django\contrib\admin\templatetags\__init__.py first seen with mtime 1737108718.2058008
File C:\Users\Ireneirungu\PycharmProjects\RafikiChatbot\venv\Lib\site-packages\django\contrib\admin\views\__init__.py first seen with mtime 1737108718.2078006
File C:\Users\Ireneirungu\AppData\Local\Programs\Python\Python39\DLLs\_asyncio.pyd first seen with mtime 1652795162.0
File C:\Users\Ireneirungu\PycharmProjects\RafikiChatbot\venv\Lib\site-packages\django\core\checks\model_checks.py first seen with mtime 1737108719.4222894
File C:\Users\Ireneirungu\PycharmProjects\RafikiChatbot\venv\Lib\site-packages\urllib3\util\proxy.py first seen with mtime 1734352373.6236277
File C:\Users\Ireneirungu\AppData\Local\Programs\Python\Python39\Lib\collections\abc.py first seen with mtime 1652795110.0
File C:\Users\Ireneirungu\PycharmProjects\RafikiChatbot\venv\Lib\site-packages\django\core\cache\backends\__init__.py first seen with mtime 1737108719.4166954
File C:\Users\Ireneirungu\PycharmProjects\RafikiChatbot\venv\Lib\site-packages\django\utils\itercompat.py first seen with mtime 1737108719.5864735
File C:\Users\Ireneirungu\PycharmProjects\RafikiChatbot\venv\Lib\site-packages\sqlparse\__init__.py first seen with mtime 1734690958.4996963
File C:\Users\Ireneirungu\PycharmProjects\RafikiChatbot\venv\Lib\site-packages\django\views\decorators\common.py first seen with mtime 1737108719.5984783
File C:\Users\Ireneirungu\PycharmProjects\RafikiChatbot\venv\Lib\site-packages\django\db\models\enums.py first seen with mtime 1737108719.4918983
File C:\Users\Ireneirungu\PycharmProjects\RafikiChatbot\venv\Lib\site-packages\sqlparse\exceptions.py first seen with mtime 1734690958.5026977
File C:\Users\Ireneirungu\AppData\Local\Programs\Python\Python39\Lib\base64.py first seen with mtime 1652795110.0
File C:\Users\Ireneirungu\PycharmProjects\RafikiChatbot\venv\Lib\site-packages\django\db\models\functions\math.py first seen with mtime 1737108719.5029035
File C:\Users\Ireneirungu\PycharmProjects\RafikiChatbot\venv\Lib\site-packages\django\db\backends\postgresql\__init__.py first seen with mtime 1737108719.4735818
File C:\Users\Ireneirungu\PycharmProjects\RafikiChatbot\venv\Lib\site-packages\django\template\response.py first seen with mtime 1737108719.5606966
File C:\Users\Ireneirungu\AppData\Local\Programs\Python\Python39\Lib\json\__init__.py first seen with mtime 1652795110.0
File C:\Users\Ireneirungu\PycharmProjects\RafikiChatbot\venv\Lib\site-packages\rest_framework\utils\serializer_helpers.py first seen with mtime 1737108716.7825444
File C:\Users\Ireneirungu\PycharmProjects\RafikiChatbot\venv\Lib\site-packages\requests\sessions.py first seen with mtime 1734352374.2122855
File C:\Users\Ireneirungu\PycharmProjects\RafikiChatbot\venv\Lib\site-packages\rest_framework\utils\urls.py first seen with mtime 1737108716.7835445
File C:\Users\Ireneirungu\PycharmProjects\RafikiChatbot\venv\Lib\site-packages\mongoengine\base\__init__.py first seen with mtime 1734694514.4143317
File C:\Users\Ireneirungu\PycharmProjects\RafikiChatbot\venv\Lib\site-packages\urllib3\fields.py first seen with mtime 1734352373.6085339
File C:\Users\Ireneirungu\PycharmProjects\RafikiChatbot\venv\Lib\site-packages\rest_framework\utils\timezone.py first seen with mtime 1737108716.7825444
File C:\Users\Ireneirungu\PycharmProjects\RafikiChatbot\venv\Lib\site-packages\django\core\checks\async_checks.py first seen with mtime 1737108719.4196482
File C:\Users\Ireneirungu\PycharmProjects\RafikiChatbot\venv\Lib\site-packages\django\db\transaction.py first seen with mtime 1737108719.456561
File C:\Users\Ireneirungu\PycharmProjects\RafikiChatbot\venv\Lib\site-packages\sqlparse\filters\right_margin.py first seen with mtime 1734690958.5215716
File C:\Users\Ireneirungu\PycharmProjects\RafikiChatbot\venv\Lib\site-packages\werkzeug\datastructures\etag.py first seen with mtime 1738677770.4373753
File C:\Users\Ireneirungu\PycharmProjects\RafikiChatbot\venv\Lib\site-packages\django\core\serializers\json.py first seen with mtime 1737108719.4535613
File C:\Users\Ireneirungu\PycharmProjects\RafikiChatbot\venv\Lib\site-packages\django\core\checks\urls.py first seen with mtime 1737108719.4237895
File C:\Users\Ireneirungu\PycharmProjects\RafikiChatbot\venv\Lib\site-packages\urllib3\util\url.py first seen with mtime 1734352373.6286242
File C:\Users\Ireneirungu\PycharmProjects\RafikiChatbot\venv\Lib\site-packages\pymongo\errors.py first seen with mtime 1734681582.7563891
File C:\Users\Ireneirungu\PycharmProjects\RafikiChatbot\venv\Lib\site-packages\django\core\handlers\asgi.py first seen with mtime 1737108719.4335313
File C:\Users\Ireneirungu\PycharmProjects\RafikiChatbot\venv\Lib\site-packages\pymongo\auth_aws.py first seen with mtime 1734681582.7371223
File C:\Users\Ireneirungu\PycharmProjects\RafikiChatbot\venv\Lib\site-packages\django\core\serializers\__init__.py first seen with mtime 1737108719.4525635
File C:\Users\Ireneirungu\PycharmProjects\RafikiChatbot\venv\Lib\site-packages\werkzeug\wrappers\__init__.py first seen with mtime 1738677770.483569
File C:\Users\Ireneirungu\AppData\Local\Programs\Python\Python39\Lib\asyncio\streams.py first seen with mtime 1652795110.0
File C:\Users\Ireneirungu\AppData\Local\Programs\Python\Python39\Lib\_weakrefset.py first seen with mtime 1652795110.0
File C:\Users\Ireneirungu\AppData\Local\Programs\Python\Python39\DLLs\_zoneinfo.pyd first seen with mtime 1652795162.0
File C:\Users\Ireneirungu\PycharmProjects\RafikiChatbot\venv\Lib\site-packages\werkzeug\test.py first seen with mtime 1738677770.4229636
File C:\Users\Ireneirungu\PycharmProjects\RafikiChatbot\venv\Lib\site-packages\django\contrib\staticfiles\management\__init__.py first seen with mtime 1737108719.408871
File C:\Users\Ireneirungu\AppData\Local\Programs\Python\Python39\Lib\email\_encoded_words.py first seen with mtime 1652795110.0
File C:\Users\Ireneirungu\AppData\Local\Programs\Python\Python39\Lib\types.py first seen with mtime 1652795112.0
File C:\Users\Ireneirungu\PycharmProjects\RafikiChatbot\venv\Lib\site-packages\django\contrib\admin\views\main.py first seen with mtime 1737108718.209801
File C:\Users\Ireneirungu\PycharmProjects\RafikiChatbot\venv\Lib\site-packages\django\forms\renderers.py first seen with mtime 1737108719.5120683
File C:\Users\Ireneirungu\PycharmProjects\RafikiChatbot\venv\Lib\site-packages\requests\compat.py first seen with mtime 1734352374.2066245
File C:\Users\Ireneirungu\PycharmProjects\RafikiChatbot\venv\Lib\site-packages\urllib3\util\request.py first seen with mtime 1734352373.6236277
File C:\Users\Ireneirungu\AppData\Local\Programs\Python\Python39\Lib\urllib\parse.py first seen with mtime 1652795112.0
File C:\Users\Ireneirungu\PycharmProjects\RafikiChatbot\venv\Lib\site-packages\django\views\generic\detail.py first seen with mtime 1737108719.602479
File C:\Users\Ireneirungu\AppData\Local\Programs\Python\Python39\DLLs\_uuid.pyd first seen with mtime 1652795162.0
File C:\Users\Ireneirungu\AppData\Local\Programs\Python\Python39\Lib\struct.py first seen with mtime 1652795110.0
File C:\Users\Ireneirungu\PycharmProjects\RafikiChatbot\venv\Lib\site-packages\django\contrib\auth\hashers.py first seen with mtime 1737108718.3238997
File C:\Users\Ireneirungu\PycharmProjects\RafikiChatbot\venv\Lib\site-packages\django\core\__init__.py first seen with mtime 1737108719.4125192
File C:\Users\Ireneirungu\PycharmProjects\RafikiChatbot\venv\Lib\site-packages\urllib3\util\__init__.py first seen with mtime 1734352373.6226256
File C:\Users\Ireneirungu\PycharmProjects\RafikiChatbot\venv\Lib\site-packages\rest_framework\renderers.py first seen with mtime 1737108716.6676507
File C:\Users\Ireneirungu\PycharmProjects\RafikiChatbot\venv\Lib\site-packages\rest_framework\schemas\utils.py first seen with mtime 1737108716.7288504
File C:\Users\Ireneirungu\PycharmProjects\RafikiChatbot\venv\Lib\site-packages\django\test\html.py first seen with mtime 1737108719.5696967
File C:\Users\Ireneirungu\PycharmProjects\RafikiChatbot\venv\Lib\site-packages\django\core\exceptions.py first seen with mtime 1737108719.4138215
File C:\Users\Ireneirungu\PycharmProjects\RafikiChatbot\venv\Lib\site-packages\typing_extensions.py first seen with mtime 1734350002.583874
File C:\Users\Ireneirungu\PycharmProjects\RafikiChatbot\venv\Lib\site-packages\django\contrib\postgres\lookups.py first seen with mtime 1737108718.9757223
File C:\Users\Ireneirungu\PycharmProjects\RafikiChatbot\venv\Lib\site-packages\django\utils\dateformat.py first seen with mtime 1737108719.5796971
File C:\Users\Ireneirungu\PycharmProjects\RafikiChatbot\venv\Lib\site-packages\rest_framework\utils\formatting.py first seen with mtime 1737108716.7795384
File C:\Users\Ireneirungu\PycharmProjects\RafikiChatbot\venv\Lib\site-packages\django\contrib\admin\sites.py first seen with mtime 1737108717.940725
File C:\Users\Ireneirungu\PycharmProjects\RafikiChatbot\venv\Lib\site-packages\jwt\api_jwt.py first seen with mtime 1738679958.2155378
File C:\Users\Ireneirungu\AppData\Local\Programs\Python\Python39\Lib\pickle.py first seen with mtime 1652795110.0
File C:\Users\Ireneirungu\PycharmProjects\RafikiChatbot\venv\Lib\site-packages\requests\auth.py first seen with mtime 1734352374.2056248
File C:\Users\Ireneirungu\PycharmProjects\RafikiChatbot\venv\Lib\site-packages\corsheaders\apps.py first seen with mtime 1737108771.0265503
File C:\Users\Ireneirungu\AppData\Local\Programs\Python\Python39\Lib\encodings\idna.py first seen with mtime 1652795110.0
File C:\Users\Ireneirungu\PycharmProjects\RafikiChatbot\venv\Lib\site-packages\werkzeug\datastructures\range.py first seen with mtime 1738677770.442195
File C:\Users\Ireneirungu\PycharmProjects\RafikiChatbot\venv\Lib\site-packages\rest_framework\permissions.py first seen with mtime 1737108716.6676507
File C:\Users\Ireneirungu\AppData\Local\Programs\Python\Python39\Lib\zoneinfo\_common.py first seen with mtime 1652795112.0
File C:\Users\Ireneirungu\PycharmProjects\RafikiChatbot\venv\Lib\site-packages\django\db\backends\base\creation.py first seen with mtime 1737108719.460562
File C:\Users\Ireneirungu\AppData\Local\Programs\Python\Python39\Lib\http\server.py first seen with mtime 1652795110.0
File C:\Users\Ireneirungu\PycharmProjects\RafikiChatbot\venv\Lib\site-packages\rest_framework\utils\field_mapping.py first seen with mtime 1737108716.7795384
File C:\Users\Ireneirungu\PycharmProjects\RafikiChatbot\venv\Lib\site-packages\charset_normalizer\constant.py first seen with mtime 1734352373.996681
File C:\Users\Ireneirungu\PycharmProjects\RafikiChatbot\venv\Lib\site-packages\django\contrib\contenttypes\checks.py first seen with mtime 1737108718.4395099
File C:\Users\Ireneirungu\PycharmProjects\RafikiChatbot\venv\Lib\site-packages\django\db\backends\dummy\base.py first seen with mtime 1737108719.4635618
File C:\Users\Ireneirungu\AppData\Local\Programs\Python\Python39\Lib\email\header.py first seen with mtime 1652795110.0
File C:\Users\Ireneirungu\AppData\Local\Programs\Python\Python39\Lib\difflib.py first seen with mtime 1652795110.0
File C:\Users\Ireneirungu\PycharmProjects\RafikiChatbot\venv\Lib\site-packages\pymongo\mongo_replica_set_client.py first seen with mtime 1734681582.7643583
File C:\Users\Ireneirungu\AppData\Local\Programs\Python\Python39\Lib\tempfile.py first seen with mtime 1652795110.0
File C:\Users\Ireneirungu\PycharmProjects\RafikiChatbot\venv\Lib\site-packages\django\middleware\security.py first seen with mtime 1737108719.5546916
File C:\Users\Ireneirungu\AppData\Local\Programs\Python\Python39\Lib\codecs.py first seen with mtime 1652795110.0
File C:\Users\Ireneirungu\AppData\Local\Programs\Python\Python39\Lib\urllib\error.py first seen with mtime 1652795112.0
File C:\Users\Ireneirungu\PycharmProjects\RafikiChatbot\venv\Lib\site-packages\urllib3\util\util.py first seen with mtime 1734352373.6296594
File C:\Users\Ireneirungu\PycharmProjects\RafikiChatbot\venv\Lib\site-packages\werkzeug\datastructures\structures.py first seen with mtime 1738677770.4446428
File C:\Users\Ireneirungu\PycharmProjects\RafikiChatbot\venv\Lib\site-packages\werkzeug\wrappers\response.py first seen with mtime 1738677770.4861808
File C:\Users\Ireneirungu\PycharmProjects\RafikiChatbot\venv\Lib\site-packages\rest_framework\serializers.py first seen with mtime 1737108716.6704235
File C:\Users\Ireneirungu\PycharmProjects\RafikiChatbot\venv\Lib\site-packages\rest_framework\checks.py first seen with mtime 1737108716.6620271
File C:\Users\Ireneirungu\PycharmProjects\RafikiChatbot\venv\Lib\site-packages\django\core\serializers\python.py first seen with mtime 1737108719.4535613
File C:\Users\Ireneirungu\AppData\Local\Programs\Python\Python39\Lib\asyncio\constants.py first seen with mtime 1652795110.0
File C:\Users\Ireneirungu\PycharmProjects\RafikiChatbot\venv\Lib\site-packages\sqlparse\filters\others.py first seen with mtime 1734690958.517513
File C:\Users\Ireneirungu\PycharmProjects\RafikiChatbot\venv\Lib\site-packages\django\utils\translation\reloader.py first seen with mtime 1737108719.5934787
File C:\Users\Ireneirungu\PycharmProjects\RafikiChatbot\venv\Lib\site-packages\bson\errors.py first seen with mtime 1734681582.721972
File C:\Users\Ireneirungu\PycharmProjects\RafikiChatbot\venv\Lib\site-packages\rest_framework\utils\representation.py first seen with mtime 1737108716.7825444
File C:\Users\Ireneirungu\PycharmProjects\RafikiChatbot\venv\Lib\site-packages\django\utils\safestring.py first seen with mtime 1737108719.5894783
File C:\Users\Ireneirungu\PycharmProjects\RafikiChatbot\venv\Lib\site-packages\rest_framework_simplejwt\views.py first seen with mtime 1738782341.4475977
File C:\Users\Ireneirungu\AppData\Local\Programs\Python\Python39\Lib\copyreg.py first seen with mtime 1652795110.0
File C:\Users\Ireneirungu\PycharmProjects\RafikiChatbot\venv\Lib\site-packages\mongoengine\base\document.py first seen with mtime 1734694514.4156575
File C:\Users\Ireneirungu\PycharmProjects\RafikiChatbot\venv\Lib\site-packages\jwt\algorithms.py first seen with mtime 1738679958.2124398
File C:\Users\Ireneirungu\PycharmProjects\RafikiChatbot\venv\Lib\site-packages\pymongo\write_concern.py first seen with mtime 1734681582.7797568
File C:\Users\Ireneirungu\PycharmProjects\RafikiChatbot\venv\Lib\site-packages\urllib3\_collections.py first seen with mtime 1734352373.6035266
File C:\Users\Ireneirungu\PycharmProjects\RafikiChatbot\venv\Lib\site-packages\django\contrib\staticfiles\utils.py first seen with mtime 1737108719.408871
File C:\Users\Ireneirungu\PycharmProjects\RafikiChatbot\venv\Lib\site-packages\django\db\models\sql\__init__.py first seen with mtime 1737108719.5049033
File C:\Users\Ireneirungu\PycharmProjects\RafikiChatbot\venv\Lib\site-packages\urllib3\util\response.py first seen with mtime 1734352373.6246278
File C:\Users\Ireneirungu\PycharmProjects\RafikiChatbot\venv\Lib\site-packages\django\contrib\staticfiles\handlers.py first seen with mtime 1737108719.4064355
File C:\Users\Ireneirungu\PycharmProjects\RafikiChatbot\venv\Lib\site-packages\pymongo\auth.py first seen with mtime 1734681582.7371223
File C:\Users\Ireneirungu\PycharmProjects\RafikiChatbot\venv\Lib\site-packages\werkzeug\serving.py first seen with mtime 1738677770.4220357
File C:\Users\Ireneirungu\PycharmProjects\RafikiChatbot\venv\Lib\site-packages\django\utils\dates.py first seen with mtime 1737108719.5805454
File C:\Users\Ireneirungu\PycharmProjects\RafikiChatbot\venv\Lib\site-packages\bson\min_key.py first seen with mtime 1734681582.724011
File C:\Users\Ireneirungu\AppData\Local\Programs\Python\Python39\DLLs\_lzma.pyd first seen with mtime 1652795162.0
File C:\Users\Ireneirungu\PycharmProjects\RafikiChatbot\venv\Lib\site-packages\django\contrib\postgres\search.py first seen with mtime 1737108718.976722
File C:\Users\Ireneirungu\PycharmProjects\RafikiChatbot\venv\Lib\site-packages\charset_normalizer\version.py first seen with mtime 1734352374.0547538
File C:\Users\Ireneirungu\PycharmProjects\RafikiChatbot\venv\Lib\site-packages\mongoengine\connection.py first seen with mtime 1734694514.4024746
File C:\Users\Ireneirungu\AppData\Local\Programs\Python\Python39\DLLs\_queue.pyd first seen with mtime 1652795162.0
File C:\Users\Ireneirungu\AppData\Local\Programs\Python\Python39\Lib\asyncio\threads.py first seen with mtime 1652795110.0
File C:\Users\Ireneirungu\AppData\Local\Programs\Python\Python39\Lib\asyncio\transports.py first seen with mtime 1652795110.0
File C:\Users\Ireneirungu\PycharmProjects\RafikiChatbot\venv\Lib\site-packages\django\core\checks\files.py first seen with mtime 1737108719.4208922
File C:\Users\Ireneirungu\PycharmProjects\RafikiChatbot\venv\Lib\site-packages\django\contrib\auth\__init__.py first seen with mtime 1737108718.3189018
File C:\Users\Ireneirungu\AppData\Local\Programs\Python\Python39\Lib\asyncio\coroutines.py first seen with mtime 1652795110.0
File C:\Users\Ireneirungu\PycharmProjects\RafikiChatbot\venv\Lib\site-packages\django\contrib\auth\decorators.py first seen with mtime 1737108718.3228998
File C:\Users\Ireneirungu\PycharmProjects\RafikiChatbot\venv\Lib\site-packages\django\contrib\sessions\middleware.py first seen with mtime 1737108719.1804903
File C:\Users\Ireneirungu\PycharmProjects\RafikiChatbot\venv\Lib\site-packages\django\core\cache\__init__.py first seen with mtime 1737108719.4152586
File C:\Users\Ireneirungu\PycharmProjects\RafikiChatbot\venv\Lib\site-packages\mongoengine\queryset\manager.py first seen with mtime 1734694514.4236052
File C:\Users\Ireneirungu\PycharmProjects\RafikiChatbot\venv\Lib\site-packages\mongoengine\queryset\queryset.py first seen with mtime 1734694514.4246054
File C:\Users\Ireneirungu\AppData\Local\Programs\Python\Python39\Lib\functools.py first seen with mtime 1652795110.0
File C:\Users\Ireneirungu\AppData\Local\Programs\Python\Python39\Lib\_sitebuiltins.py first seen with mtime 1652795110.0
File C:\Users\Ireneirungu\PycharmProjects\RafikiChatbot\venv\Lib\site-packages\mongoengine\signals.py first seen with mtime 1734694514.4143317
File C:\Users\Ireneirungu\PycharmProjects\RafikiChatbot\venv\Lib\site-packages\bson\son.py first seen with mtime 1734681582.726139
File C:\Users\Ireneirungu\PycharmProjects\RafikiChatbot\venv\Lib\site-packages\django\db\models\expressions.py first seen with mtime 1737108719.4929035
File C:\Users\Ireneirungu\PycharmProjects\RafikiChatbot\venv\Lib\site-packages\requests\__init__.py first seen with mtime 1734352374.20162
File C:\Users\Ireneirungu\PycharmProjects\RafikiChatbot\venv\Lib\site-packages\django\core\cache\backends\filebased.py first seen with mtime 1737108719.4181447
File C:\Users\Ireneirungu\PycharmProjects\RafikiChatbot\venv\Lib\site-packages\werkzeug\http.py first seen with mtime 1738677770.4169629
File C:\Users\Ireneirungu\PycharmProjects\RafikiChatbot\venv\Lib\site-packages\werkzeug\urls.py first seen with mtime 1738677770.4259627
File C:\Users\Ireneirungu\PycharmProjects\RafikiChatbot\venv\Lib\site-packages\django\utils\translation\__init__.py first seen with mtime 1737108719.5924785
File C:\Users\Ireneirungu\PycharmProjects\RafikiChatbot\venv\Lib\site-packages\django\utils\module_loading.py first seen with mtime 1737108719.588478
File C:\Users\Ireneirungu\PycharmProjects\RafikiChatbot\venv\Lib\site-packages\requests\exceptions.py first seen with mtime 1734352374.2086258
File C:\Users\Ireneirungu\AppData\Local\Programs\Python\Python39\Lib\importlib\metadata.py first seen with mtime 1652795110.0
File C:\Users\Ireneirungu\PycharmProjects\RafikiChatbot\venv\Lib\site-packages\charset_normalizer\api.py first seen with mtime 1734352373.995681
File C:\Users\Ireneirungu\AppData\Local\Programs\Python\Python39\Lib\__future__.py first seen with mtime 1652795110.0
File C:\Users\Ireneirungu\AppData\Local\Programs\Python\Python39\Lib\asyncio\base_futures.py first seen with mtime 1652795110.0
File C:\Users\Ireneirungu\AppData\Local\Programs\Python\Python39\Lib\asyncio\log.py first seen with mtime 1652795110.0
File C:\Users\Ireneirungu\PycharmProjects\RafikiChatbot\venv\Lib\site-packages\corsheaders\defaults.py first seen with mtime 1737108771.0275495
File C:\Users\Ireneirungu\PycharmProjects\RafikiChatbot\venv\Lib\site-packages\django\contrib\sites\requests.py first seen with mtime 1737108719.2994788
File C:\Users\Ireneirungu\PycharmProjects\RafikiChatbot\venv\Lib\site-packages\django\db\migrations\operations\base.py first seen with mtime 1737108719.487587
File C:\Users\Ireneirungu\PycharmProjects\RafikiChatbot\venv\Lib\site-packages\bson\raw_bson.py first seen with mtime 1734681582.725108
File C:\Users\Ireneirungu\PycharmProjects\RafikiChatbot\venv\Lib\site-packages\django\contrib\admin\__init__.py first seen with mtime 1737108717.9362738
File C:\Users\Ireneirungu\PycharmProjects\RafikiChatbot\venv\Lib\site-packages\sqlparse\filters\tokens.py first seen with mtime 1734690958.5227046
File C:\Users\Ireneirungu\PycharmProjects\RafikiChatbot\venv\Lib\site-packages\werkzeug\sansio\http.py first seen with mtime 1738677770.478094
File C:\Users\Ireneirungu\PycharmProjects\RafikiChatbot\venv\Lib\site-packages\django\contrib\admin\decorators.py first seen with mtime 1737108717.9382794
File C:\Users\Ireneirungu\PycharmProjects\RafikiChatbot\venv\Lib\site-packages\django\contrib\admin\exceptions.py first seen with mtime 1737108717.9387197
File C:\Users\Ireneirungu\PycharmProjects\RafikiChatbot\venv\Lib\site-packages\django\views\decorators\csrf.py first seen with mtime 1737108719.5994785
File C:\Users\Ireneirungu\AppData\Local\Programs\Python\Python39\DLLs\_decimal.pyd first seen with mtime 1652795162.0
File C:\Users\Ireneirungu\PycharmProjects\RafikiChatbot\venv\Lib\site-packages\urllib3\contrib\__init__.py first seen with mtime 1734352373.611935
File C:\Users\Ireneirungu\PycharmProjects\RafikiChatbot\venv\Lib\site-packages\django\contrib\admindocs\utils.py first seen with mtime 1737108718.211594
File C:\Users\Ireneirungu\PycharmProjects\RafikiChatbot\venv\Lib\site-packages\django\core\management\base.py first seen with mtime 1737108719.4395316
File C:\Users\Ireneirungu\PycharmProjects\RafikiChatbot\venv\Lib\site-packages\rest_framework\views.py first seen with mtime 1737108716.6733744
File C:\Users\Ireneirungu\AppData\Local\Programs\Python\Python39\Lib\reprlib.py first seen with mtime 1652795110.0
File C:\Users\Ireneirungu\PycharmProjects\RafikiChatbot\venv\Lib\site-packages\django\core\files\locks.py first seen with mtime 1737108719.4280593
File C:\Users\Ireneirungu\PycharmProjects\RafikiChatbot\venv\Lib\site-packages\django\contrib\admin\helpers.py first seen with mtime 1737108717.9397252
File C:\Users\Ireneirungu\AppData\Local\Programs\Python\Python39\Lib\uu.py first seen with mtime 1652795112.0
File C:\Users\Ireneirungu\PycharmProjects\RafikiChatbot\chatbot\admin.py first seen with mtime 1738505856.237081
File C:\Users\Ireneirungu\PycharmProjects\RafikiChatbot\venv\Lib\site-packages\django\contrib\admin\widgets.py first seen with mtime 1737108717.942725
File C:\Users\Ireneirungu\PycharmProjects\RafikiChatbot\venv\Lib\site-packages\django\db\models\indexes.py first seen with mtime 1737108719.4929035
File C:\Users\Ireneirungu\AppData\Local\Programs\Python\Python39\Lib\random.py first seen with mtime 1652795110.0
File C:\Users\Ireneirungu\PycharmProjects\RafikiChatbot\venv\Lib\site-packages\idna\idnadata.py first seen with mtime 1734352373.8461885
File C:\Users\Ireneirungu\PycharmProjects\RafikiChatbot\venv\Lib\site-packages\rest_framework\compat.py first seen with mtime 1737108716.6620271
File C:\Users\Ireneirungu\PycharmProjects\RafikiChatbot\venv\Lib\site-packages\pymongo\results.py first seen with mtime 1734681582.7713554
File C:\Users\Ireneirungu\PycharmProjects\RafikiChatbot\venv\Lib\site-packages\sqlparse\sql.py first seen with mtime 1734690958.5076926
File C:\Users\Ireneirungu\PycharmProjects\RafikiChatbot\venv\Lib\site-packages\mongoengine\queryset\base.py first seen with mtime 1734694514.4216118
File C:\Users\Ireneirungu\PycharmProjects\RafikiChatbot\venv\Lib\site-packages\django\db\backends\dummy\__init__.py first seen with mtime 1737108719.4635618
File C:\Users\Ireneirungu\AppData\Local\Programs\Python\Python39\Lib\nturl2path.py first seen with mtime 1652795110.0
File C:\Users\Ireneirungu\PycharmProjects\RafikiChatbot\venv\Lib\site-packages\charset_normalizer\legacy.py first seen with mtime 1734352373.9976816
File C:\Users\Ireneirungu\AppData\Local\Programs\Python\Python39\Lib\wsgiref\simple_server.py first seen with mtime 1652795112.0
File C:\Users\Ireneirungu\AppData\Local\Programs\Python\Python39\Lib\unittest\result.py first seen with mtime 1652795112.0
File C:\Users\Ireneirungu\PycharmProjects\RafikiChatbot\venv\Lib\site-packages\django\contrib\staticfiles\management\commands\runserver.py first seen with mtime 1737108719.4113607
File C:\Users\Ireneirungu\PycharmProjects\RafikiChatbot\venv\Lib\site-packages\django\utils\functional.py first seen with mtime 1737108719.5835502
File C:\Users\Ireneirungu\AppData\Local\Programs\Python\Python39\DLLs\_bz2.pyd first seen with mtime 1652795172.0
File C:\Users\Ireneirungu\PycharmProjects\RafikiChatbot\venv\Lib\site-packages\pymongo\__init__.py first seen with mtime 1734681582.7291164
File C:\Users\Ireneirungu\PycharmProjects\RafikiChatbot\venv\Lib\site-packages\requests\certs.py first seen with mtime 1734352374.2066245
File C:\Users\Ireneirungu\AppData\Local\Programs\Python\Python39\Lib\http\cookies.py first seen with mtime 1652795110.0
File C:\Users\Ireneirungu\PycharmProjects\RafikiChatbot\venv\Lib\site-packages\django\template\loaders\__init__.py first seen with mtime 1737108719.5636969
File C:\Users\Ireneirungu\PycharmProjects\RafikiChatbot\venv\Lib\site-packages\django\forms\formsets.py first seen with mtime 1737108719.5109124
File C:\Users\Ireneirungu\PycharmProjects\RafikiChatbot\venv\Lib\site-packages\django\views\generic\edit.py first seen with mtime 1737108719.603189
File C:\Users\Ireneirungu\AppData\Local\Programs\Python\Python39\Lib\gettext.py first seen with mtime 1652795110.0
File C:\Users\Ireneirungu\PycharmProjects\RafikiChatbot\venv\Lib\site-packages\django\core\management\commands\runserver.py first seen with mtime 1737108719.4475317
File C:\Users\Ireneirungu\AppData\Local\Programs\Python\Python39\Lib\numbers.py first seen with mtime 1652795110.0
File C:\Users\Ireneirungu\PycharmProjects\RafikiChatbot\venv\Lib\site-packages\django\contrib\staticfiles\apps.py first seen with mtime 1737108719.405435
File C:\Users\Ireneirungu\PycharmProjects\RafikiChatbot\venv\Lib\site-packages\werkzeug\utils.py first seen with mtime 1738677770.4279633
File C:\Users\Ireneirungu\PycharmProjects\RafikiChatbot\venv\Lib\site-packages\pymongo\helpers.py first seen with mtime 1734681582.760356
File C:\Users\Ireneirungu\AppData\Local\Programs\Python\Python39\Lib\threading.py first seen with mtime 1652795112.0
File C:\Users\Ireneirungu\PycharmProjects\RafikiChatbot\venv\Lib\site-packages\django\contrib\sites\shortcuts.py first seen with mtime 1737108719.2994788
File C:\Users\Ireneirungu\PycharmProjects\RafikiChatbot\venv\Lib\site-packages\django\db\models\lookups.py first seen with mtime 1737108719.4929035
File C:\Users\Ireneirungu\AppData\Local\Programs\Python\Python39\Lib\calendar.py first seen with mtime 1652795110.0
File C:\Users\Ireneirungu\PycharmProjects\RafikiChatbot\venv\Lib\site-packages\_distutils_hack\__init__.py first seen with mtime 1737108633.8327444
File C:\Users\Ireneirungu\PycharmProjects\RafikiChatbot\chatbot\urls.py first seen with mtime 1742620043.3848858
File C:\Users\Ireneirungu\PycharmProjects\RafikiChatbot\venv\Lib\site-packages\django\__init__.py first seen with mtime 1737108717.7501402
File C:\Users\Ireneirungu\PycharmProjects\RafikiChatbot\venv\Lib\site-packages\django\core\handlers\wsgi.py first seen with mtime 1737108719.4345317
File C:\Users\Ireneirungu\PycharmProjects\RafikiChatbot\venv\Lib\site-packages\django\db\models\functions\window.py first seen with mtime 1737108719.5039034
File C:\Users\Ireneirungu\PycharmProjects\RafikiChatbot\venv\Lib\site-packages\django\contrib\postgres\forms\hstore.py first seen with mtime 1737108718.9842331
File C:\Users\Ireneirungu\AppData\Local\Programs\Python\Python39\Lib\logging\__init__.py first seen with mtime 1652795110.0
File C:\Users\Ireneirungu\AppData\Local\Programs\Python\Python39\Lib\wsgiref\handlers.py first seen with mtime 1652795112.0
File C:\Users\Ireneirungu\PycharmProjects\RafikiChatbot\venv\Lib\site-packages\django\utils\html.py first seen with mtime 1737108719.5850992
File C:\Users\Ireneirungu\PycharmProjects\RafikiChatbot\venv\Lib\site-packages\django\core\paginator.py first seen with mtime 1737108719.4138215
File C:\Users\Ireneirungu\PycharmProjects\RafikiChatbot\venv\Lib\site-packages\rest_framework_simplejwt\__init__.py first seen with mtime 1738782341.4336193
File C:\Users\Ireneirungu\PycharmProjects\RafikiChatbot\venv\Lib\site-packages\django\core\files\uploadhandler.py first seen with mtime 1737108719.4294739
File C:\Users\Ireneirungu\PycharmProjects\RafikiChatbot\venv\Lib\site-packages\django\contrib\admin\actions.py first seen with mtime 1737108717.9372797
File C:\Users\Ireneirungu\PycharmProjects\RafikiChatbot\venv\Lib\site-packages\rest_framework_simplejwt\exceptions.py first seen with mtime 1738782341.4376569
File C:\Users\Ireneirungu\PycharmProjects\RafikiChatbot\venv\Lib\site-packages\werkzeug\datastructures\cache_control.py first seen with mtime 1738677770.434963
File C:\Users\Ireneirungu\PycharmProjects\RafikiChatbot\venv\Lib\site-packages\django\contrib\messages\constants.py first seen with mtime 1737108718.9689293
File C:\Users\Ireneirungu\AppData\Local\Programs\Python\Python39\Lib\unittest\runner.py first seen with mtime 1652795112.0
File C:\Users\Ireneirungu\AppData\Local\Programs\Python\Python39\Lib\importlib\resources.py first seen with mtime 1652795110.0
File C:\Users\Ireneirungu\PycharmProjects\RafikiChatbot\venv\Lib\site-packages\django\db\models\__init__.py first seen with mtime 1737108719.4895866
File C:\Users\Ireneirungu\AppData\Local\Programs\Python\Python39\Lib\sre_constants.py first seen with mtime 1652795110.0
File C:\Users\Ireneirungu\PycharmProjects\RafikiChatbot\venv\Lib\site-packages\pymongo\operations.py first seen with mtime 1734681582.7673576
File C:\Users\Ireneirungu\AppData\Local\Programs\Python\Python39\Lib\copy.py first seen with mtime 1652795110.0
File C:\Users\Ireneirungu\PycharmProjects\RafikiChatbot\venv\Lib\site-packages\rest_framework\templatetags\rest_framework.py first seen with mtime 1737108716.7780335
File C:\Users\Ireneirungu\PycharmProjects\RafikiChatbot\venv\Lib\site-packages\rest_framework\mixins.py first seen with mtime 1737108716.6662376
File C:\Users\Ireneirungu\PycharmProjects\RafikiChatbot\venv\Lib\site-packages\charset_normalizer\utils.py first seen with mtime 1734352374.0537543
File C:\Users\Ireneirungu\AppData\Local\Programs\Python\Python39\Lib\pkgutil.py first seen with mtime 1652795110.0
File C:\Users\Ireneirungu\PycharmProjects\RafikiChatbot\venv\Lib\site-packages\django\utils\_os.py first seen with mtime 1737108719.5756967
File C:\Users\Ireneirungu\AppData\Local\Programs\Python\Python39\Lib\secrets.py first seen with mtime 1652795110.0
File C:\Users\Ireneirungu\AppData\Local\Programs\Python\Python39\Lib\typing.py first seen with mtime 1652795112.0
File C:\Users\Ireneirungu\PycharmProjects\RafikiChatbot\venv\Lib\site-packages\django\test\testcases.py first seen with mtime 1737108719.5716963
File C:\Users\Ireneirungu\AppData\Local\Programs\Python\Python39\Lib\email\mime\multipart.py first seen with mtime 1652795110.0
File C:\Users\Ireneirungu\AppData\Local\Programs\Python\Python39\Lib\genericpath.py first seen with mtime 1652795110.0
File C:\Users\Ireneirungu\PycharmProjects\RafikiChatbot\venv\Lib\site-packages\django\contrib\auth\tokens.py first seen with mtime 1737108718.3258996
File C:\Users\Ireneirungu\PycharmProjects\RafikiChatbot\venv\Lib\site-packages\django\contrib\sessions\__init__.py first seen with mtime 1737108719.1794913
File C:\Users\Ireneirungu\AppData\Local\Programs\Python\Python39\Lib\asyncio\base_tasks.py first seen with mtime 1652795110.0
File C:\Users\Ireneirungu\PycharmProjects\RafikiChatbot\venv\Lib\site-packages\charset_normalizer\md__mypyc.cp39-win_amd64.pyd first seen with mtime 1734352374.0419133
File C:\Users\Ireneirungu\PycharmProjects\RafikiChatbot\venv\Lib\site-packages\pymongo\response.py first seen with mtime 1734681582.7703552
File C:\Users\Ireneirungu\PycharmProjects\RafikiChatbot\venv\Lib\site-packages\rest_framework\request.py first seen with mtime 1737108716.6689925
File C:\Users\Ireneirungu\PycharmProjects\RafikiChatbot\venv\Lib\site-packages\pymongo\driver_info.py first seen with mtime 1734681582.7543666
File C:\Users\Ireneirungu\AppData\Local\Programs\Python\Python39\Lib\email\errors.py first seen with mtime 1652795110.0
File C:\Users\Ireneirungu\PycharmProjects\RafikiChatbot\venv\Lib\site-packages\django\core\servers\__init__.py first seen with mtime 1737108719.455562
File C:\Users\Ireneirungu\PycharmProjects\RafikiChatbot\venv\Lib\site-packages\mongoengine\queryset\__init__.py first seen with mtime 1734694514.4203155
File C:\Users\Ireneirungu\PycharmProjects\RafikiChatbot\venv\Lib\site-packages\django\core\checks\translation.py first seen with mtime 1737108719.4237895
File C:\Users\Ireneirungu\PycharmProjects\RafikiChatbot\venv\Lib\site-packages\django\shortcuts.py first seen with mtime 1737108717.7510326
File C:\Users\Ireneirungu\PycharmProjects\RafikiChatbot\venv\Lib\site-packages\django\views\i18n.py first seen with mtime 1737108719.5964787
File C:\Users\Ireneirungu\AppData\Local\Programs\Python\Python39\Lib\http\cookiejar.py first seen with mtime 1652795110.0
File C:\Users\Ireneirungu\PycharmProjects\RafikiChatbot\venv\Lib\site-packages\rest_framework\__init__.py first seen with mtime 1737108716.6606266
File C:\Users\Ireneirungu\PycharmProjects\RafikiChatbot\venv\Lib\site-packages\bson\__init__.py first seen with mtime 1734681582.7130284
File C:\Users\Ireneirungu\PycharmProjects\RafikiChatbot\venv\Lib\site-packages\jwt\__init__.py first seen with mtime 1738679958.2069287
File C:\Users\Ireneirungu\PycharmProjects\RafikiChatbot\venv\Lib\site-packages\pymongo\change_stream.py first seen with mtime 1734681582.7391322
File C:\Users\Ireneirungu\PycharmProjects\RafikiChatbot\venv\Lib\site-packages\corsheaders\conf.py first seen with mtime 1737108771.0275495
File C:\Users\Ireneirungu\PycharmProjects\RafikiChatbot\venv\Lib\site-packages\django\db\migrations\operations\models.py first seen with mtime 1737108719.488587
File C:\Users\Ireneirungu\PycharmProjects\RafikiChatbot\venv\Lib\site-packages\django\forms\widgets.py first seen with mtime 1737108719.513073
File C:\Users\Ireneirungu\PycharmProjects\RafikiChatbot\venv\Lib\site-packages\jwt\exceptions.py first seen with mtime 1738679958.230459
File C:\Users\Ireneirungu\AppData\Local\Programs\Python\Python39\Lib\getpass.py first seen with mtime 1652795110.0
File C:\Users\Ireneirungu\AppData\Local\Programs\Python\Python39\Lib\os.py first seen with mtime 1652795110.0
File C:\Users\Ireneirungu\PycharmProjects\RafikiChatbot\venv\Lib\site-packages\rest_framework\exceptions.py first seen with mtime 1737108716.6634398
File C:\Users\Ireneirungu\PycharmProjects\RafikiChatbot\venv\Lib\site-packages\bson\binary.py first seen with mtime 1734681582.7189727
File C:\Users\Ireneirungu\AppData\Local\Programs\Python\Python39\Lib\email\encoders.py first seen with mtime 1652795110.0
File C:\Users\Ireneirungu\AppData\Local\Programs\Python\Python39\Lib\email\mime\message.py first seen with mtime 1652795110.0
File C:\Users\Ireneirungu\PycharmProjects\RafikiChatbot\venv\Lib\site-packages\django\template\backends\__init__.py first seen with mtime 1737108719.5616963
File C:\Users\Ireneirungu\PycharmProjects\RafikiChatbot\venv\Lib\site-packages\pytz\lazy.py first seen with mtime 1734681582.3639057
File C:\Users\Ireneirungu\PycharmProjects\RafikiChatbot\venv\Lib\site-packages\django\core\checks\messages.py first seen with mtime 1737108719.4222894
File C:\Users\Ireneirungu\PycharmProjects\RafikiChatbot\venv\Lib\site-packages\django\core\handlers\__init__.py first seen with mtime 1737108719.432527
File C:\Users\Ireneirungu\PycharmProjects\RafikiChatbot\venv\Lib\site-packages\charset_normalizer\cd.py first seen with mtime 1734352373.996681
File C:\Users\Ireneirungu\PycharmProjects\RafikiChatbot\venv\Lib\site-packages\django\template\backends\django.py first seen with mtime 1737108719.5626974
File C:\Users\Ireneirungu\PycharmProjects\RafikiChatbot\venv\Lib\site-packages\pymongo\read_preferences.py first seen with mtime 1734681582.7703552
File C:\Users\Ireneirungu\PycharmProjects\RafikiChatbot\venv\Lib\site-packages\pymongo\uri_parser.py first seen with mtime 1734681582.7797568
File C:\Users\Ireneirungu\PycharmProjects\RafikiChatbot\venv\Lib\site-packages\django\template\context.py first seen with mtime 1737108719.5566967
File C:\Users\Ireneirungu\PycharmProjects\RafikiChatbot\venv\Lib\site-packages\django\db\backends\base\base.py first seen with mtime 1737108719.4595618
File C:\Users\Ireneirungu\PycharmProjects\RafikiChatbot\venv\Lib\site-packages\pytz\tzinfo.py first seen with mtime 1734681582.3648672
File C:\Users\Ireneirungu\PycharmProjects\RafikiChatbot\venv\Lib\site-packages\django\template\loaders\cached.py first seen with mtime 1737108719.5646966
File C:\Users\Ireneirungu\AppData\Local\Programs\Python\Python39\DLLs\_overlapped.pyd first seen with mtime 1652795162.0
File C:\Users\Ireneirungu\PycharmProjects\RafikiChatbot\venv\Lib\site-packages\django\contrib\admin\templatetags\admin_urls.py first seen with mtime 1737108718.2068007
File C:\Users\Ireneirungu\PycharmProjects\RafikiChatbot\venv\Lib\site-packages\django\core\checks\security\csrf.py first seen with mtime 1737108719.4252796
File C:\Users\Ireneirungu\PycharmProjects\RafikiChatbot\venv\Lib\site-packages\corsheaders\signals.py first seen with mtime 1737108771.0295494
File C:\Users\Ireneirungu\PycharmProjects\RafikiChatbot\venv\Lib\site-packages\pymongo\encryption_options.py first seen with mtime 1734681582.7553606
File C:\Users\Ireneirungu\PycharmProjects\RafikiChatbot\venv\Lib\site-packages\django\utils\decorators.py first seen with mtime 1737108719.5815508
File C:\Users\Ireneirungu\PycharmProjects\RafikiChatbot\venv\Lib\site-packages\django\http\__init__.py first seen with mtime 1737108719.5487413
File C:\Users\Ireneirungu\AppData\Local\Programs\Python\Python39\Lib\encodings\aliases.py first seen with mtime 1652795110.0
File C:\Users\Ireneirungu\PycharmProjects\RafikiChatbot\venv\Lib\site-packages\requests\api.py first seen with mtime 1734352374.204618
File C:\Users\Ireneirungu\PycharmProjects\RafikiChatbot\venv\Lib\site-packages\pymongo\ssl_context.py first seen with mtime 1734681582.7767556
File C:\Users\Ireneirungu\AppData\Local\Programs\Python\Python39\DLLs\_ctypes.pyd first seen with mtime 1652795162.0
File C:\Users\Ireneirungu\PycharmProjects\RafikiChatbot\venv\Lib\site-packages\django\contrib\admin\options.py first seen with mtime 1737108717.940725
File C:\Users\Ireneirungu\PycharmProjects\RafikiChatbot\venv\Lib\site-packages\jwt\api_jws.py first seen with mtime 1738679958.2155378
File C:\Users\Ireneirungu\PycharmProjects\RafikiChatbot\venv\Lib\site-packages\corsheaders\middleware.py first seen with mtime 1737108771.02855
File C:\Users\Ireneirungu\PycharmProjects\RafikiChatbot\venv\Lib\site-packages\rest_framework\utils\breadcrumbs.py first seen with mtime 1737108716.7790334
File C:\Users\Ireneirungu\PycharmProjects\RafikiChatbot\venv\Lib\site-packages\pymongo\database.py first seen with mtime 1734681582.7543666
File C:\Users\Ireneirungu\AppData\Local\Programs\Python\Python39\Lib\string.py first seen with mtime 1652795110.0
File C:\Users\Ireneirungu\PycharmProjects\RafikiChatbot\venv\Lib\site-packages\django\utils\numberformat.py first seen with mtime 1737108719.588478
File C:\Users\Ireneirungu\PycharmProjects\RafikiChatbot\venv\Lib\site-packages\django\middleware\__init__.py first seen with mtime 1737108719.5517552
File C:\Users\Ireneirungu\PycharmProjects\RafikiChatbot\venv\Lib\site-packages\django\contrib\admin\views\decorators.py first seen with mtime 1737108718.2088008
File C:\Users\Ireneirungu\PycharmProjects\RafikiChatbot\venv\Lib\site-packages\asgiref\local.py first seen with mtime 1734350002.722439
File C:\Users\Ireneirungu\PycharmProjects\RafikiChatbot\venv\Lib\site-packages\sqlparse\engine\statement_splitter.py first seen with mtime 1734690958.514171
File C:\Users\Ireneirungu\PycharmProjects\RafikiChatbot\manage.py first seen with mtime 1738505856.248953
File C:\Users\Ireneirungu\PycharmProjects\RafikiChatbot\venv\Lib\site-packages\django\urls\conf.py first seen with mtime 1737108719.5726955
File C:\Users\Ireneirungu\AppData\Local\Programs\Python\Python39\Lib\email\_header_value_parser.py first seen with mtime 1652795110.0
File C:\Users\Ireneirungu\PycharmProjects\RafikiChatbot\venv\Lib\site-packages\django\contrib\sessions\backends\__init__.py first seen with mtime 1737108719.182492
File C:\Users\Ireneirungu\AppData\Local\Programs\Python\Python39\Lib\glob.py first seen with mtime 1652795110.0
File C:\Users\Ireneirungu\PycharmProjects\RafikiChatbot\venv\Lib\site-packages\sqlparse\cli.py first seen with mtime 1734690958.5016952
File C:\Users\Ireneirungu\PycharmProjects\RafikiChatbot\venv\Lib\site-packages\urllib3\poolmanager.py first seen with mtime 1734352373.609536
File C:\Users\Ireneirungu\PycharmProjects\RafikiChatbot\venv\Lib\site-packages\werkzeug\datastructures\auth.py first seen with mtime 1738677770.4329672
File C:\Users\Ireneirungu\PycharmProjects\RafikiChatbot\venv\Lib\site-packages\django\templatetags\__init__.py first seen with mtime 1737108719.5656953
File C:\Users\Ireneirungu\PycharmProjects\RafikiChatbot\venv\Lib\site-packages\rest_framework\response.py first seen with mtime 1737108716.6689925
File C:\Users\Ireneirungu\PycharmProjects\RafikiChatbot\venv\Lib\site-packages\django\utils\autoreload.py first seen with mtime 1737108719.5766966
File C:\Users\Ireneirungu\PycharmProjects\RafikiChatbot\venv\Lib\site-packages\pymongo\pool.py first seen with mtime 1734681582.7683558
File C:\Users\Ireneirungu\PycharmProjects\RafikiChatbot\venv\Lib\site-packages\django\core\mail\utils.py first seen with mtime 1737108719.4355326
File C:\Users\Ireneirungu\AppData\Local\Programs\Python\Python39\Lib\_compression.py first seen with mtime 1652795110.0
File C:\Users\Ireneirungu\PycharmProjects\RafikiChatbot\venv\Lib\site-packages\django\http\cookie.py first seen with mtime 1737108719.5497415
File C:\Users\Ireneirungu\PycharmProjects\RafikiChatbot\venv\Lib\site-packages\django\utils\encoding.py first seen with mtime 1737108719.5825505
File C:\Users\Ireneirungu\PycharmProjects\RafikiChatbot\venv\Lib\site-packages\rest_framework_simplejwt\tokens.py first seen with mtime 1738782341.4452572
File C:\Users\Ireneirungu\PycharmProjects\RafikiChatbot\venv\Lib\site-packages\django\templatetags\i18n.py first seen with mtime 1737108719.5666966
File C:\Users\Ireneirungu\PycharmProjects\RafikiChatbot\venv\Lib\site-packages\django\db\backends\base\client.py first seen with mtime 1737108719.4595618
File C:\Users\Ireneirungu\PycharmProjects\RafikiChatbot\venv\Lib\site-packages\requests\status_codes.py first seen with mtime 1734352374.2122855
File C:\Users\Ireneirungu\PycharmProjects\RafikiChatbot\venv\Lib\site-packages\werkzeug\sansio\__init__.py first seen with mtime 1738677770.476719
File C:\Users\Ireneirungu\AppData\Local\Programs\Python\Python39\Lib\uuid.py first seen with mtime 1652795112.0
File C:\Users\Ireneirungu\PycharmProjects\RafikiChatbot\venv\Lib\site-packages\pymongo\server.py first seen with mtime 1734681582.7723553
File C:\Users\Ireneirungu\PycharmProjects\RafikiChatbot\venv\Lib\site-packages\django\contrib\messages\utils.py first seen with mtime 1737108718.9699283
File C:\Users\Ireneirungu\PycharmProjects\RafikiChatbot\venv\Lib\site-packages\pymongo\thread_util.py first seen with mtime 1734681582.7777553
File C:\Users\Ireneirungu\PycharmProjects\RafikiChatbot\venv\Lib\site-packages\werkzeug\wrappers\request.py first seen with mtime 1738677770.4861808
File C:\Users\Ireneirungu\PycharmProjects\RafikiChatbot\venv\Lib\site-packages\django\contrib\contenttypes\fields.py first seen with mtime 1737108718.4395099
File C:\Users\Ireneirungu\PycharmProjects\RafikiChatbot\venv\Lib\site-packages\django\forms\fields.py first seen with mtime 1737108719.5099068
File C:\Users\Ireneirungu\AppData\Local\Programs\Python\Python39\Lib\io.py first seen with mtime 1652795110.0
File C:\Users\Ireneirungu\PycharmProjects\RafikiChatbot\venv\Lib\site-packages\django\conf\locale\__init__.py first seen with mtime 1737108717.7580237
File C:\Users\Ireneirungu\PycharmProjects\RafikiChatbot\venv\Lib\site-packages\jwt\jwks_client.py first seen with mtime 1738679958.237475
File C:\Users\Ireneirungu\PycharmProjects\RafikiChatbot\venv\Lib\site-packages\django\utils\translation\trans_real.py first seen with mtime 1737108719.5944774
File C:\Users\Ireneirungu\PycharmProjects\RafikiChatbot\venv\Lib\site-packages\pymongo\network.py first seen with mtime 1734681582.7663553
File C:\Users\Ireneirungu\PycharmProjects\RafikiChatbot\venv\Lib\site-packages\django\db\models\sql\where.py first seen with mtime 1737108719.5079033
File C:\Users\Ireneirungu\PycharmProjects\RafikiChatbot\venv\Lib\site-packages\mongoengine\context_managers.py first seen with mtime 1734694514.404484
File C:\Users\Ireneirungu\PycharmProjects\RafikiChatbot\venv\Lib\site-packages\django\urls\utils.py first seen with mtime 1737108719.5746963
File C:\Users\Ireneirungu\PycharmProjects\RafikiChatbot\chatbot\apps.py first seen with mtime 1738505856.2380807
File C:\Users\Ireneirungu\PycharmProjects\RafikiChatbot\venv\Lib\site-packages\werkzeug\datastructures\mixins.py first seen with mtime 1738677770.440703
File C:\Users\Ireneirungu\PycharmProjects\RafikiChatbot\venv\Lib\site-packages\pymongo\common.py first seen with mtime 1734681582.747444
File C:\Users\Ireneirungu\PycharmProjects\RafikiChatbot\venv\Lib\site-packages\django\http\response.py first seen with mtime 1737108719.5507414
File C:\Users\Ireneirungu\PycharmProjects\RafikiChatbot\venv\Lib\site-packages\asgiref\sync.py first seen with mtime 1734350002.7234914
File C:\Users\Ireneirungu\PycharmProjects\RafikiChatbot\venv\Lib\site-packages\django\db\migrations\__init__.py first seen with mtime 1737108719.480587
File C:\Users\Ireneirungu\PycharmProjects\RafikiChatbot\venv\Lib\site-packages\django\db\backends\base\validation.py first seen with mtime 1737108719.462562
File C:\Users\Ireneirungu\PycharmProjects\RafikiChatbot\venv\Lib\site-packages\jwt\jwk_set_cache.py first seen with mtime 1738679958.2364752
File C:\Users\Ireneirungu\AppData\Local\Programs\Python\Python39\Lib\quopri.py first seen with mtime 1652795110.0
File C:\Users\Ireneirungu\AppData\Local\Programs\Python\Python39\Lib\unittest\loader.py first seen with mtime 1652795112.0
File C:\Users\Ireneirungu\PycharmProjects\RafikiChatbot\venv\Lib\site-packages\mongoengine\document.py first seen with mtime 1734694514.4055016
File C:\Users\Ireneirungu\PycharmProjects\RafikiChatbot\venv\Lib\site-packages\django\dispatch\dispatcher.py first seen with mtime 1737108719.5085635
File C:\Users\Ireneirungu\PycharmProjects\RafikiChatbot\venv\Lib\site-packages\django\db\backends\base\__init__.py first seen with mtime 1737108719.458562
File C:\Users\Ireneirungu\PycharmProjects\RafikiChatbot\venv\Lib\site-packages\pymongo\client_options.py first seen with mtime 1734681582.740127
File C:\Users\Ireneirungu\PycharmProjects\RafikiChatbot\venv\Lib\site-packages\urllib3\_base_connection.py first seen with mtime 1734352373.6025262
File C:\Users\Ireneirungu\AppData\Local\Programs\Python\Python39\Lib\xml\dom\minidom.py first seen with mtime 1652795112.0
File C:\Users\Ireneirungu\AppData\Local\Programs\Python\Python39\Lib\stat.py first seen with mtime 1652795110.0
File C:\Users\Ireneirungu\PycharmProjects\RafikiChatbot\venv\Lib\site-packages\bson\code.py first seen with mtime 1734681582.7199757
File C:\Users\Ireneirungu\PycharmProjects\RafikiChatbot\venv\Lib\site-packages\django\db\backends\__init__.py first seen with mtime 1737108719.4575617
File C:\Users\Ireneirungu\AppData\Local\Programs\Python\Python39\Lib\encodings\__init__.py first seen with mtime 1652795110.0
File C:\Users\Ireneirungu\PycharmProjects\RafikiChatbot\venv\Lib\site-packages\urllib3\filepost.py first seen with mtime 1734352373.609536
File C:\Users\Ireneirungu\PycharmProjects\RafikiChatbot\venv\Lib\site-packages\django\contrib\admin\templatetags\admin_modify.py first seen with mtime 1737108718.2068007
File C:\Users\Ireneirungu\PycharmProjects\RafikiChatbot\venv\Lib\site-packages\rest_framework\utils\encoders.py first seen with mtime 1737108716.7795384
File C:\Users\Ireneirungu\PycharmProjects\RafikiChatbot\venv\Lib\site-packages\sqlparse\keywords.py first seen with mtime 1734690958.505695
File C:\Users\Ireneirungu\AppData\Local\Programs\Python\Python39\Lib\_compat_pickle.py first seen with mtime 1652795110.0
File C:\Users\Ireneirungu\PycharmProjects\RafikiChatbot\core\__init__.py first seen with mtime 1738505856.240755
File C:\Users\Ireneirungu\AppData\Local\Programs\Python\Python39\Lib\dataclasses.py first seen with mtime 1652795110.0
File C:\Users\Ireneirungu\PycharmProjects\RafikiChatbot\venv\Lib\site-packages\django\template\smartif.py first seen with mtime 1737108719.5606966
File C:\Users\Ireneirungu\PycharmProjects\RafikiChatbot\venv\Lib\site-packages\django\db\models\options.py first seen with mtime 1737108719.4939034
File C:\Users\Ireneirungu\PycharmProjects\RafikiChatbot\venv\Lib\site-packages\pymongo\collection.py first seen with mtime 1734681582.745367
File C:\Users\Ireneirungu\PycharmProjects\RafikiChatbot\venv\Lib\site-packages\pymongo\srv_resolver.py first seen with mtime 1734681582.775756
File C:\Users\Ireneirungu\PycharmProjects\RafikiChatbot\venv\Lib\site-packages\urllib3\util\ssl_.py first seen with mtime 1734352373.6256237
File C:\Users\Ireneirungu\PycharmProjects\RafikiChatbot\venv\Lib\site-packages\django\test\signals.py first seen with mtime 1737108719.5706966
File C:\Users\Ireneirungu\PycharmProjects\RafikiChatbot\venv\Lib\site-packages\django\core\validators.py first seen with mtime 1737108719.4152586
File C:\Users\Ireneirungu\AppData\Local\Programs\Python\Python39\Lib\unittest\suite.py first seen with mtime 1652795112.0
File C:\Users\Ireneirungu\PycharmProjects\RafikiChatbot\venv\Lib\site-packages\django\urls\base.py first seen with mtime 1737108719.5726955
File C:\Users\Ireneirungu\PycharmProjects\RafikiChatbot\venv\Lib\site-packages\django\utils\tree.py first seen with mtime 1737108719.5914783
File C:\Users\Ireneirungu\PycharmProjects\RafikiChatbot\venv\Lib\site-packages\charset_normalizer\models.py first seen with mtime 1734352374.0527532
File C:\Users\Ireneirungu\AppData\Local\Programs\Python\Python39\Lib\importlib\machinery.py first seen with mtime 1652795110.0
File C:\Users\Ireneirungu\PycharmProjects\RafikiChatbot\venv\Lib\site-packages\gridfs\errors.py first seen with mtime 1734681582.7291164
File C:\Users\Ireneirungu\PycharmProjects\RafikiChatbot\venv\Lib\site-packages\django\db\__init__.py first seen with mtime 1737108719.456561
File C:\Users\Ireneirungu\PycharmProjects\RafikiChatbot\venv\Lib\site-packages\django\templatetags\l10n.py first seen with mtime 1737108719.5676963
File C:\Users\Ireneirungu\PycharmProjects\RafikiChatbot\venv\Lib\site-packages\werkzeug\datastructures\__init__.py first seen with mtime 1738677770.4309626
File C:\Users\Ireneirungu\PycharmProjects\RafikiChatbot\venv\Lib\site-packages\django\test\utils.py first seen with mtime 1737108719.5716963
File C:\Users\Ireneirungu\AppData\Local\Programs\Python\Python39\Lib\encodings\latin_1.py first seen with mtime 1652795110.0
File C:\Users\Ireneirungu\PycharmProjects\RafikiChatbot\venv\Lib\site-packages\urllib3\util\ssl_match_hostname.py first seen with mtime 1734352373.626624
File C:\Users\Ireneirungu\PycharmProjects\RafikiChatbot\venv\Lib\site-packages\werkzeug\sansio\response.py first seen with mtime 1738677770.4808953
File C:\Users\Ireneirungu\AppData\Local\Programs\Python\Python39\Lib\xml\dom\__init__.py first seen with mtime 1652795112.0
File C:\Users\Ireneirungu\PycharmProjects\RafikiChatbot\venv\Lib\site-packages\django\core\mail\message.py first seen with mtime 1737108719.4355326
File C:\Users\Ireneirungu\PycharmProjects\RafikiChatbot\venv\Lib\site-packages\requests\cookies.py first seen with mtime 1734352374.207631
File C:\Users\Ireneirungu\AppData\Local\Programs\Python\Python39\Lib\urllib\__init__.py first seen with mtime 1652795112.0
File C:\Users\Ireneirungu\PycharmProjects\RafikiChatbot\venv\Lib\site-packages\django\contrib\contenttypes\admin.py first seen with mtime 1737108718.4385047
File C:\Users\Ireneirungu\PycharmProjects\RafikiChatbot\venv\Lib\site-packages\urllib3\http2\probe.py first seen with mtime 1734352373.6216247
File C:\Users\Ireneirungu\PycharmProjects\RafikiChatbot\venv\Lib\site-packages\django\contrib\postgres\__init__.py first seen with mtime 1737108718.9738996
File C:\Users\Ireneirungu\PycharmProjects\RafikiChatbot\venv\Lib\site-packages\django\db\models\fields\related_descriptors.py first seen with mtime 1737108719.4999027
File C:\Users\Ireneirungu\PycharmProjects\RafikiChatbot\venv\Lib\site-packages\rest_framework\schemas\generators.py first seen with mtime 1737108716.7277834
File C:\Users\Ireneirungu\AppData\Local\Programs\Python\Python39\Lib\email\quoprimime.py first seen with mtime 1652795110.0
File C:\Users\Ireneirungu\AppData\Local\Programs\Python\Python39\Lib\zoneinfo\_tzpath.py first seen with mtime 1652795112.0
File C:\Users\Ireneirungu\AppData\Local\Programs\Python\Python39\Lib\html\parser.py first seen with mtime 1652795110.0
File C:\Users\Ireneirungu\PycharmProjects\RafikiChatbot\venv\Lib\site-packages\django\views\decorators\cache.py first seen with mtime 1737108719.5984783
File C:\Users\Ireneirungu\AppData\Local\Programs\Python\Python39\Lib\ctypes\__init__.py first seen with mtime 1652795110.0
File C:\Users\Ireneirungu\AppData\Local\Programs\Python\Python39\Lib\email\__init__.py first seen with mtime 1652795110.0
File C:\Users\Ireneirungu\PycharmProjects\RafikiChatbot\venv\Lib\site-packages\pymongo\mongo_client.py first seen with mtime 1734681582.7633555
File C:\Users\Ireneirungu\PycharmProjects\RafikiChatbot\venv\Lib\site-packages\django\contrib\sessions\base_session.py first seen with mtime 1737108719.1804903
File C:\Users\Ireneirungu\PycharmProjects\RafikiChatbot\venv\Lib\site-packages\django\db\migrations\state.py first seen with mtime 1737108719.4855864
File C:\Users\Ireneirungu\AppData\Local\Programs\Python\Python39\Lib\hashlib.py first seen with mtime 1652795110.0
File C:\Users\Ireneirungu\AppData\Local\Programs\Python\Python39\Lib\email\_policybase.py first seen with mtime 1652795110.0
File C:\Users\Ireneirungu\PycharmProjects\RafikiChatbot\venv\Lib\site-packages\werkzeug\security.py first seen with mtime 1738677770.4199631
File C:\Users\Ireneirungu\PycharmProjects\RafikiChatbot\venv\Lib\site-packages\sqlparse\formatter.py first seen with mtime 1734690958.5036986
File C:\Users\Ireneirungu\PycharmProjects\RafikiChatbot\venv\Lib\site-packages\mongoengine\queryset\field_list.py first seen with mtime 1734694514.4226105
File C:\Users\Ireneirungu\PycharmProjects\RafikiChatbot\chatbot\models.py first seen with mtime 1742606537.1181095
File C:\Users\Ireneirungu\AppData\Local\Programs\Python\Python39\Lib\asyncio\protocols.py first seen with mtime 1652795110.0
File C:\Users\Ireneirungu\PycharmProjects\RafikiChatbot\venv\Lib\site-packages\django\contrib\messages\apps.py first seen with mtime 1737108718.9689293
File C:\Users\Ireneirungu\PycharmProjects\RafikiChatbot\venv\Lib\site-packages\mongoengine\errors.py first seen with mtime 1734694514.4077282
File C:\Users\Ireneirungu\PycharmProjects\RafikiChatbot\venv\Lib\site-packages\rest_framework\utils\html.py first seen with mtime 1737108716.7805443
File C:\Users\Ireneirungu\PycharmProjects\RafikiChatbot\venv\Lib\site-packages\sqlparse\tokens.py first seen with mtime 1734690958.5090446
File C:\Users\Ireneirungu\AppData\Local\Programs\Python\Python39\Lib\xml\dom\minicompat.py first seen with mtime 1652795112.0
File C:\Users\Ireneirungu\AppData\Local\Programs\Python\Python39\Lib\unittest\signals.py first seen with mtime 1652795112.0
File C:\Users\Ireneirungu\PycharmProjects\RafikiChatbot\venv\Lib\site-packages\django\template\loader_tags.py first seen with mtime 1737108719.5596967
File C:\Users\Ireneirungu\PycharmProjects\RafikiChatbot\venv\Lib\site-packages\django\template\loader.py first seen with mtime 1737108719.5596967
File C:\Users\Ireneirungu\AppData\Local\Programs\Python\Python39\Lib\asyncio\tasks.py first seen with mtime 1652795110.0
File C:\Users\Ireneirungu\PycharmProjects\RafikiChatbot\venv\Lib\site-packages\django\core\files\move.py first seen with mtime 1737108719.4280593
File C:\Users\Ireneirungu\PycharmProjects\RafikiChatbot\venv\Lib\site-packages\django\utils\version.py first seen with mtime 1737108719.5914783
File C:\Users\Ireneirungu\PycharmProjects\RafikiChatbot\venv\Lib\site-packages\django\db\backends\dummy\features.py first seen with mtime 1737108719.4635618
File C:\Users\Ireneirungu\PycharmProjects\RafikiChatbot\venv\Lib\site-packages\django\template\defaultfilters.py first seen with mtime 1737108719.5576987
File C:\Users\Ireneirungu\AppData\Local\Programs\Python\Python39\Lib\decimal.py first seen with mtime 1652795110.0
File C:\Users\Ireneirungu\AppData\Local\Programs\Python\Python39\Lib\concurrent\futures\_base.py first seen with mtime 1652795110.0
File C:\Users\Ireneirungu\PycharmProjects\RafikiChatbot\venv\Lib\site-packages\pymongo\settings.py first seen with mtime 1734681582.7747476
File C:\Users\Ireneirungu\AppData\Local\Programs\Python\Python39\Lib\heapq.py first seen with mtime 1652795110.0
File C:\Users\Ireneirungu\PycharmProjects\RafikiChatbot\venv\Lib\site-packages\django\db\models\fields\related.py first seen with mtime 1737108719.4989033
File C:\Users\Ireneirungu\PycharmProjects\RafikiChatbot\venv\Lib\site-packages\django\core\checks\registry.py first seen with mtime 1737108719.4222894
File C:\Users\Ireneirungu\AppData\Local\Programs\Python\Python39\Lib\email\charset.py first seen with mtime 1652795110.0
File C:\Users\Ireneirungu\AppData\Local\Programs\Python\Python39\Lib\email\base64mime.py first seen with mtime 1652795110.0
File C:\Users\Ireneirungu\AppData\Local\Programs\Python\Python39\Lib\ntpath.py first seen with mtime 1652795110.0
File C:\Users\Ireneirungu\PycharmProjects\RafikiChatbot\venv\Lib\site-packages\django\templatetags\tz.py first seen with mtime 1737108719.5676963
File C:\Users\Ireneirungu\PycharmProjects\RafikiChatbot\venv\Lib\site-packages\django\contrib\auth\validators.py first seen with mtime 1737108718.3268998
File C:\Users\Ireneirungu\PycharmProjects\RafikiChatbot\venv\Lib\site-packages\django\db\models\query_utils.py first seen with mtime 1737108719.4949033
File C:\Users\Ireneirungu\PycharmProjects\RafikiChatbot\venv\Lib\site-packages\django\core\files\storage\base.py first seen with mtime 1737108719.4310026
File C:\Users\Ireneirungu\PycharmProjects\RafikiChatbot\venv\Lib\site-packages\django\db\models\sql\query.py first seen with mtime 1737108719.5069034
File C:\Users\Ireneirungu\PycharmProjects\RafikiChatbot\venv\Lib\site-packages\django\contrib\auth\apps.py first seen with mtime 1737108718.3199017
File C:\Users\Ireneirungu\PycharmProjects\RafikiChatbot\venv\Lib\site-packages\django\contrib\sites\__init__.py first seen with mtime 1737108719.2964797
File C:\Users\Ireneirungu\PycharmProjects\RafikiChatbot\venv\Lib\site-packages\django\core\files\storage\filesystem.py first seen with mtime 1737108719.4313564
File C:\Users\Ireneirungu\PycharmProjects\RafikiChatbot\venv\Lib\site-packages\pytz\__init__.py first seen with mtime 1734681582.362906
File C:\Users\Ireneirungu\PycharmProjects\RafikiChatbot\venv\Lib\site-packages\pymongo\topology_description.py first seen with mtime 1734681582.7787602
File C:\Users\Ireneirungu\PycharmProjects\RafikiChatbot\venv\Lib\site-packages\urllib3\connection.py first seen with mtime 1734352373.6065369
File C:\Users\Ireneirungu\AppData\Local\Programs\Python\Python39\Lib\xml\dom\xmlbuilder.py first seen with mtime 1652795112.0
File C:\Users\Ireneirungu\PycharmProjects\RafikiChatbot\venv\Lib\site-packages\pymongo\cursor.py first seen with mtime 1734681582.7494118
File C:\Users\Ireneirungu\PycharmProjects\RafikiChatbot\venv\Lib\site-packages\rest_framework_simplejwt\settings.py first seen with mtime 1738782341.442051
File C:\Users\Ireneirungu\PycharmProjects\RafikiChatbot\venv\Lib\site-packages\django\core\files\images.py first seen with mtime 1737108719.4266655
File C:\Users\Ireneirungu\PycharmProjects\RafikiChatbot\venv\Lib\site-packages\django\utils\deprecation.py first seen with mtime 1737108719.5825505
File C:\Users\Ireneirungu\PycharmProjects\RafikiChatbot\venv\Lib\site-packages\urllib3\http2\__init__.py first seen with mtime 1734352373.6206238
File C:\Users\Ireneirungu\PycharmProjects\RafikiChatbot\venv\Lib\site-packages\rest_framework_simplejwt\token_blacklist\models.py first seen with mtime 1738782341.541409
File C:\Users\Ireneirungu\AppData\Local\Programs\Python\Python39\Lib\ast.py first seen with mtime 1652795110.0
File C:\Users\Ireneirungu\PycharmProjects\RafikiChatbot\venv\Lib\site-packages\pymongo\max_staleness_selectors.py first seen with mtime 1734681582.7613585
File C:\Users\Ireneirungu\PycharmProjects\RafikiChatbot\venv\Lib\site-packages\django\contrib\messages\storage\base.py first seen with mtime 1737108718.9718716
File C:\Users\Ireneirungu\PycharmProjects\RafikiChatbot\venv\Lib\site-packages\pymongo\server_description.py first seen with mtime 1734681582.7733822
File C:\Users\Ireneirungu\PycharmProjects\RafikiChatbot\venv\Lib\site-packages\urllib3\util\timeout.py first seen with mtime 1734352373.6276243
File C:\Users\Ireneirungu\PycharmProjects\RafikiChatbot\venv\Lib\site-packages\django\contrib\admin\apps.py first seen with mtime 1737108717.9372797
File C:\Users\Ireneirungu\AppData\Local\Programs\Python\Python39\Lib\argparse.py first seen with mtime 1652795110.0
File C:\Users\Ireneirungu\PycharmProjects\RafikiChatbot\venv\Lib\site-packages\django\contrib\admin\templatetags\log.py first seen with mtime 1737108718.2078006
File C:\Users\Ireneirungu\PycharmProjects\RafikiChatbot\venv\Lib\site-packages\django\middleware\common.py first seen with mtime 1737108719.5530572
File C:\Users\Ireneirungu\PycharmProjects\RafikiChatbot\venv\Lib\site-packages\bson\codec_options.py first seen with mtime 1734681582.7199757
File C:\Users\Ireneirungu\PycharmProjects\RafikiChatbot\venv\Lib\site-packages\django\contrib\admindocs\views.py first seen with mtime 1737108718.211594
File C:\Users\Ireneirungu\PycharmProjects\RafikiChatbot\venv\Lib\site-packages\rest_framework\schemas\coreapi.py first seen with mtime 1737108716.7267835
File C:\Users\Ireneirungu\PycharmProjects\RafikiChatbot\venv\Lib\site-packages\django\template\library.py first seen with mtime 1737108719.5596967
File C:\Users\Ireneirungu\PycharmProjects\RafikiChatbot\venv\Lib\site-packages\jwt\warnings.py first seen with mtime 1738679958.242665
File C:\Users\Ireneirungu\PycharmProjects\RafikiChatbot\venv\Lib\site-packages\django\db\models\sql\subqueries.py first seen with mtime 1737108719.5069034
File C:\Users\Ireneirungu\PycharmProjects\RafikiChatbot\venv\Lib\site-packages\rest_framework\schemas\__init__.py first seen with mtime 1737108716.7267835
File C:\Users\Ireneirungu\AppData\Local\Programs\Python\Python39\Lib\subprocess.py first seen with mtime 1652795110.0
File C:\Users\Ireneirungu\AppData\Local\Programs\Python\Python39\Lib\xml\__init__.py first seen with mtime 1652795112.0
File C:\Users\Ireneirungu\PycharmProjects\RafikiChatbot\venv\Lib\site-packages\django\forms\utils.py first seen with mtime 1737108719.513073
File C:\Users\Ireneirungu\PycharmProjects\RafikiChatbot\venv\Lib\site-packages\django\utils\regex_helper.py first seen with mtime 1737108719.588478
File C:\Users\Ireneirungu\PycharmProjects\RafikiChatbot\venv\Lib\site-packages\mongoengine\base\common.py first seen with mtime 1734694514.4143317
File C:\Users\Ireneirungu\PycharmProjects\RafikiChatbot\venv\Lib\site-packages\pymongo\message.py first seen with mtime 1734681582.7623558
File C:\Users\Ireneirungu\PycharmProjects\RafikiChatbot\venv\Lib\site-packages\pymongo\read_concern.py first seen with mtime 1734681582.7693553
File C:\Users\Ireneirungu\PycharmProjects\RafikiChatbot\venv\Lib\site-packages\rest_framework\utils\json.py first seen with mtime 1737108716.7805443
File C:\Users\Ireneirungu\PycharmProjects\RafikiChatbot\venv\Lib\site-packages\django\views\generic\base.py first seen with mtime 1737108719.6014786
File C:\Users\Ireneirungu\PycharmProjects\RafikiChatbot\venv\Lib\site-packages\django\core\checks\compatibility\__init__.py first seen with mtime 1737108719.4237895
File C:\Users\Ireneirungu\PycharmProjects\RafikiChatbot\venv\Lib\site-packages\django\template\utils.py first seen with mtime 1737108719.5606966
File C:\Users\Ireneirungu\PycharmProjects\RafikiChatbot\venv\Lib\site-packages\rest_framework\utils\__init__.py first seen with mtime 1737108716.7780335
File C:\Users\Ireneirungu\PycharmProjects\RafikiChatbot\venv\Lib\site-packages\django\template\engine.py first seen with mtime 1737108719.5586965
File C:\Users\Ireneirungu\AppData\Local\Programs\Python\Python39\Lib\importlib\__init__.py first seen with mtime 1652795110.0
File C:\Users\Ireneirungu\PycharmProjects\RafikiChatbot\venv\Lib\site-packages\idna\intranges.py first seen with mtime 1734352373.847198
File C:\Users\Ireneirungu\PycharmProjects\RafikiChatbot\venv\Lib\site-packages\django\views\decorators\__init__.py first seen with mtime 1737108719.5974784
File C:\Users\Ireneirungu\AppData\Local\Programs\Python\Python39\Lib\posixpath.py first seen with mtime 1652795110.0
File C:\Users\Ireneirungu\PycharmProjects\RafikiChatbot\venv\Lib\site-packages\django\db\models\sql\datastructures.py first seen with mtime 1737108719.5059032
File C:\Users\Ireneirungu\PycharmProjects\RafikiChatbot\venv\Lib\site-packages\requests\packages.py first seen with mtime 1734352374.2110522
File C:\Users\Ireneirungu\PycharmProjects\RafikiChatbot\venv\Lib\site-packages\pymongo\bulk.py first seen with mtime 1734681582.7391322
File C:\Users\Ireneirungu\PycharmProjects\RafikiChatbot\venv\Lib\site-packages\rest_framework\settings.py first seen with mtime 1737108716.6704235
File C:\Users\Ireneirungu\PycharmProjects\RafikiChatbot\venv\Lib\site-packages\rest_framework\schemas\inspectors.py first seen with mtime 1737108716.7277834
File C:\Users\Ireneirungu\AppData\Local\Programs\Python\Python39\Lib\site.py first seen with mtime 1652795110.0
File C:\Users\Ireneirungu\AppData\Local\Programs\Python\Python39\Lib\socket.py first seen with mtime 1652795110.0
File C:\Users\Ireneirungu\PycharmProjects\RafikiChatbot\venv\Lib\site-packages\pymongo\ssl_match_hostname.py first seen with mtime 1734681582.7767556
File C:\Users\Ireneirungu\PycharmProjects\RafikiChatbot\venv\Lib\site-packages\django\core\checks\__init__.py first seen with mtime 1737108719.4196482
File C:\Users\Ireneirungu\AppData\Local\Programs\Python\Python39\Lib\wsgiref\headers.py first seen with mtime 1652795112.0
File C:\Users\Ireneirungu\AppData\Local\Programs\Python\Python39\Lib\_collections_abc.py first seen with mtime 1652795110.0
File C:\Users\Ireneirungu\PycharmProjects\RafikiChatbot\venv\Lib\site-packages\rest_framework\generics.py first seen with mtime 1737108716.6648896
File C:\Users\Ireneirungu\PycharmProjects\RafikiChatbot\venv\Lib\site-packages\django\core\files\utils.py first seen with mtime 1737108719.4299963
File C:\Users\Ireneirungu\AppData\Local\Programs\Python\Python39\Lib\asyncio\windows_utils.py first seen with mtime 1652795110.0
File C:\Users\Ireneirungu\PycharmProjects\RafikiChatbot\venv\Lib\site-packages\django\db\models\functions\text.py first seen with mtime 1737108719.5039034
File C:\Users\Ireneirungu\PycharmProjects\RafikiChatbot\venv\Lib\site-packages\django\http\multipartparser.py first seen with mtime 1737108719.5497415
File C:\Users\Ireneirungu\PycharmProjects\RafikiChatbot\venv\Lib\site-packages\mongoengine\queryset\transform.py first seen with mtime 1734694514.4256113
File C:\Users\Ireneirungu\PycharmProjects\RafikiChatbot\venv\Lib\site-packages\urllib3\util\retry.py first seen with mtime 1734352373.6246278
File C:\Users\Ireneirungu\AppData\Local\Programs\Python\Python39\Lib\weakref.py first seen with mtime 1652795112.0
File C:\Users\Ireneirungu\PycharmProjects\RafikiChatbot\venv\Lib\site-packages\django\apps\config.py first seen with mtime 1737108717.752023
File C:\Users\Ireneirungu\PycharmProjects\RafikiChatbot\venv\Lib\site-packages\gridfs\__init__.py first seen with mtime 1734681582.7282267
File C:\Users\Ireneirungu\PycharmProjects\RafikiChatbot\venv\Lib\site-packages\django\template\base.py first seen with mtime 1737108719.5556965
File C:\Users\Ireneirungu\AppData\Local\Programs\Python\Python39\Lib\inspect.py first seen with mtime 1652795110.0
File C:\Users\Ireneirungu\AppData\Local\Programs\Python\Python39\Lib\platform.py first seen with mtime 1652795110.0
File C:\Users\Ireneirungu\PycharmProjects\RafikiChatbot\venv\Lib\site-packages\django\core\files\storage\__init__.py first seen with mtime 1737108719.4299963
File C:\Users\Ireneirungu\PycharmProjects\RafikiChatbot\venv\Lib\site-packages\django\contrib\contenttypes\management\__init__.py first seen with mtime 1737108718.5388186
File C:\Users\Ireneirungu\AppData\Local\Programs\Python\Python39\Lib\keyword.py first seen with mtime 1652795110.0
File C:\Users\Ireneirungu\AppData\Local\Programs\Python\Python39\Lib\queue.py first seen with mtime 1652795110.0
File C:\Users\Ireneirungu\PycharmProjects\RafikiChatbot\venv\Lib\site-packages\django\contrib\auth\base_user.py first seen with mtime 1737108718.3209002
File C:\Users\Ireneirungu\PycharmProjects\RafikiChatbot\venv\Lib\site-packages\bson\objectid.py first seen with mtime 1734681582.724011
File C:\Users\Ireneirungu\AppData\Local\Programs\Python\Python39\Lib\html\entities.py first seen with mtime 1652795110.0
File C:\Users\Ireneirungu\PycharmProjects\RafikiChatbot\venv\Lib\site-packages\django\db\migrations\operations\__init__.py first seen with mtime 1737108719.4865873
File C:\Users\Ireneirungu\AppData\Local\Programs\Python\Python39\Lib\_markupbase.py first seen with mtime 1652795110.0
File C:\Users\Ireneirungu\PycharmProjects\RafikiChatbot\venv\Lib\site-packages\django\contrib\staticfiles\__init__.py first seen with mtime 1737108719.405435
File C:\Users\Ireneirungu\AppData\Local\Programs\Python\Python39\Lib\importlib\util.py first seen with mtime 1652795110.0
File C:\Users\Ireneirungu\PycharmProjects\RafikiChatbot\venv\Lib\site-packages\urllib3\util\ssltransport.py first seen with mtime 1734352373.6276243
File C:\Users\Ireneirungu\PycharmProjects\RafikiChatbot\venv\Lib\site-packages\bson\regex.py first seen with mtime 1734681582.726139
File C:\Users\Ireneirungu\AppData\Local\Programs\Python\Python39\Lib\email\mime\base.py first seen with mtime 1652795110.0
File C:\Users\Ireneirungu\PycharmProjects\RafikiChatbot\venv\Lib\site-packages\pymongo\cursor_manager.py first seen with mtime 1734681582.7494118
File C:\Users\Ireneirungu\AppData\Local\Programs\Python\Python39\Lib\datetime.py first seen with mtime 1652795110.0
File C:\Users\Ireneirungu\PycharmProjects\RafikiChatbot\venv\Lib\site-packages\rest_framework\negotiation.py first seen with mtime 1737108716.6662376
File C:\Users\Ireneirungu\AppData\Local\Programs\Python\Python39\Lib\html\__init__.py first seen with mtime 1652795110.0
File C:\Users\Ireneirungu\PycharmProjects\RafikiChatbot\venv\Lib\site-packages\sqlparse\utils.py first seen with mtime 1734690958.510053
File C:\Users\Ireneirungu\PycharmProjects\RafikiChatbot\venv\Lib\site-packages\django\core\management\__init__.py first seen with mtime 1737108719.4395316
File C:\Users\Ireneirungu\PycharmProjects\RafikiChatbot\venv\Lib\site-packages\django\db\models\sql\constants.py first seen with mtime 1737108719.5059032
File C:\Users\Ireneirungu\AppData\Local\Programs\Python\Python39\Lib\dis.py first seen with mtime 1652795110.0
File C:\Users\Ireneirungu\PycharmProjects\RafikiChatbot\venv\Lib\site-packages\django\core\checks\security\base.py first seen with mtime 1737108719.4252796
File C:\Users\Ireneirungu\PycharmProjects\RafikiChatbot\venv\Lib\site-packages\django\db\models\query.py first seen with mtime 1737108719.4949033
File C:\Users\Ireneirungu\PycharmProjects\RafikiChatbot\venv\Lib\site-packages\django\conf\global_settings.py first seen with mtime 1737108717.754027
File C:\Users\Ireneirungu\PycharmProjects\RafikiChatbot\venv\Lib\site-packages\django\contrib\sessions\exceptions.py first seen with mtime 1737108719.1804903
File C:\Users\Ireneirungu\PycharmProjects\RafikiChatbot\venv\Lib\site-packages\werkzeug\wsgi.py first seen with mtime 1738677770.4299629
File C:\Users\Ireneirungu\PycharmProjects\RafikiChatbot\venv\Lib\site-packages\django\views\__init__.py first seen with mtime 1737108719.5954783
File C:\Users\Ireneirungu\PycharmProjects\RafikiChatbot\venv\Lib\site-packages\corsheaders\checks.py first seen with mtime 1737108771.0275495
File C:\Users\Ireneirungu\PycharmProjects\RafikiChatbot\venv\Lib\site-packages\django\core\signing.py first seen with mtime 1737108719.4138215
File C:\Users\Ireneirungu\PycharmProjects\RafikiChatbot\venv\Lib\site-packages\pymongo\client_session.py first seen with mtime 1734681582.7411919
File C:\Users\Ireneirungu\AppData\Local\Programs\Python\Python39\Lib\http\client.py first seen with mtime 1652795110.0
File C:\Users\Ireneirungu\PycharmProjects\RafikiChatbot\venv\Lib\site-packages\mongoengine\base\utils.py first seen with mtime 1734694514.418805
File C:\Users\Ireneirungu\PycharmProjects\RafikiChatbot\venv\Lib\site-packages\rest_framework\metadata.py first seen with mtime 1737108716.6648896
File C:\Users\Ireneirungu\PycharmProjects\RafikiChatbot\venv\Lib\site-packages\django\conf\__init__.py first seen with mtime 1737108717.754027
File C:\Users\Ireneirungu\PycharmProjects\RafikiChatbot\venv\Lib\site-packages\mongoengine\__init__.py first seen with mtime 1734694514.4014757
File C:\Users\Ireneirungu\PycharmProjects\RafikiChatbot\venv\Lib\site-packages\pymongo\topology.py first seen with mtime 1734681582.7787602
File C:\Users\Ireneirungu\PycharmProjects\RafikiChatbot\venv\Lib\site-packages\django\contrib\contenttypes\apps.py first seen with mtime 1737108718.4385047
File C:\Users\Ireneirungu\AppData\Local\Programs\Python\Python39\Lib\asyncio\subprocess.py first seen with mtime 1652795110.0
File C:\Users\Ireneirungu\PycharmProjects\RafikiChatbot\venv\Lib\site-packages\idna\package_data.py first seen with mtime 1734352373.847198
File C:\Users\Ireneirungu\PycharmProjects\RafikiChatbot\venv\Lib\site-packages\requests\hooks.py first seen with mtime 1734352374.2096255
File C:\Users\Ireneirungu\AppData\Local\Programs\Python\Python39\Lib\collections\__init__.py first seen with mtime 1652795110.0
File C:\Users\Ireneirungu\AppData\Local\Programs\Python\Python39\Lib\json\scanner.py first seen with mtime 1652795110.0
File C:\Users\Ireneirungu\PycharmProjects\RafikiChatbot\venv\Lib\site-packages\rest_framework\validators.py first seen with mtime 1737108716.6733744
File C:\Users\Ireneirungu\AppData\Local\Programs\Python\Python39\Lib\email\contentmanager.py first seen with mtime 1652795110.0
File C:\Users\Ireneirungu\PycharmProjects\RafikiChatbot\venv\Lib\site-packages\django\contrib\admin\templatetags\base.py first seen with mtime 1737108718.2078006
File C:\Users\Ireneirungu\PycharmProjects\RafikiChatbot\venv\Lib\site-packages\django\contrib\auth\admin.py first seen with mtime 1737108718.3199017
File C:\Users\Ireneirungu\PycharmProjects\RafikiChatbot\venv\Lib\site-packages\django\contrib\admindocs\__init__.py first seen with mtime 1737108718.209801
File C:\Users\Ireneirungu\PycharmProjects\RafikiChatbot\venv\Lib\site-packages\django\views\generic\__init__.py first seen with mtime 1737108719.6014786
File C:\Users\Ireneirungu\PycharmProjects\RafikiChatbot\venv\Lib\site-packages\django\core\cache\backends\base.py first seen with mtime 1737108719.4166954
File C:\Users\Ireneirungu\PycharmProjects\RafikiChatbot\venv\Lib\site-packages\jwt\api_jwk.py first seen with mtime 1738679958.2140179
File C:\Users\Ireneirungu\PycharmProjects\RafikiChatbot\venv\Lib\site-packages\rest_framework\schemas\openapi.py first seen with mtime 1737108716.7288504
File C:\Users\Ireneirungu\PycharmProjects\RafikiChatbot\venv\Lib\site-packages\rest_framework\apps.py first seen with mtime 1737108716.6620271
File C:\Users\Ireneirungu\AppData\Local\Programs\Python\Python39\Lib\hmac.py first seen with mtime 1652795110.0
File C:\Users\Ireneirungu\PycharmProjects\RafikiChatbot\venv\Lib\site-packages\urllib3\util\connection.py first seen with mtime 1734352373.6226256
File C:\Users\Ireneirungu\PycharmProjects\RafikiChatbot\venv\Lib\site-packages\werkzeug\formparser.py first seen with mtime 1738677770.4159656
File C:\Users\Ireneirungu\PycharmProjects\RafikiChatbot\chatbot\views.py first seen with mtime 1742638122.6096342
File C:\Users\Ireneirungu\PycharmProjects\RafikiChatbot\venv\Lib\site-packages\django\http\request.py first seen with mtime 1737108719.5507414
File C:\Users\Ireneirungu\PycharmProjects\RafikiChatbot\venv\Lib\site-packages\django\utils\termcolors.py first seen with mtime 1737108719.5894783
File C:\Users\Ireneirungu\PycharmProjects\RafikiChatbot\venv\Lib\site-packages\urllib3\util\wait.py first seen with mtime 1734352373.6307192
File C:\Users\Ireneirungu\PycharmProjects\RafikiChatbot\venv\Lib\site-packages\charset_normalizer\md.cp39-win_amd64.pyd first seen with mtime 1734352374.0006783
File C:\Users\Ireneirungu\AppData\Local\Programs\Python\Python39\Lib\selectors.py first seen with mtime 1652795110.0
File C:\Users\Ireneirungu\PycharmProjects\RafikiChatbot\venv\Lib\site-packages\django\template\defaulttags.py first seen with mtime 1737108719.5576987
File C:\Users\Ireneirungu\PycharmProjects\RafikiChatbot\venv\Lib\site-packages\urllib3\__init__.py first seen with mtime 1734352373.6025262
File C:\Users\Ireneirungu\AppData\Local\Programs\Python\Python39\Lib\unittest\main.py first seen with mtime 1652795112.0
File C:\Users\Ireneirungu\PycharmProjects\RafikiChatbot\venv\Lib\site-packages\django\core\checks\templates.py first seen with mtime 1737108719.4222894
File C:\Users\Ireneirungu\PycharmProjects\RafikiChatbot\venv\Lib\site-packages\django\core\signals.py first seen with mtime 1737108719.4138215
File C:\Users\Ireneirungu\AppData\Local\Programs\Python\Python39\Lib\ipaddress.py first seen with mtime 1652795110.0
File C:\Users\Ireneirungu\PycharmProjects\RafikiChatbot\venv\Lib\site-packages\django\db\models\fields\reverse_related.py first seen with mtime 1737108719.5009031
File C:\Users\Ireneirungu\PycharmProjects\RafikiChatbot\venv\Lib\site-packages\urllib3\exceptions.py first seen with mtime 1734352373.6075337
File C:\Users\Ireneirungu\PycharmProjects\RafikiChatbot\venv\Lib\site-packages\werkzeug\sansio\multipart.py first seen with mtime 1738677770.478094
File C:\Users\Ireneirungu\AppData\Local\Programs\Python\Python39\Lib\asyncio\base_events.py first seen with mtime 1652795110.0
File C:\Users\Ireneirungu\PycharmProjects\RafikiChatbot\venv\Lib\site-packages\requests\__version__.py first seen with mtime 1734352374.202619
File C:\Users\Ireneirungu\PycharmProjects\RafikiChatbot\venv\Lib\site-packages\django\utils\dateparse.py first seen with mtime 1737108719.5805454
File C:\Users\Ireneirungu\AppData\Local\Programs\Python\Python39\Lib\concurrent\__init__.py first seen with mtime 1652795110.0
File C:\Users\Ireneirungu\PycharmProjects\RafikiChatbot\venv\Lib\site-packages\django\core\management\color.py first seen with mtime 1737108719.4395316
File C:\Users\Ireneirungu\PycharmProjects\RafikiChatbot\venv\Lib\site-packages\django\db\backends\base\features.py first seen with mtime 1737108719.460562
File C:\Users\Ireneirungu\PycharmProjects\RafikiChatbot\venv\Lib\site-packages\django\template\loaders\app_directories.py first seen with mtime 1737108719.5646966
File C:\Users\Ireneirungu\PycharmProjects\RafikiChatbot\core\settings.py first seen with mtime 1742637035.1161451
File C:\Users\Ireneirungu\PycharmProjects\RafikiChatbot\venv\Lib\site-packages\django\forms\boundfield.py first seen with mtime 1737108719.5099068
File C:\Users\Ireneirungu\PycharmProjects\RafikiChatbot\venv\Lib\site-packages\django\core\serializers\base.py first seen with mtime 1737108719.4525635
File C:\Users\Ireneirungu\PycharmProjects\RafikiChatbot\venv\Lib\site-packages\pymongo\saslprep.py first seen with mtime 1734681582.7713554
File C:\Users\Ireneirungu\PycharmProjects\RafikiChatbot\venv\Lib\site-packages\django\db\models\fields\files.py first seen with mtime 1737108719.4969034
File C:\Users\Ireneirungu\PycharmProjects\RafikiChatbot\venv\Lib\site-packages\werkzeug\__init__.py first seen with mtime 1738677770.408965
File C:\Users\Ireneirungu\PycharmProjects\RafikiChatbot\venv\Lib\site-packages\django\middleware\csrf.py first seen with mtime 1737108719.553485
File C:\Users\Ireneirungu\PycharmProjects\RafikiChatbot\venv\Lib\site-packages\werkzeug\sansio\request.py first seen with mtime 1738677770.4795732
File C:\Users\Ireneirungu\PycharmProjects\RafikiChatbot\venv\Lib\site-packages\django\contrib\postgres\forms\array.py first seen with mtime 1737108718.9842331
File C:\Users\Ireneirungu\PycharmProjects\RafikiChatbot\venv\Lib\site-packages\werkzeug\exceptions.py first seen with mtime 1738677770.4139664
File C:\Users\Ireneirungu\AppData\Local\Programs\Python\Python39\Lib\wsgiref\__init__.py first seen with mtime 1652795112.0
File C:\Users\Ireneirungu\AppData\Local\Programs\Python\Python39\Lib\enum.py first seen with mtime 1652795110.0
File C:\Users\Ireneirungu\AppData\Local\Programs\Python\Python39\Lib\asyncio\trsock.py first seen with mtime 1652795110.0
File C:\Users\Ireneirungu\PycharmProjects\RafikiChatbot\venv\Lib\site-packages\django\contrib\postgres\utils.py first seen with mtime 1737108718.9777222
File C:\Users\Ireneirungu\PycharmProjects\RafikiChatbot\venv\Lib\site-packages\django\core\checks\database.py first seen with mtime 1737108719.4208922
File C:\Users\Ireneirungu\PycharmProjects\RafikiChatbot\venv\Lib\site-packages\pymongo\socket_checker.py first seen with mtime 1734681582.7747476
File C:\Users\Ireneirungu\PycharmProjects\RafikiChatbot\venv\Lib\site-packages\sqlparse\engine\filter_stack.py first seen with mtime 1734690958.5121543
File C:\Users\Ireneirungu\PycharmProjects\RafikiChatbot\venv\Lib\site-packages\markupsafe\_speedups.cp39-win_amd64.pyd first seen with mtime 1738677770.3699985
File C:\Users\Ireneirungu\PycharmProjects\RafikiChatbot\venv\Lib\site-packages\django\contrib\contenttypes\models.py first seen with mtime 1737108718.4405098
File C:\Users\Ireneirungu\PycharmProjects\RafikiChatbot\venv\Lib\site-packages\django\forms\models.py first seen with mtime 1737108719.5120683
File C:\Users\Ireneirungu\PycharmProjects\RafikiChatbot\venv\Lib\site-packages\werkzeug\user_agent.py first seen with mtime 1738677770.4269626
File C:\Users\Ireneirungu\AppData\Local\Programs\Python\Python39\Lib\sysconfig.py first seen with mtime 1652795110.0
File C:\Users\Ireneirungu\AppData\Local\Programs\Python\Python39\Lib\asyncio\__init__.py first seen with mtime 1652795110.0
File C:\Users\Ireneirungu\PycharmProjects\RafikiChatbot\venv\Lib\site-packages\django\contrib\auth\forms.py first seen with mtime 1737108718.3228998
File C:\Users\Ireneirungu\AppData\Local\Programs\Python\Python39\Lib\configparser.py first seen with mtime 1652795110.0
File C:\Users\Ireneirungu\PycharmProjects\RafikiChatbot\venv\Lib\site-packages\django\contrib\messages\middleware.py first seen with mtime 1737108718.9699283
File C:\Users\Ireneirungu\AppData\Local\Programs\Python\Python39\Lib\asyncio\exceptions.py first seen with mtime 1652795110.0
File C:\Users\Ireneirungu\PycharmProjects\RafikiChatbot\venv\Lib\site-packages\django\db\models\functions\mixins.py first seen with mtime 1737108719.5029035
File C:\Users\Ireneirungu\AppData\Local\Programs\Python\Python39\Lib\traceback.py first seen with mtime 1652795112.0
File C:\Users\Ireneirungu\PycharmProjects\RafikiChatbot\venv\Lib\site-packages\urllib3\response.py first seen with mtime 1734352373.6105356
File C:\Users\Ireneirungu\PycharmProjects\RafikiChatbot\venv\Lib\site-packages\rest_framework\reverse.py first seen with mtime 1737108716.6689925
File C:\Users\Ireneirungu\PycharmProjects\RafikiChatbot\venv\Lib\site-packages\charset_normalizer\__init__.py first seen with mtime 1734352373.993682
File C:\Users\Ireneirungu\PycharmProjects\RafikiChatbot\venv\Lib\site-packages\django\db\models\constants.py first seen with mtime 1737108719.490413
File C:\Users\Ireneirungu\PycharmProjects\RafikiChatbot\venv\Lib\site-packages\pymongo\aggregation.py first seen with mtime 1734681582.7361176
File C:\Users\Ireneirungu\AppData\Local\Programs\Python\Python39\Lib\encodings\utf_8.py first seen with mtime 1652795110.0
File C:\Users\Ireneirungu\PycharmProjects\RafikiChatbot\venv\Lib\site-packages\rest_framework\fields.py first seen with mtime 1737108716.6648896
File C:\Users\Ireneirungu\PycharmProjects\RafikiChatbot\venv\Lib\site-packages\rest_framework\status.py first seen with mtime 1737108716.6704235
File C:\Users\Ireneirungu\AppData\Local\Programs\Python\Python39\DLLs\unicodedata.pyd first seen with mtime 1652795164.0
File C:\Users\Ireneirungu\PycharmProjects\RafikiChatbot\venv\Lib\site-packages\django\utils\deconstruct.py first seen with mtime 1737108719.5815508
File C:\Users\Ireneirungu\PycharmProjects\RafikiChatbot\venv\Lib\site-packages\django\apps\registry.py first seen with mtime 1737108717.7530267
File C:\Users\Ireneirungu\AppData\Local\Programs\Python\Python39\Lib\wsgiref\util.py first seen with mtime 1652795112.0
File C:\Users\Ireneirungu\PycharmProjects\RafikiChatbot\venv\Lib\site-packages\bson\max_key.py first seen with mtime 1734681582.7229757
File C:\Users\Ireneirungu\PycharmProjects\RafikiChatbot\venv\Lib\site-packages\django\conf\urls\__init__.py first seen with mtime 1737108717.9350169
File C:\Users\Ireneirungu\PycharmProjects\RafikiChatbot\venv\Lib\site-packages\django\db\models\aggregates.py first seen with mtime 1737108719.4900002
File C:\Users\Ireneirungu\PycharmProjects\RafikiChatbot\venv\Lib\site-packages\django\db\models\fields\mixins.py first seen with mtime 1737108719.4979036
File C:\Users\Ireneirungu\AppData\Local\Programs\Python\Python39\Lib\ctypes\_endian.py first seen with mtime 1652795110.0
File C:\Users\Ireneirungu\PycharmProjects\RafikiChatbot\venv\Lib\site-packages\django\db\migrations\exceptions.py first seen with mtime 1737108719.481587
File C:\Users\Ireneirungu\PycharmProjects\RafikiChatbot\venv\Lib\site-packages\django\contrib\auth\signals.py first seen with mtime 1737108718.3258996
File C:\Users\Ireneirungu\AppData\Local\Programs\Python\Python39\Lib\asyncio\format_helpers.py first seen with mtime 1652795110.0
File C:\Users\Ireneirungu\PycharmProjects\RafikiChatbot\venv\Lib\site-packages\django\db\models\functions\datetime.py first seen with mtime 1737108719.5019038
File C:\Users\Ireneirungu\AppData\Local\Programs\Python\Python39\Lib\bz2.py first seen with mtime 1652795110.0
File C:\Users\Ireneirungu\PycharmProjects\RafikiChatbot\venv\Lib\site-packages\pymongo\monitor.py first seen with mtime 1734681582.7643583
File C:\Users\Ireneirungu\AppData\Local\Programs\Python\Python39\Lib\email\generator.py first seen with mtime 1652795110.0
File C:\Users\Ireneirungu\PycharmProjects\RafikiChatbot\venv\Lib\site-packages\django\utils\asyncio.py first seen with mtime 1737108719.5766966
File C:\Users\Ireneirungu\PycharmProjects\RafikiChatbot\venv\Lib\site-packages\django\utils\datastructures.py first seen with mtime 1737108719.5796971
File C:\Users\Ireneirungu\PycharmProjects\RafikiChatbot\venv\Lib\site-packages\rest_framework\utils\model_meta.py first seen with mtime 1737108716.7815442
File C:\Users\Ireneirungu\PycharmProjects\RafikiChatbot\venv\Lib\site-packages\django\db\models\functions\__init__.py first seen with mtime 1737108719.5019038
File C:\Users\Ireneirungu\PycharmProjects\RafikiChatbot\venv\Lib\site-packages\django\core\cache\utils.py first seen with mtime 1737108719.4152586
File C:\Users\Ireneirungu\AppData\Local\Programs\Python\Python39\Lib\email\iterators.py first seen with mtime 1652795110.0
File C:\Users\Ireneirungu\PycharmProjects\RafikiChatbot\venv\Lib\site-packages\django\contrib\admin\templatetags\admin_list.py first seen with mtime 1737108718.2058008
File C:\Users\Ireneirungu\PycharmProjects\RafikiChatbot\venv\Lib\site-packages\django\contrib\auth\middleware.py first seen with mtime 1737108718.3238997
File C:\Users\Ireneirungu\AppData\Local\Programs\Python\Python39\Lib\urllib\request.py first seen with mtime 1652795112.0
File C:\Users\Ireneirungu\PycharmProjects\RafikiChatbot\venv\Lib\site-packages\sqlparse\filters\reindent.py first seen with mtime 1734690958.5198305
File C:\Users\Ireneirungu\PycharmProjects\RafikiChatbot\venv\Lib\site-packages\pymongo\compression_support.py first seen with mtime 1734681582.748357
File C:\Users\Ireneirungu\PycharmProjects\RafikiChatbot\chatbot\__init__.py first seen with mtime 1738505856.237081
File C:\Users\Ireneirungu\PycharmProjects\RafikiChatbot\venv\Lib\site-packages\django\contrib\staticfiles\checks.py first seen with mtime 1737108719.4064355
File C:\Users\Ireneirungu\PycharmProjects\RafikiChatbot\venv\Lib\site-packages\requests\utils.py first seen with mtime 1734352374.214603
File C:\Users\Ireneirungu\PycharmProjects\RafikiChatbot\venv\Lib\site-packages\django\db\models\functions\comparison.py first seen with mtime 1737108719.5019038
File C:\Users\Ireneirungu\PycharmProjects\RafikiChatbot\venv\Lib\site-packages\django\db\models\fields\json.py first seen with mtime 1737108719.4979036
File C:\Users\Ireneirungu\PycharmProjects\RafikiChatbot\venv\Lib\site-packages\django\urls\resolvers.py first seen with mtime 1737108719.5746963
File C:\Users\Ireneirungu\PycharmProjects\RafikiChatbot\venv\Lib\site-packages\django\core\files\uploadedfile.py first seen with mtime 1737108719.4280593
File C:\Users\Ireneirungu\PycharmProjects\RafikiChatbot\venv\Lib\site-packages\django\contrib\admin\utils.py first seen with mtime 1737108717.9417253
File C:\Users\Ireneirungu\AppData\Local\Programs\Python\Python39\Lib\pprint.py first seen with mtime 1652795110.0
File C:\Users\Ireneirungu\PycharmProjects\RafikiChatbot\venv\Lib\site-packages\django\db\models\fields\__init__.py first seen with mtime 1737108719.4969034
File C:\Users\Ireneirungu\PycharmProjects\RafikiChatbot\venv\Lib\site-packages\sqlparse\filters\__init__.py first seen with mtime 1734690958.5160797
File C:\Users\Ireneirungu\PycharmProjects\RafikiChatbot\venv\Lib\site-packages\django\contrib\admin\views\autocomplete.py first seen with mtime 1737108718.2088008
File C:\Users\Ireneirungu\AppData\Local\Programs\Python\Python39\Lib\opcode.py first seen with mtime 1652795110.0
File C:\Users\Ireneirungu\PycharmProjects\RafikiChatbot\venv\Lib\site-packages\bson\int64.py first seen with mtime 1734681582.721972
File C:\Users\Ireneirungu\AppData\Local\Programs\Python\Python39\Lib\email\_parseaddr.py first seen with mtime 1652795110.0
File C:\Users\Ireneirungu\PycharmProjects\RafikiChatbot\venv\Lib\site-packages\django\contrib\staticfiles\finders.py first seen with mtime 1737108719.4064355
File C:\Users\Ireneirungu\PycharmProjects\RafikiChatbot\venv\Lib\site-packages\django\db\backends\base\operations.py first seen with mtime 1737108719.4615612
File C:\Users\Ireneirungu\PycharmProjects\RafikiChatbot\venv\Lib\site-packages\django\utils\hashable.py first seen with mtime 1737108719.5845506
File C:\Users\Ireneirungu\PycharmProjects\RafikiChatbot\venv\Lib\site-packages\sqlparse\engine\__init__.py first seen with mtime 1734690958.5114064
File C:\Users\Ireneirungu\PycharmProjects\RafikiChatbot\venv\Lib\site-packages\bson\dbref.py first seen with mtime 1734681582.7209766
File C:\Users\Ireneirungu\AppData\Local\Programs\Python\Python39\Lib\email\message.py first seen with mtime 1652795110.0
File C:\Users\Ireneirungu\PycharmProjects\RafikiChatbot\venv\Lib\site-packages\django\contrib\postgres\validators.py first seen with mtime 1737108718.9777222
File C:\Users\Ireneirungu\AppData\Local\Programs\Python\Python39\Lib\sre_compile.py first seen with mtime 1652795110.0
File C:\Users\Ireneirungu\PycharmProjects\RafikiChatbot\venv\Lib\site-packages\mongoengine\base\datastructures.py first seen with mtime 1734694514.4156575
File C:\Users\Ireneirungu\AppData\Local\Programs\Python\Python39\Lib\signal.py first seen with mtime 1652795110.0
File C:\Users\Ireneirungu\PycharmProjects\RafikiChatbot\venv\Lib\site-packages\django\contrib\admin\filters.py first seen with mtime 1737108717.9387197
File C:\Users\Ireneirungu\PycharmProjects\RafikiChatbot\venv\Lib\site-packages\django\views\generic\dates.py first seen with mtime 1737108719.602479
File C:\Users\Ireneirungu\PycharmProjects\RafikiChatbot\venv\Lib\site-packages\bson\py3compat.py first seen with mtime 1734681582.725108
File C:\Users\Ireneirungu\PycharmProjects\RafikiChatbot\venv\Lib\site-packages\corsheaders\__init__.py first seen with mtime 1737108771.0265503
File C:\Users\Ireneirungu\PycharmProjects\RafikiChatbot\venv\Lib\site-packages\jwt\types.py first seen with mtime 1738679958.2394745
File C:\Users\Ireneirungu\PycharmProjects\RafikiChatbot\venv\Lib\site-packages\certifi\core.py first seen with mtime 1734352374.1791327
File C:\Users\Ireneirungu\PycharmProjects\RafikiChatbot\venv\Lib\site-packages\django\core\management\sql.py first seen with mtime 1737108719.4405317
File C:\Users\Ireneirungu\PycharmProjects\RafikiChatbot\venv\Lib\site-packages\mongoengine\base\fields.py first seen with mtime 1734694514.416675
File C:\Users\Ireneirungu\PycharmProjects\RafikiChatbot\venv\Lib\site-packages\werkzeug\datastructures\csp.py first seen with mtime 1738677770.4363651
File C:\Users\Ireneirungu\AppData\Local\Programs\Python\Python39\Lib\zoneinfo\__init__.py first seen with mtime 1652795112.0
File C:\Users\Ireneirungu\AppData\Local\Programs\Python\Python39\Lib\lzma.py first seen with mtime 1652795110.0
File C:\Users\Ireneirungu\AppData\Local\Programs\Python\Python39\DLLs\_hashlib.pyd first seen with mtime 1652795162.0
File C:\Users\Ireneirungu\PycharmProjects\RafikiChatbot\venv\Lib\site-packages\django\db\migrations\operations\special.py first seen with mtime 1737108719.488587
File C:\Users\Ireneirungu\AppData\Local\Programs\Python\Python39\Lib\asyncio\events.py first seen with mtime 1652795110.0
File C:\Users\Ireneirungu\AppData\Local\Programs\Python\Python39\Lib\re.py first seen with mtime 1652795110.0
File C:\Users\Ireneirungu\PycharmProjects\RafikiChatbot\venv\Lib\site-packages\mongoengine\common.py first seen with mtime 1734694514.4024746
File C:\Users\Ireneirungu\AppData\Local\Programs\Python\Python39\DLLs\_ssl.pyd first seen with mtime 1652795162.0
File C:\Users\Ireneirungu\AppData\Local\Programs\Python\Python39\Lib\json\decoder.py first seen with mtime 1652795110.0
File C:\Users\Ireneirungu\AppData\Local\Programs\Python\Python39\Lib\operator.py first seen with mtime 1652795110.0
File C:\Users\Ireneirungu\PycharmProjects\RafikiChatbot\venv\Lib\site-packages\django\apps\__init__.py first seen with mtime 1737108717.752023
File C:\Users\Ireneirungu\PycharmProjects\RafikiChatbot\venv\Lib\site-packages\pymongo\server_type.py first seen with mtime 1734681582.7733822
File C:\Users\Ireneirungu\PycharmProjects\RafikiChatbot\venv\Lib\site-packages\rest_framework_simplejwt\token_blacklist\__init__.py first seen with mtime 1738782341.537402
File C:\Users\Ireneirungu\PycharmProjects\RafikiChatbot\venv\Lib\site-packages\sqlparse\filters\output.py first seen with mtime 1734690958.5188313
File C:\Users\Ireneirungu\PycharmProjects\RafikiChatbot\venv\Lib\site-packages\pymongo\server_selectors.py first seen with mtime 1734681582.7733822
File C:\Users\Ireneirungu\AppData\Local\Programs\Python\Python39\Lib\mimetypes.py first seen with mtime 1652795110.0
File C:\Users\Ireneirungu\AppData\Local\Programs\Python\Python39\Lib\tokenize.py first seen with mtime 1652795112.0
File C:\Users\Ireneirungu\PycharmProjects\RafikiChatbot\venv\Lib\site-packages\django\contrib\staticfiles\views.py first seen with mtime 1737108719.408871
File C:\Users\Ireneirungu\PycharmProjects\RafikiChatbot\venv\Lib\site-packages\urllib3\_version.py first seen with mtime 1734352373.6055334
File C:\Users\Ireneirungu\PycharmProjects\RafikiChatbot\venv\Lib\site-packages\django\core\mail\__init__.py first seen with mtime 1737108719.4345317
File C:\Users\Ireneirungu\AppData\Local\Programs\Python\Python39\Lib\ssl.py first seen with mtime 1652795110.0
File C:\Users\Ireneirungu\PycharmProjects\RafikiChatbot\venv\Lib\site-packages\sqlparse\engine\grouping.py first seen with mtime 1734690958.513169
File C:\Users\Ireneirungu\PycharmProjects\RafikiChatbot\venv\Lib\site-packages\django\db\migrations\migration.py first seen with mtime 1737108719.483587
File C:\Users\Ireneirungu\PycharmProjects\RafikiChatbot\venv\Lib\site-packages\bson\json_util.py first seen with mtime 1734681582.7229757
File C:\Users\Ireneirungu\AppData\Local\Programs\Python\Python39\Lib\logging\handlers.py first seen with mtime 1652795110.0
File C:\Users\Ireneirungu\PycharmProjects\RafikiChatbot\venv\Lib\site-packages\django\views\static.py first seen with mtime 1737108719.5974784
File C:\Users\Ireneirungu\AppData\Local\Programs\Python\Python39\Lib\urllib\response.py first seen with mtime 1652795112.0
File C:\Users\Ireneirungu\PycharmProjects\RafikiChatbot\venv\Lib\site-packages\django\contrib\messages\__init__.py first seen with mtime 1737108718.9679291
File C:\Users\Ireneirungu\PycharmProjects\RafikiChatbot\venv\Lib\site-packages\certifi\__init__.py first seen with mtime 1734352374.1751318
File C:\Users\Ireneirungu\PycharmProjects\RafikiChatbot\venv\Lib\site-packages\django\db\models\signals.py first seen with mtime 1737108719.4959035
File C:\Users\Ireneirungu\PycharmProjects\RafikiChatbot\venv\Lib\site-packages\django\utils\formats.py first seen with mtime 1737108719.5835502
File C:\Users\Ireneirungu\PycharmProjects\RafikiChatbot\venv\Lib\site-packages\django\db\models\manager.py first seen with mtime 1737108719.4939034
File C:\Users\Ireneirungu\PycharmProjects\RafikiChatbot\venv\Lib\site-packages\rest_framework_simplejwt\utils.py first seen with mtime 1738782341.4462495
File C:\Users\Ireneirungu\AppData\Local\Programs\Python\Python39\DLLs\_socket.pyd first seen with mtime 1652795162.0
File C:\Users\Ireneirungu\PycharmProjects\RafikiChatbot\venv\Lib\site-packages\django\contrib\contenttypes\forms.py first seen with mtime 1737108718.4405098
File C:\Users\Ireneirungu\PycharmProjects\RafikiChatbot\venv\Lib\site-packages\django\forms\forms.py first seen with mtime 1737108719.5109124
File C:\Users\Ireneirungu\PycharmProjects\RafikiChatbot\venv\Lib\site-packages\bson\decimal128.py first seen with mtime 1734681582.7209766
File C:\Users\Ireneirungu\PycharmProjects\RafikiChatbot\venv\Lib\site-packages\django\utils\crypto.py first seen with mtime 1737108719.578697
File C:\Users\Ireneirungu\PycharmProjects\RafikiChatbot\venv\Lib\site-packages\mongoengine\base\metaclasses.py first seen with mtime 1734694514.4177966
File C:\Users\Ireneirungu\PycharmProjects\RafikiChatbot\venv\Lib\site-packages\django\utils\log.py first seen with mtime 1737108719.5874784
File C:\Users\Ireneirungu\PycharmProjects\RafikiChatbot\venv\Lib\site-packages\pytz\exceptions.py first seen with mtime 1734681582.362906
File C:\Users\Ireneirungu\AppData\Local\Programs\Python\Python39\Lib\linecache.py first seen with mtime 1652795110.0
File C:\Users\Ireneirungu\PycharmProjects\RafikiChatbot\venv\Lib\site-packages\django\db\models\utils.py first seen with mtime 1737108719.4959035
File C:\Users\Ireneirungu\PycharmProjects\RafikiChatbot\venv\Lib\site-packages\django\urls\__init__.py first seen with mtime 1737108719.5726955
File C:\Users\Ireneirungu\PycharmProjects\RafikiChatbot\venv\Lib\site-packages\pymongo\collation.py first seen with mtime 1734681582.7411919
File C:\Users\Ireneirungu\PycharmProjects\RafikiChatbot\venv\Lib\site-packages\django\template\loaders\base.py first seen with mtime 1737108719.5646966
File C:\Users\Ireneirungu\PycharmProjects\RafikiChatbot\venv\Lib\site-packages\django\core\checks\compatibility\django_4_0.py first seen with mtime 1737108719.4237895
File C:\Users\Ireneirungu\PycharmProjects\RafikiChatbot\venv\Lib\site-packages\pymongo\command_cursor.py first seen with mtime 1734681582.7463624
File C:\Users\Ireneirungu\PycharmProjects\RafikiChatbot\venv\Lib\site-packages\django\urls\converters.py first seen with mtime 1737108719.5736966
File C:\Users\Ireneirungu\PycharmProjects\RafikiChatbot\venv\Lib\site-packages\django\template\loaders\filesystem.py first seen with mtime 1737108719.5656953
File C:\Users\Ireneirungu\PycharmProjects\RafikiChatbot\venv\Lib\site-packages\django\test\client.py first seen with mtime 1737108719.5686963
File C:\Users\Ireneirungu\PycharmProjects\RafikiChatbot\venv\Lib\site-packages\django\urls\exceptions.py first seen with mtime 1737108719.5736966
File C:\Users\Ireneirungu\PycharmProjects\RafikiChatbot\venv\Lib\site-packages\django\utils\http.py first seen with mtime 1737108719.5850992
File C:\Users\Ireneirungu\AppData\Local\Programs\Python\Python39\Lib\warnings.py first seen with mtime 1652795112.0
File C:\Users\Ireneirungu\PycharmProjects\RafikiChatbot\venv\Lib\site-packages\sqlparse\filters\aligned_indent.py first seen with mtime 1734690958.5167682
File C:\Users\Ireneirungu\AppData\Local\Programs\Python\Python39\Lib\email\mime\text.py first seen with mtime 1652795110.0
File C:\Users\Ireneirungu\PycharmProjects\RafikiChatbot\venv\Lib\site-packages\bson\_cbson.cp39-win_amd64.pyd first seen with mtime 1734681582.7150095
File C:\Users\Ireneirungu\PycharmProjects\RafikiChatbot\venv\Lib\site-packages\django\utils\timezone.py first seen with mtime 1737108719.5904782
File C:\Users\Ireneirungu\PycharmProjects\RafikiChatbot\venv\Lib\site-packages\django\db\models\deletion.py first seen with mtime 1737108719.4918983
File C:\Users\Ireneirungu\PycharmProjects\RafikiChatbot\venv\Lib\site-packages\rest_framework\templatetags\__init__.py first seen with mtime 1737108716.7780335
File C:\Users\Ireneirungu\AppData\Local\Programs\Python\Python39\Lib\concurrent\futures\__init__.py first seen with mtime 1652795110.0
File C:\Users\Ireneirungu\AppData\Local\Programs\Python\Python39\Lib\fnmatch.py first seen with mtime 1652795110.0
File C:\Users\Ireneirungu\PycharmProjects\RafikiChatbot\venv\Lib\site-packages\django\views\decorators\debug.py first seen with mtime 1737108719.5994785
File C:\Users\Ireneirungu\PycharmProjects\RafikiChatbot\venv\Lib\site-packages\django\core\files\temp.py first seen with mtime 1737108719.4280593
File C:\Users\Ireneirungu\PycharmProjects\RafikiChatbot\venv\Lib\site-packages\django\core\checks\caches.py first seen with mtime 1737108719.4208922
File C:\Users\Ireneirungu\AppData\Local\Programs\Python\Python39\Lib\encodings\cp1252.py first seen with mtime 1652795110.0
File C:\Users\Ireneirungu\AppData\Local\Programs\Python\Python39\Lib\asyncio\windows_events.py first seen with mtime 1652795110.0
File C:\Users\Ireneirungu\PycharmProjects\RafikiChatbot\venv\Lib\site-packages\pymongo\monotonic.py first seen with mtime 1734681582.7653575
File C:\Users\Ireneirungu\PycharmProjects\RafikiChatbot\venv\Lib\site-packages\django\utils\text.py first seen with mtime 1737108719.5894783
File C:\Users\Ireneirungu\PycharmProjects\RafikiChatbot\venv\Lib\site-packages\django\db\models\base.py first seen with mtime 1737108719.490413
File C:\Users\Ireneirungu\PycharmProjects\RafikiChatbot\venv\Lib\site-packages\mongoengine\pymongo_support.py first seen with mtime 1734694514.4129674
File C:\Users\Ireneirungu\PycharmProjects\RafikiChatbot\venv\Lib\site-packages\django\core\servers\basehttp.py first seen with mtime 1737108719.455562
File C:\Users\Ireneirungu\AppData\Local\Programs\Python\Python39\Lib\asyncio\proactor_events.py first seen with mtime 1652795110.0
File C:\Users\Ireneirungu\AppData\Local\Programs\Python\Python39\Lib\asyncio\sslproto.py first seen with mtime 1652795110.0
File C:\Users\Ireneirungu\PycharmProjects\RafikiChatbot\venv\Lib\site-packages\django\test\__init__.py first seen with mtime 1737108719.5686963
File C:\Users\Ireneirungu\AppData\Local\Programs\Python\Python39\Lib\sre_parse.py first seen with mtime 1652795110.0
File C:\Users\Ireneirungu\PycharmProjects\RafikiChatbot\venv\Lib\site-packages\django\core\files\storage\mixins.py first seen with mtime 1737108719.432527
File C:\Users\Ireneirungu\AppData\Local\Programs\Python\Python39\Lib\_bootlocale.py first seen with mtime 1652795110.0
File C:\Users\Ireneirungu\PycharmProjects\RafikiChatbot\venv\Lib\site-packages\django\contrib\auth\backends.py first seen with mtime 1737108718.3209002
File C:\Users\Ireneirungu\PycharmProjects\RafikiChatbot\venv\Lib\site-packages\jwt\utils.py first seen with mtime 1738679958.2414734
File C:\Users\Ireneirungu\AppData\Local\Programs\Python\Python39\Lib\token.py first seen with mtime 1652795112.0
File C:\Users\Ireneirungu\PycharmProjects\RafikiChatbot\venv\Lib\site-packages\django\db\backends\base\introspection.py first seen with mtime 1737108719.4615612
File C:\Users\Ireneirungu\PycharmProjects\RafikiChatbot\venv\Lib\site-packages\django\contrib\contenttypes\views.py first seen with mtime 1737108718.4405098
File C:\Users\Ireneirungu\PycharmProjects\RafikiChatbot\venv\Lib\site-packages\django\utils\topological_sort.py first seen with mtime 1737108719.5914783
File C:\Users\Ireneirungu\PycharmProjects\RafikiChatbot\venv\Lib\site-packages\django\db\models\constraints.py first seen with mtime 1737108719.4914224
File C:\Users\Ireneirungu\AppData\Local\Programs\Python\Python39\Lib\xml\dom\domreg.py first seen with mtime 1652795112.0
File C:\Users\Ireneirungu\AppData\Local\Programs\Python\Python39\Lib\socketserver.py first seen with mtime 1652795110.0
File C:\Users\Ireneirungu\PycharmProjects\RafikiChatbot\venv\Lib\site-packages\django\utils\connection.py first seen with mtime 1737108719.578697
File C:\Users\Ireneirungu\PycharmProjects\RafikiChatbot\venv\Lib\site-packages\django\core\handlers\exception.py first seen with mtime 1737108719.4335313
File C:\Users\Ireneirungu\AppData\Local\Programs\Python\Python39\Lib\zipfile.py first seen with mtime 1652795112.0
File C:\Users\Ireneirungu\AppData\Local\Programs\Python\Python39\Lib\asyncio\selector_events.py first seen with mtime 1652795110.0
File C:\Users\Ireneirungu\PycharmProjects\RafikiChatbot\venv\Lib\site-packages\requests\_internal_utils.py first seen with mtime 1734352374.202619
File C:\Users\Ireneirungu\PycharmProjects\RafikiChatbot\venv\Lib\site-packages\django\core\checks\security\sessions.py first seen with mtime 1737108719.4252796
File C:\Users\Ireneirungu\PycharmProjects\RafikiChatbot\venv\Lib\site-packages\django\templatetags\static.py first seen with mtime 1737108719.5676963
File C:\Users\Ireneirungu\PycharmProjects\RafikiChatbot\venv\Lib\site-packages\pymongo\monitoring.py first seen with mtime 1734681582.7653575
File C:\Users\Ireneirungu\PycharmProjects\RafikiChatbot\venv\Lib\site-packages\requests\structures.py first seen with mtime 1734352374.2132938
File C:\Users\Ireneirungu\PycharmProjects\RafikiChatbot\venv\Lib\site-packages\rest_framework_simplejwt\authentication.py first seen with mtime 1738782341.4356258
File C:\Users\Ireneirungu\PycharmProjects\RafikiChatbot\venv\Lib\site-packages\werkzeug\datastructures\file_storage.py first seen with mtime 1738677770.4383798
File C:\Users\Ireneirungu\PycharmProjects\RafikiChatbot\venv\Lib\site-packages\django\contrib\auth\models.py first seen with mtime 1737108718.3249
File C:\Users\Ireneirungu\AppData\Local\Programs\Python\Python39\Lib\importlib\_common.py first seen with mtime 1652795110.0
File C:\Users\Ireneirungu\AppData\Local\Programs\Python\Python39\Lib\asyncio\locks.py first seen with mtime 1652795110.0
File C:\Users\Ireneirungu\PycharmProjects\RafikiChatbot\venv\Lib\site-packages\pymongo\son_manipulator.py first seen with mtime 1734681582.775756
File C:\Users\Ireneirungu\AppData\Local\Programs\Python\Python39\Lib\csv.py first seen with mtime 1652795110.0
File C:\Users\Ireneirungu\PycharmProjects\RafikiChatbot\venv\Lib\site-packages\requests\models.py first seen with mtime 1734352374.2096255
File C:\Users\Ireneirungu\PycharmProjects\RafikiChatbot\venv\Lib\site-packages\urllib3\connectionpool.py first seen with mtime 1734352373.6075337
File C:\Users\Ireneirungu\PycharmProjects\RafikiChatbot\venv\Lib\site-packages\django\views\debug.py first seen with mtime 1737108719.5964787
File C:\Users\Ireneirungu\PycharmProjects\RafikiChatbot\venv\Lib\site-packages\django\dispatch\__init__.py first seen with mtime 1737108719.5085635
File C:\Users\Ireneirungu\PycharmProjects\RafikiChatbot\static\build\asset-manifest.json first seen with mtime 1742637813.1917412
File C:\Users\Ireneirungu\PycharmProjects\RafikiChatbot\static\build\favicon.ico first seen with mtime 1738670587.4226553
File C:\Users\Ireneirungu\PycharmProjects\RafikiChatbot\static\build\index.html first seen with mtime 1742637813.1917412
File C:\Users\Ireneirungu\PycharmProjects\RafikiChatbot\static\build\logo192.png first seen with mtime 1738670587.4239914
File C:\Users\Ireneirungu\PycharmProjects\RafikiChatbot\static\build\logo512.png first seen with mtime 1738670587.4250026
File C:\Users\Ireneirungu\PycharmProjects\RafikiChatbot\static\build\manifest.json first seen with mtime 1738670587.4250026
File C:\Users\Ireneirungu\PycharmProjects\RafikiChatbot\static\build\robots.txt first seen with mtime 1738670587.4259992
File C:\Users\Ireneirungu\PycharmProjects\RafikiChatbot\static\build\static first seen with mtime 1742637813.1917412
File C:\Users\Ireneirungu\PycharmProjects\RafikiChatbot\static\build\static\css first seen with mtime 1742637813.193106
File C:\Users\Ireneirungu\PycharmProjects\RafikiChatbot\static\build\static\js first seen with mtime 1742637813.1990216
File C:\Users\Ireneirungu\PycharmProjects\RafikiChatbot\static\build\static\css\main.f87b11ef.css first seen with mtime 1742637813.1990216
File C:\Users\Ireneirungu\PycharmProjects\RafikiChatbot\static\build\static\css\main.f87b11ef.css.map first seen with mtime 1742637813.1942005
File C:\Users\Ireneirungu\PycharmProjects\RafikiChatbot\static\build\static\js\488.dfa393e0.chunk.js first seen with mtime 1742637813.1942005
File C:\Users\Ireneirungu\PycharmProjects\RafikiChatbot\static\build\static\js\488.dfa393e0.chunk.js.map first seen with mtime 1742637813.1990216
File C:\Users\Ireneirungu\PycharmProjects\RafikiChatbot\static\build\static\js\main.c890551c.js first seen with mtime 1742637813.1990216
File C:\Users\Ireneirungu\PycharmProjects\RafikiChatbot\static\build\static\js\main.c890551c.js.LICENSE.txt first seen with mtime 1742637813.1990216
File C:\Users\Ireneirungu\PycharmProjects\RafikiChatbot\static\build\static\js\main.c890551c.js.map first seen with mtime 1742637813.2004356
File C:\Users\Ireneirungu\PycharmProjects\RafikiChatbot\venv\lib\site-packages\rest_framework\templates\rest_framework first seen with mtime 1737108716.7730336
File C:\Users\Ireneirungu\PycharmProjects\RafikiChatbot\venv\lib\site-packages\rest_framework\templates\rest_framework\admin first seen with mtime 1737108716.756492
File C:\Users\Ireneirungu\PycharmProjects\RafikiChatbot\venv\lib\site-packages\rest_framework\templates\rest_framework\admin.html first seen with mtime 1737108716.7524974
File C:\Users\Ireneirungu\PycharmProjects\RafikiChatbot\venv\lib\site-packages\rest_framework\templates\rest_framework\api.html first seen with mtime 1737108716.7524974
File C:\Users\Ireneirungu\PycharmProjects\RafikiChatbot\venv\lib\site-packages\rest_framework\templates\rest_framework\base.html first seen with mtime 1737108716.753488
File C:\Users\Ireneirungu\PycharmProjects\RafikiChatbot\venv\lib\site-packages\rest_framework\templates\rest_framework\docs first seen with mtime 1737108716.760491
File C:\Users\Ireneirungu\PycharmProjects\RafikiChatbot\venv\lib\site-packages\rest_framework\templates\rest_framework\filters first seen with mtime 1737108716.7634914
File C:\Users\Ireneirungu\PycharmProjects\RafikiChatbot\venv\lib\site-packages\rest_framework\templates\rest_framework\horizontal first seen with mtime 1737108716.7680335
File C:\Users\Ireneirungu\PycharmProjects\RafikiChatbot\venv\lib\site-packages\rest_framework\templates\rest_framework\inline first seen with mtime 1737108716.7720335
File C:\Users\Ireneirungu\PycharmProjects\RafikiChatbot\venv\lib\site-packages\rest_framework\templates\rest_framework\login.html first seen with mtime 1737108716.753488
File C:\Users\Ireneirungu\PycharmProjects\RafikiChatbot\venv\lib\site-packages\rest_framework\templates\rest_framework\login_base.html first seen with mtime 1737108716.753488
File C:\Users\Ireneirungu\PycharmProjects\RafikiChatbot\venv\lib\site-packages\rest_framework\templates\rest_framework\pagination first seen with mtime 1737108716.7730336
File C:\Users\Ireneirungu\PycharmProjects\RafikiChatbot\venv\lib\site-packages\rest_framework\templates\rest_framework\raw_data_form.html first seen with mtime 1737108716.7544923
File C:\Users\Ireneirungu\PycharmProjects\RafikiChatbot\venv\lib\site-packages\rest_framework\templates\rest_framework\schema.js first seen with mtime 1737108716.7544923
File C:\Users\Ireneirungu\PycharmProjects\RafikiChatbot\venv\lib\site-packages\rest_framework\templates\rest_framework\vertical first seen with mtime 1737108716.7770338
File C:\Users\Ireneirungu\PycharmProjects\RafikiChatbot\venv\lib\site-packages\rest_framework\templates\rest_framework\admin\detail.html first seen with mtime 1737108716.7554908
File C:\Users\Ireneirungu\PycharmProjects\RafikiChatbot\venv\lib\site-packages\rest_framework\templates\rest_framework\admin\dict_value.html first seen with mtime 1737108716.7554908
File C:\Users\Ireneirungu\PycharmProjects\RafikiChatbot\venv\lib\site-packages\rest_framework\templates\rest_framework\admin\list.html first seen with mtime 1737108716.7554908
File C:\Users\Ireneirungu\PycharmProjects\RafikiChatbot\venv\lib\site-packages\rest_framework\templates\rest_framework\admin\list_value.html first seen with mtime 1737108716.756492
File C:\Users\Ireneirungu\PycharmProjects\RafikiChatbot\venv\lib\site-packages\rest_framework\templates\rest_framework\admin\simple_list_value.html first seen with mtime 1737108716.756492
File C:\Users\Ireneirungu\PycharmProjects\RafikiChatbot\venv\lib\site-packages\rest_framework\templates\rest_framework\docs\auth first seen with mtime 1737108716.7594914
File C:\Users\Ireneirungu\PycharmProjects\RafikiChatbot\venv\lib\site-packages\rest_framework\templates\rest_framework\docs\document.html first seen with mtime 1737108716.7574923
File C:\Users\Ireneirungu\PycharmProjects\RafikiChatbot\venv\lib\site-packages\rest_framework\templates\rest_framework\docs\error.html first seen with mtime 1737108716.7574923
File C:\Users\Ireneirungu\PycharmProjects\RafikiChatbot\venv\lib\site-packages\rest_framework\templates\rest_framework\docs\index.html first seen with mtime 1737108716.7574923
File C:\Users\Ireneirungu\PycharmProjects\RafikiChatbot\venv\lib\site-packages\rest_framework\templates\rest_framework\docs\interact.html first seen with mtime 1737108716.7584913
File C:\Users\Ireneirungu\PycharmProjects\RafikiChatbot\venv\lib\site-packages\rest_framework\templates\rest_framework\docs\langs first seen with mtime 1737108716.7624912
File C:\Users\Ireneirungu\PycharmProjects\RafikiChatbot\venv\lib\site-packages\rest_framework\templates\rest_framework\docs\link.html first seen with mtime 1737108716.7584913
File C:\Users\Ireneirungu\PycharmProjects\RafikiChatbot\venv\lib\site-packages\rest_framework\templates\rest_framework\docs\sidebar.html first seen with mtime 1737108716.7584913
File C:\Users\Ireneirungu\PycharmProjects\RafikiChatbot\venv\lib\site-packages\rest_framework\templates\rest_framework\docs\auth\basic.html first seen with mtime 1737108716.7594914
File C:\Users\Ireneirungu\PycharmProjects\RafikiChatbot\venv\lib\site-packages\rest_framework\templates\rest_framework\docs\auth\session.html first seen with mtime 1737108716.7594914
File C:\Users\Ireneirungu\PycharmProjects\RafikiChatbot\venv\lib\site-packages\rest_framework\templates\rest_framework\docs\auth\token.html first seen with mtime 1737108716.760491
File C:\Users\Ireneirungu\PycharmProjects\RafikiChatbot\venv\lib\site-packages\rest_framework\templates\rest_framework\docs\langs\javascript-intro.html first seen with mtime 1737108716.760491
File C:\Users\Ireneirungu\PycharmProjects\RafikiChatbot\venv\lib\site-packages\rest_framework\templates\rest_framework\docs\langs\javascript.html first seen with mtime 1737108716.760491
File C:\Users\Ireneirungu\PycharmProjects\RafikiChatbot\venv\lib\site-packages\rest_framework\templates\rest_framework\docs\langs\python-intro.html first seen with mtime 1737108716.761492
File C:\Users\Ireneirungu\PycharmProjects\RafikiChatbot\venv\lib\site-packages\rest_framework\templates\rest_framework\docs\langs\python.html first seen with mtime 1737108716.761492
File C:\Users\Ireneirungu\PycharmProjects\RafikiChatbot\venv\lib\site-packages\rest_framework\templates\rest_framework\docs\langs\shell-intro.html first seen with mtime 1737108716.7624912
File C:\Users\Ireneirungu\PycharmProjects\RafikiChatbot\venv\lib\site-packages\rest_framework\templates\rest_framework\docs\langs\shell.html first seen with mtime 1737108716.7624912
File C:\Users\Ireneirungu\PycharmProjects\RafikiChatbot\venv\lib\site-packages\rest_framework\templates\rest_framework\filters\base.html first seen with mtime 1737108716.7624912
File C:\Users\Ireneirungu\PycharmProjects\RafikiChatbot\venv\lib\site-packages\rest_framework\templates\rest_framework\filters\ordering.html first seen with mtime 1737108716.7634914
File C:\Users\Ireneirungu\PycharmProjects\RafikiChatbot\venv\lib\site-packages\rest_framework\templates\rest_framework\filters\search.html first seen with mtime 1737108716.7634914
File C:\Users\Ireneirungu\PycharmProjects\RafikiChatbot\venv\lib\site-packages\rest_framework\templates\rest_framework\horizontal\checkbox.html first seen with mtime 1737108716.7634914
File C:\Users\Ireneirungu\PycharmProjects\RafikiChatbot\venv\lib\site-packages\rest_framework\templates\rest_framework\horizontal\checkbox_multiple.html first seen with mtime 1737108716.7644942
File C:\Users\Ireneirungu\PycharmProjects\RafikiChatbot\venv\lib\site-packages\rest_framework\templates\rest_framework\horizontal\dict_field.html first seen with mtime 1737108716.7650282
File C:\Users\Ireneirungu\PycharmProjects\RafikiChatbot\venv\lib\site-packages\rest_framework\templates\rest_framework\horizontal\fieldset.html first seen with mtime 1737108716.7650282
File C:\Users\Ireneirungu\PycharmProjects\RafikiChatbot\venv\lib\site-packages\rest_framework\templates\rest_framework\horizontal\form.html first seen with mtime 1737108716.7650282
File C:\Users\Ireneirungu\PycharmProjects\RafikiChatbot\venv\lib\site-packages\rest_framework\templates\rest_framework\horizontal\input.html first seen with mtime 1737108716.7660334
File C:\Users\Ireneirungu\PycharmProjects\RafikiChatbot\venv\lib\site-packages\rest_framework\templates\rest_framework\horizontal\list_field.html first seen with mtime 1737108716.7660334
File C:\Users\Ireneirungu\PycharmProjects\RafikiChatbot\venv\lib\site-packages\rest_framework\templates\rest_framework\horizontal\list_fieldset.html first seen with mtime 1737108716.7660334
File C:\Users\Ireneirungu\PycharmProjects\RafikiChatbot\venv\lib\site-packages\rest_framework\templates\rest_framework\horizontal\radio.html first seen with mtime 1737108716.7670336
File C:\Users\Ireneirungu\PycharmProjects\RafikiChatbot\venv\lib\site-packages\rest_framework\templates\rest_framework\horizontal\select.html first seen with mtime 1737108716.7670336
File C:\Users\Ireneirungu\PycharmProjects\RafikiChatbot\venv\lib\site-packages\rest_framework\templates\rest_framework\horizontal\select_multiple.html first seen with mtime 1737108716.7680335
File C:\Users\Ireneirungu\PycharmProjects\RafikiChatbot\venv\lib\site-packages\rest_framework\templates\rest_framework\horizontal\textarea.html first seen with mtime 1737108716.7680335
File C:\Users\Ireneirungu\PycharmProjects\RafikiChatbot\venv\lib\site-packages\rest_framework\templates\rest_framework\inline\checkbox.html first seen with mtime 1737108716.7680335
File C:\Users\Ireneirungu\PycharmProjects\RafikiChatbot\venv\lib\site-packages\rest_framework\templates\rest_framework\inline\checkbox_multiple.html first seen with mtime 1737108716.7690334
File C:\Users\Ireneirungu\PycharmProjects\RafikiChatbot\venv\lib\site-packages\rest_framework\templates\rest_framework\inline\dict_field.html first seen with mtime 1737108716.7690334
File C:\Users\Ireneirungu\PycharmProjects\RafikiChatbot\venv\lib\site-packages\rest_framework\templates\rest_framework\inline\fieldset.html first seen with mtime 1737108716.7700336
File C:\Users\Ireneirungu\PycharmProjects\RafikiChatbot\venv\lib\site-packages\rest_framework\templates\rest_framework\inline\form.html first seen with mtime 1737108716.7700336
File C:\Users\Ireneirungu\PycharmProjects\RafikiChatbot\venv\lib\site-packages\rest_framework\templates\rest_framework\inline\input.html first seen with mtime 1737108716.7700336
File C:\Users\Ireneirungu\PycharmProjects\RafikiChatbot\venv\lib\site-packages\rest_framework\templates\rest_framework\inline\list_field.html first seen with mtime 1737108716.7710333
File C:\Users\Ireneirungu\PycharmProjects\RafikiChatbot\venv\lib\site-packages\rest_framework\templates\rest_framework\inline\list_fieldset.html first seen with mtime 1737108716.7710333
File C:\Users\Ireneirungu\PycharmProjects\RafikiChatbot\venv\lib\site-packages\rest_framework\templates\rest_framework\inline\radio.html first seen with mtime 1737108716.7710333
File C:\Users\Ireneirungu\PycharmProjects\RafikiChatbot\venv\lib\site-packages\rest_framework\templates\rest_framework\inline\select.html first seen with mtime 1737108716.7720335
File C:\Users\Ireneirungu\PycharmProjects\RafikiChatbot\venv\lib\site-packages\rest_framework\templates\rest_framework\inline\select_multiple.html first seen with mtime 1737108716.7720335
File C:\Users\Ireneirungu\PycharmProjects\RafikiChatbot\venv\lib\site-packages\rest_framework\templates\rest_framework\inline\textarea.html first seen with mtime 1737108716.7720335
File C:\Users\Ireneirungu\PycharmProjects\RafikiChatbot\venv\lib\site-packages\rest_framework\templates\rest_framework\pagination\numbers.html first seen with mtime 1737108716.7730336
File C:\Users\Ireneirungu\PycharmProjects\RafikiChatbot\venv\lib\site-packages\rest_framework\templates\rest_framework\pagination\previous_and_next.html first seen with mtime 1737108716.7730336
File C:\Users\Ireneirungu\PycharmProjects\RafikiChatbot\venv\lib\site-packages\rest_framework\templates\rest_framework\vertical\checkbox.html first seen with mtime 1737108716.7740335
File C:\Users\Ireneirungu\PycharmProjects\RafikiChatbot\venv\lib\site-packages\rest_framework\templates\rest_framework\vertical\checkbox_multiple.html first seen with mtime 1737108716.7740335
File C:\Users\Ireneirungu\PycharmProjects\RafikiChatbot\venv\lib\site-packages\rest_framework\templates\rest_framework\vertical\dict_field.html first seen with mtime 1737108716.7740335
File C:\Users\Ireneirungu\PycharmProjects\RafikiChatbot\venv\lib\site-packages\rest_framework\templates\rest_framework\vertical\fieldset.html first seen with mtime 1737108716.7750332
File C:\Users\Ireneirungu\PycharmProjects\RafikiChatbot\venv\lib\site-packages\rest_framework\templates\rest_framework\vertical\form.html first seen with mtime 1737108716.7750332
File C:\Users\Ireneirungu\PycharmProjects\RafikiChatbot\venv\lib\site-packages\rest_framework\templates\rest_framework\vertical\input.html first seen with mtime 1737108716.7750332
File C:\Users\Ireneirungu\PycharmProjects\RafikiChatbot\venv\lib\site-packages\rest_framework\templates\rest_framework\vertical\list_field.html first seen with mtime 1737108716.7760334
File C:\Users\Ireneirungu\PycharmProjects\RafikiChatbot\venv\lib\site-packages\rest_framework\templates\rest_framework\vertical\list_fieldset.html first seen with mtime 1737108716.7760334
File C:\Users\Ireneirungu\PycharmProjects\RafikiChatbot\venv\lib\site-packages\rest_framework\templates\rest_framework\vertical\radio.html first seen with mtime 1737108716.7760334
File C:\Users\Ireneirungu\PycharmProjects\RafikiChatbot\venv\lib\site-packages\rest_framework\templates\rest_framework\vertical\select.html first seen with mtime 1737108716.7770338
File C:\Users\Ireneirungu\PycharmProjects\RafikiChatbot\venv\lib\site-packages\rest_framework\templates\rest_framework\vertical\select_multiple.html first seen with mtime 1737108716.7770338
File C:\Users\Ireneirungu\PycharmProjects\RafikiChatbot\venv\lib\site-packages\rest_framework\templates\rest_framework\vertical\textarea.html first seen with mtime 1737108716.7770338
File C:\Users\Ireneirungu\PycharmProjects\RafikiChatbot\venv\lib\site-packages\rest_framework\locale\ach\LC_MESSAGES\django.mo first seen with mtime 1737108716.6810174
File C:\Users\Ireneirungu\PycharmProjects\RafikiChatbot\venv\lib\site-packages\rest_framework\locale\ar\LC_MESSAGES\django.mo first seen with mtime 1737108716.6820176
File C:\Users\Ireneirungu\PycharmProjects\RafikiChatbot\venv\lib\site-packages\rest_framework\locale\az\LC_MESSAGES\django.mo first seen with mtime 1737108716.6820176
File C:\Users\Ireneirungu\PycharmProjects\RafikiChatbot\venv\lib\site-packages\rest_framework\locale\be\LC_MESSAGES\django.mo first seen with mtime 1737108716.6830177
File C:\Users\Ireneirungu\PycharmProjects\RafikiChatbot\venv\lib\site-packages\rest_framework\locale\bg\LC_MESSAGES\django.mo first seen with mtime 1737108716.6840172
File C:\Users\Ireneirungu\PycharmProjects\RafikiChatbot\venv\lib\site-packages\rest_framework\locale\ca\LC_MESSAGES\django.mo first seen with mtime 1737108716.6840172
File C:\Users\Ireneirungu\PycharmProjects\RafikiChatbot\venv\lib\site-packages\rest_framework\locale\ca_ES\LC_MESSAGES\django.mo first seen with mtime 1737108716.6850173
File C:\Users\Ireneirungu\PycharmProjects\RafikiChatbot\venv\lib\site-packages\rest_framework\locale\cs\LC_MESSAGES\django.mo first seen with mtime 1737108716.6860175
File C:\Users\Ireneirungu\PycharmProjects\RafikiChatbot\venv\lib\site-packages\rest_framework\locale\da\LC_MESSAGES\django.mo first seen with mtime 1737108716.6860175
File C:\Users\Ireneirungu\PycharmProjects\RafikiChatbot\venv\lib\site-packages\rest_framework\locale\de\LC_MESSAGES\django.mo first seen with mtime 1737108716.6870177
File C:\Users\Ireneirungu\PycharmProjects\RafikiChatbot\venv\lib\site-packages\rest_framework\locale\el\LC_MESSAGES\django.mo first seen with mtime 1737108716.6880174
File C:\Users\Ireneirungu\PycharmProjects\RafikiChatbot\venv\lib\site-packages\rest_framework\locale\el_GR\LC_MESSAGES\django.mo first seen with mtime 1737108716.6880174
File C:\Users\Ireneirungu\PycharmProjects\RafikiChatbot\venv\lib\site-packages\rest_framework\locale\en\LC_MESSAGES\django.mo first seen with mtime 1737108716.6890178
File C:\Users\Ireneirungu\PycharmProjects\RafikiChatbot\venv\lib\site-packages\rest_framework\locale\en_AU\LC_MESSAGES\django.mo first seen with mtime 1737108716.6900175
File C:\Users\Ireneirungu\PycharmProjects\RafikiChatbot\venv\lib\site-packages\rest_framework\locale\en_CA\LC_MESSAGES\django.mo first seen with mtime 1737108716.6910203
File C:\Users\Ireneirungu\PycharmProjects\RafikiChatbot\venv\lib\site-packages\rest_framework\locale\en_US\LC_MESSAGES\django.mo first seen with mtime 1737108716.6920173
File C:\Users\Ireneirungu\PycharmProjects\RafikiChatbot\venv\lib\site-packages\rest_framework\locale\es\LC_MESSAGES\django.mo first seen with mtime 1737108716.6930172
File C:\Users\Ireneirungu\PycharmProjects\RafikiChatbot\venv\lib\site-packages\rest_framework\locale\et\LC_MESSAGES\django.mo first seen with mtime 1737108716.6940176
File C:\Users\Ireneirungu\PycharmProjects\RafikiChatbot\venv\lib\site-packages\rest_framework\locale\fa\LC_MESSAGES\django.mo first seen with mtime 1737108716.6940176
File C:\Users\Ireneirungu\PycharmProjects\RafikiChatbot\venv\lib\site-packages\rest_framework\locale\fa_IR\LC_MESSAGES\django.mo first seen with mtime 1737108716.6950164
File C:\Users\Ireneirungu\PycharmProjects\RafikiChatbot\venv\lib\site-packages\rest_framework\locale\fi\LC_MESSAGES\django.mo first seen with mtime 1737108716.69643
File C:\Users\Ireneirungu\PycharmProjects\RafikiChatbot\venv\lib\site-packages\rest_framework\locale\fr\LC_MESSAGES\django.mo first seen with mtime 1737108716.6974347
File C:\Users\Ireneirungu\PycharmProjects\RafikiChatbot\venv\lib\site-packages\rest_framework\locale\fr_CA\LC_MESSAGES\django.mo first seen with mtime 1737108716.698464
File C:\Users\Ireneirungu\PycharmProjects\RafikiChatbot\venv\lib\site-packages\rest_framework\locale\gl\LC_MESSAGES\django.mo first seen with mtime 1737108716.698464
File C:\Users\Ireneirungu\PycharmProjects\RafikiChatbot\venv\lib\site-packages\rest_framework\locale\gl_ES\LC_MESSAGES\django.mo first seen with mtime 1737108716.699436
File C:\Users\Ireneirungu\PycharmProjects\RafikiChatbot\venv\lib\site-packages\rest_framework\locale\he_IL\LC_MESSAGES\django.mo first seen with mtime 1737108716.7004356
File C:\Users\Ireneirungu\PycharmProjects\RafikiChatbot\venv\lib\site-packages\rest_framework\locale\hu\LC_MESSAGES\django.mo first seen with mtime 1737108716.7014353
File C:\Users\Ireneirungu\PycharmProjects\RafikiChatbot\venv\lib\site-packages\rest_framework\locale\hy\LC_MESSAGES\django.mo first seen with mtime 1737108716.702435
File C:\Users\Ireneirungu\PycharmProjects\RafikiChatbot\venv\lib\site-packages\rest_framework\locale\id\LC_MESSAGES\django.mo first seen with mtime 1737108716.7034357
File C:\Users\Ireneirungu\PycharmProjects\RafikiChatbot\venv\lib\site-packages\rest_framework\locale\it\LC_MESSAGES\django.mo first seen with mtime 1737108716.7044358
File C:\Users\Ireneirungu\PycharmProjects\RafikiChatbot\venv\lib\site-packages\rest_framework\locale\ja\LC_MESSAGES\django.mo first seen with mtime 1737108716.7044358
File C:\Users\Ireneirungu\PycharmProjects\RafikiChatbot\venv\lib\site-packages\rest_framework\locale\ko_KR\LC_MESSAGES\django.mo first seen with mtime 1737108716.705436
File C:\Users\Ireneirungu\PycharmProjects\RafikiChatbot\venv\lib\site-packages\rest_framework\locale\lt\LC_MESSAGES\django.mo first seen with mtime 1737108716.7064373
File C:\Users\Ireneirungu\PycharmProjects\RafikiChatbot\venv\lib\site-packages\rest_framework\locale\lv\LC_MESSAGES\django.mo first seen with mtime 1737108716.707436
File C:\Users\Ireneirungu\PycharmProjects\RafikiChatbot\venv\lib\site-packages\rest_framework\locale\mk\LC_MESSAGES\django.mo first seen with mtime 1737108716.7084363
File C:\Users\Ireneirungu\PycharmProjects\RafikiChatbot\venv\lib\site-packages\rest_framework\locale\nb\LC_MESSAGES\django.mo first seen with mtime 1737108716.7084363
File C:\Users\Ireneirungu\PycharmProjects\RafikiChatbot\venv\lib\site-packages\rest_framework\locale\ne_NP\LC_MESSAGES\django.mo first seen with mtime 1737108716.709436
File C:\Users\Ireneirungu\PycharmProjects\RafikiChatbot\venv\lib\site-packages\rest_framework\locale\nl\LC_MESSAGES\django.mo first seen with mtime 1737108716.7104359
File C:\Users\Ireneirungu\PycharmProjects\RafikiChatbot\venv\lib\site-packages\rest_framework\locale\nn\LC_MESSAGES\django.mo first seen with mtime 1737108716.7104359
File C:\Users\Ireneirungu\PycharmProjects\RafikiChatbot\venv\lib\site-packages\rest_framework\locale\no\LC_MESSAGES\django.mo first seen with mtime 1737108716.7114358
File C:\Users\Ireneirungu\PycharmProjects\RafikiChatbot\venv\lib\site-packages\rest_framework\locale\pl\LC_MESSAGES\django.mo first seen with mtime 1737108716.7124362
File C:\Users\Ireneirungu\PycharmProjects\RafikiChatbot\venv\lib\site-packages\rest_framework\locale\pt\LC_MESSAGES\django.mo first seen with mtime 1737108716.7124362
File C:\Users\Ireneirungu\PycharmProjects\RafikiChatbot\venv\lib\site-packages\rest_framework\locale\pt_BR\LC_MESSAGES\django.mo first seen with mtime 1737108716.713436
File C:\Users\Ireneirungu\PycharmProjects\RafikiChatbot\venv\lib\site-packages\rest_framework\locale\pt_PT\LC_MESSAGES\django.mo first seen with mtime 1737108716.714436
File C:\Users\Ireneirungu\PycharmProjects\RafikiChatbot\venv\lib\site-packages\rest_framework\locale\ro\LC_MESSAGES\django.mo first seen with mtime 1737108716.71478
File C:\Users\Ireneirungu\PycharmProjects\RafikiChatbot\venv\lib\site-packages\rest_framework\locale\ru\LC_MESSAGES\django.mo first seen with mtime 1737108716.7157857
File C:\Users\Ireneirungu\PycharmProjects\RafikiChatbot\venv\lib\site-packages\rest_framework\locale\ru_RU\LC_MESSAGES\django.mo first seen with mtime 1737108716.7157857
File C:\Users\Ireneirungu\PycharmProjects\RafikiChatbot\venv\lib\site-packages\rest_framework\locale\sk\LC_MESSAGES\django.mo first seen with mtime 1737108716.7167857
File C:\Users\Ireneirungu\PycharmProjects\RafikiChatbot\venv\lib\site-packages\rest_framework\locale\sl\LC_MESSAGES\django.mo first seen with mtime 1737108716.7177856
File C:\Users\Ireneirungu\PycharmProjects\RafikiChatbot\venv\lib\site-packages\rest_framework\locale\sv\LC_MESSAGES\django.mo first seen with mtime 1737108716.7177856
File C:\Users\Ireneirungu\PycharmProjects\RafikiChatbot\venv\lib\site-packages\rest_framework\locale\th\LC_MESSAGES\django.mo first seen with mtime 1737108716.7187853
File C:\Users\Ireneirungu\PycharmProjects\RafikiChatbot\venv\lib\site-packages\rest_framework\locale\tr\LC_MESSAGES\django.mo first seen with mtime 1737108716.719786
File C:\Users\Ireneirungu\PycharmProjects\RafikiChatbot\venv\lib\site-packages\rest_framework\locale\tr_TR\LC_MESSAGES\django.mo first seen with mtime 1737108716.720785
File C:\Users\Ireneirungu\PycharmProjects\RafikiChatbot\venv\lib\site-packages\rest_framework\locale\uk\LC_MESSAGES\django.mo first seen with mtime 1737108716.7217848
File C:\Users\Ireneirungu\PycharmProjects\RafikiChatbot\venv\lib\site-packages\rest_framework\locale\vi\LC_MESSAGES\django.mo first seen with mtime 1737108716.7217848
File C:\Users\Ireneirungu\PycharmProjects\RafikiChatbot\venv\lib\site-packages\rest_framework\locale\zh_CN\LC_MESSAGES\django.mo first seen with mtime 1737108716.7227843
File C:\Users\Ireneirungu\PycharmProjects\RafikiChatbot\venv\lib\site-packages\rest_framework\locale\zh_Hans\LC_MESSAGES\django.mo first seen with mtime 1737108716.7237835
File C:\Users\Ireneirungu\PycharmProjects\RafikiChatbot\venv\lib\site-packages\rest_framework\locale\zh_Hant\LC_MESSAGES\django.mo first seen with mtime 1737108716.7237835
File C:\Users\Ireneirungu\PycharmProjects\RafikiChatbot\venv\lib\site-packages\rest_framework\locale\zh_TW\LC_MESSAGES\django.mo first seen with mtime 1737108716.7247834
File C:\Users\Ireneirungu\PycharmProjects\RafikiChatbot\venv\lib\site-packages\rest_framework_simplejwt\locale\ar\LC_MESSAGES\django.mo first seen with mtime 1738782341.4488895
File C:\Users\Ireneirungu\PycharmProjects\RafikiChatbot\venv\lib\site-packages\rest_framework_simplejwt\locale\cs\LC_MESSAGES\django.mo first seen with mtime 1738782341.451366
File C:\Users\Ireneirungu\PycharmProjects\RafikiChatbot\venv\lib\site-packages\rest_framework_simplejwt\locale\de\LC_MESSAGES\django.mo first seen with mtime 1738782341.4566271
File C:\Users\Ireneirungu\PycharmProjects\RafikiChatbot\venv\lib\site-packages\rest_framework_simplejwt\locale\es\LC_MESSAGES\django.mo first seen with mtime 1738782341.4618583
File C:\Users\Ireneirungu\PycharmProjects\RafikiChatbot\venv\lib\site-packages\rest_framework_simplejwt\locale\es_AR\LC_MESSAGES\django.mo first seen with mtime 1738782341.4648578
File C:\Users\Ireneirungu\PycharmProjects\RafikiChatbot\venv\lib\site-packages\rest_framework_simplejwt\locale\es_CL\LC_MESSAGES\django.mo first seen with mtime 1738782341.4729762
File C:\Users\Ireneirungu\PycharmProjects\RafikiChatbot\venv\lib\site-packages\rest_framework_simplejwt\locale\fa\LC_MESSAGES\django.mo first seen with mtime 1738782341.4764514
File C:\Users\Ireneirungu\PycharmProjects\RafikiChatbot\venv\lib\site-packages\rest_framework_simplejwt\locale\fa_IR\LC_MESSAGES\django.mo first seen with mtime 1738782341.479844
File C:\Users\Ireneirungu\PycharmProjects\RafikiChatbot\venv\lib\site-packages\rest_framework_simplejwt\locale\fr\LC_MESSAGES\django.mo first seen with mtime 1738782341.4828537
File C:\Users\Ireneirungu\PycharmProjects\RafikiChatbot\venv\lib\site-packages\rest_framework_simplejwt\locale\he_IL\LC_MESSAGES\django.mo first seen with mtime 1738782341.4869878
File C:\Users\Ireneirungu\PycharmProjects\RafikiChatbot\venv\lib\site-packages\rest_framework_simplejwt\locale\id_ID\LC_MESSAGES\django.mo first seen with mtime 1738782341.4893806
File C:\Users\Ireneirungu\PycharmProjects\RafikiChatbot\venv\lib\site-packages\rest_framework_simplejwt\locale\it_IT\LC_MESSAGES\django.mo first seen with mtime 1738782341.492816
File C:\Users\Ireneirungu\PycharmProjects\RafikiChatbot\venv\lib\site-packages\rest_framework_simplejwt\locale\ko_KR\LC_MESSAGES\django.mo first seen with mtime 1738782341.4952698
File C:\Users\Ireneirungu\PycharmProjects\RafikiChatbot\venv\lib\site-packages\rest_framework_simplejwt\locale\nl_NL\LC_MESSAGES\django.mo first seen with mtime 1738782341.4978006
File C:\Users\Ireneirungu\PycharmProjects\RafikiChatbot\venv\lib\site-packages\rest_framework_simplejwt\locale\pl_PL\LC_MESSAGES\django.mo first seen with mtime 1738782341.5017698
File C:\Users\Ireneirungu\PycharmProjects\RafikiChatbot\venv\lib\site-packages\rest_framework_simplejwt\locale\pt_BR\LC_MESSAGES\django.mo first seen with mtime 1738782341.5070927
File C:\Users\Ireneirungu\PycharmProjects\RafikiChatbot\venv\lib\site-packages\rest_framework_simplejwt\locale\ro\LC_MESSAGES\django.mo first seen with mtime 1738782341.5104597
File C:\Users\Ireneirungu\PycharmProjects\RafikiChatbot\venv\lib\site-packages\rest_framework_simplejwt\locale\ru_RU\LC_MESSAGES\django.mo first seen with mtime 1738782341.513865
File C:\Users\Ireneirungu\PycharmProjects\RafikiChatbot\venv\lib\site-packages\rest_framework_simplejwt\locale\sl\LC_MESSAGES\django.mo first seen with mtime 1738782341.5189614
File C:\Users\Ireneirungu\PycharmProjects\RafikiChatbot\venv\lib\site-packages\rest_framework_simplejwt\locale\sv\LC_MESSAGES\django.mo first seen with mtime 1738782341.5214865
File C:\Users\Ireneirungu\PycharmProjects\RafikiChatbot\venv\lib\site-packages\rest_framework_simplejwt\locale\tr\LC_MESSAGES\django.mo first seen with mtime 1738782341.5260963
File C:\Users\Ireneirungu\PycharmProjects\RafikiChatbot\venv\lib\site-packages\rest_framework_simplejwt\locale\uk_UA\LC_MESSAGES\django.mo first seen with mtime 1738782341.5299487
File C:\Users\Ireneirungu\PycharmProjects\RafikiChatbot\venv\lib\site-packages\rest_framework_simplejwt\locale\zh_Hans\LC_MESSAGES\django.mo first seen with mtime 1738782341.5343566
File C:\Users\Ireneirungu\PycharmProjects\RafikiChatbot\venv\Lib\site-packages\django\contrib\auth\migrations\0001_initial.py first seen with mtime 1737108718.432746
File C:\Users\Ireneirungu\PycharmProjects\RafikiChatbot\chatbot\migrations\__init__.py first seen with mtime 1738505856.2380807
File C:\Users\Ireneirungu\PycharmProjects\RafikiChatbot\venv\Lib\site-packages\django\contrib\auth\migrations\0008_alter_user_username_max_length.py first seen with mtime 1737108718.434748
File C:\Users\Ireneirungu\PycharmProjects\RafikiChatbot\venv\Lib\site-packages\django\db\migrations\executor.py first seen with mtime 1737108719.4825866
File C:\Users\Ireneirungu\PycharmProjects\RafikiChatbot\venv\Lib\site-packages\django\core\cache\backends\locmem.py first seen with mtime 1737108719.4181447
File C:\Users\Ireneirungu\PycharmProjects\RafikiChatbot\venv\Lib\site-packages\django\contrib\contenttypes\migrations\__init__.py first seen with mtime 1737108718.5408187
File C:\Users\Ireneirungu\PycharmProjects\RafikiChatbot\venv\Lib\site-packages\django\db\migrations\loader.py first seen with mtime 1737108719.4825866
File C:\Users\Ireneirungu\PycharmProjects\RafikiChatbot\venv\Lib\site-packages\django\contrib\auth\migrations\0010_alter_group_name_max_length.py first seen with mtime 1737108718.435748
File C:\Users\Ireneirungu\PycharmProjects\RafikiChatbot\venv\Lib\site-packages\django\contrib\contenttypes\migrations\0002_remove_content_type_name.py first seen with mtime 1737108718.5398185
File C:\Users\Ireneirungu\PycharmProjects\RafikiChatbot\venv\Lib\site-packages\django\contrib\auth\migrations\0006_require_contenttypes_0002.py first seen with mtime 1737108718.4337478
File C:\Users\Ireneirungu\PycharmProjects\RafikiChatbot\venv\Lib\site-packages\django\contrib\auth\migrations\0002_alter_permission_name_max_length.py first seen with mtime 1737108718.432746
File C:\Users\Ireneirungu\PycharmProjects\RafikiChatbot\core\wsgi.py first seen with mtime 1738505856.243953
File C:\Users\Ireneirungu\PycharmProjects\RafikiChatbot\venv\Lib\site-packages\django\contrib\sessions\backends\db.py first seen with mtime 1737108719.1839561
File C:\Users\Ireneirungu\PycharmProjects\RafikiChatbot\venv\Lib\site-packages\django\contrib\sessions\migrations\__init__.py first seen with mtime 1737108719.2922096
File C:\Users\Ireneirungu\PycharmProjects\RafikiChatbot\venv\Lib\site-packages\django\db\migrations\recorder.py first seen with mtime 1737108719.4845872
File C:\Users\Ireneirungu\PycharmProjects\RafikiChatbot\venv\Lib\site-packages\django\contrib\contenttypes\migrations\0001_initial.py first seen with mtime 1737108718.5398185
File C:\Users\Ireneirungu\PycharmProjects\RafikiChatbot\venv\Lib\site-packages\django\contrib\admin\migrations\0003_logentry_add_action_flag_choices.py first seen with mtime 1737108718.1349058
File C:\Users\Ireneirungu\PycharmProjects\RafikiChatbot\venv\Lib\site-packages\django\contrib\auth\migrations\0005_alter_user_last_login_null.py first seen with mtime 1737108718.4337478
File C:\Users\Ireneirungu\PycharmProjects\RafikiChatbot\venv\Lib\site-packages\django\contrib\auth\migrations\0004_alter_user_username_opts.py first seen with mtime 1737108718.4337478
File C:\Users\Ireneirungu\PycharmProjects\RafikiChatbot\venv\Lib\site-packages\django\middleware\clickjacking.py first seen with mtime 1737108719.5527613
File C:\Users\Ireneirungu\PycharmProjects\RafikiChatbot\venv\Lib\site-packages\django\contrib\admin\migrations\__init__.py first seen with mtime 1737108718.1349058
File C:\Users\Ireneirungu\PycharmProjects\RafikiChatbot\venv\Lib\site-packages\django\contrib\sessions\migrations\0001_initial.py first seen with mtime 1737108719.2922096
File C:\Users\Ireneirungu\PycharmProjects\RafikiChatbot\venv\Lib\site-packages\django\contrib\auth\migrations\__init__.py first seen with mtime 1737108718.4367483
File C:\Users\Ireneirungu\PycharmProjects\RafikiChatbot\venv\Lib\site-packages\django\contrib\auth\migrations\0003_alter_user_email_max_length.py first seen with mtime 1737108718.432746
File C:\Users\Ireneirungu\PycharmProjects\RafikiChatbot\venv\Lib\site-packages\django\contrib\auth\migrations\0012_alter_user_first_name_max_length.py first seen with mtime 1737108718.4367483
File C:\Users\Ireneirungu\PycharmProjects\RafikiChatbot\venv\Lib\site-packages\django\contrib\auth\migrations\0011_update_proxy_permissions.py first seen with mtime 1737108718.435748
File C:\Users\Ireneirungu\PycharmProjects\RafikiChatbot\venv\Lib\site-packages\django\db\migrations\graph.py first seen with mtime 1737108719.4825866
File C:\Users\Ireneirungu\PycharmProjects\RafikiChatbot\venv\Lib\site-packages\django\contrib\auth\migrations\0007_alter_validators_add_error_messages.py first seen with mtime 1737108718.434748
File C:\Users\Ireneirungu\PycharmProjects\RafikiChatbot\venv\Lib\site-packages\django\contrib\admin\migrations\0002_logentry_remove_auto_add.py first seen with mtime 1737108718.1349058
File C:\Users\Ireneirungu\PycharmProjects\RafikiChatbot\venv\Lib\site-packages\django\contrib\auth\migrations\0009_alter_user_last_name_max_length.py first seen with mtime 1737108718.434748
File C:\Users\Ireneirungu\PycharmProjects\RafikiChatbot\venv\Lib\site-packages\django\contrib\admin\migrations\0001_initial.py first seen with mtime 1737108718.1339056
"GET / HTTP/1.1" 200 644
"GET /static/css/main.f87b11ef.css HTTP/1.1" 200 15769
"GET /static/js/main.c890551c.js HTTP/1.1" 200 276756
"GET /static/css/main.f87b11ef.css.map HTTP/1.1" 304 0
"GET /static/js/main.c890551c.js.map HTTP/1.1" 304 0
"GET /chat_history/?user_id=67a2957544ba85ddd7d42af5 HTTP/1.1" 200 35096
Exception while resolving variable 'name' in template 'unknown'.
Traceback (most recent call last):
  File "C:\Users\Ireneirungu\PycharmProjects\RafikiChatbot\venv\lib\site-packages\django\core\handlers\exception.py", line 55, in inner
    response = get_response(request)
  File "C:\Users\Ireneirungu\PycharmProjects\RafikiChatbot\venv\lib\site-packages\django\core\handlers\base.py", line 181, in _get_response
    callback, callback_args, callback_kwargs = self.resolve_request(request)
  File "C:\Users\Ireneirungu\PycharmProjects\RafikiChatbot\venv\lib\site-packages\django\core\handlers\base.py", line 313, in resolve_request
    resolver_match = resolver.resolve(request.path_info)
  File "C:\Users\Ireneirungu\PycharmProjects\RafikiChatbot\venv\lib\site-packages\django\urls\resolvers.py", line 702, in resolve
    raise Resolver404({"tried": tried, "path": new_path})
django.urls.exceptions.Resolver404: {'tried': [[<URLPattern 'api/token/' [name='token_obtain_pair']>], [<URLPattern 'api/token/refresh/' [name='token_refresh']>], [<URLResolver <URLPattern list> (admin:admin) 'admin/'>], [<URLResolver <module 'chatbot.urls' from 'C:\\Users\\Ireneirungu\\PycharmProjects\\RafikiChatbot\\chatbot\\urls.py'> (None:None) ''>, <URLPattern 'chatbot/' [name='chatbot']>], [<URLResolver <module 'chatbot.urls' from 'C:\\Users\\Ireneirungu\\PycharmProjects\\RafikiChatbot\\chatbot\\urls.py'> (None:None) ''>, <URLPattern 'save_history/' [name='save_record']>], [<URLResolver <module 'chatbot.urls' from 'C:\\Users\\Ireneirungu\\PycharmProjects\\RafikiChatbot\\chatbot\\urls.py'> (None:None) ''>, <URLPattern '' [name='index']>], [<URLResolver <module 'chatbot.urls' from 'C:\\Users\\Ireneirungu\\PycharmProjects\\RafikiChatbot\\chatbot\\urls.py'> (None:None) ''>, <URLPattern 'chat_history/' [name='chat_history']>], [<URLResolver <module 'chatbot.urls' from 'C:\\Users\\Ireneirungu\\PycharmProjects\\RafikiChatbot\\chatbot\\urls.py'> (None:None) ''>, <URLPattern 'get_csrf_token/' [name='get_csrf_token']>], [<URLResolver <module 'chatbot.urls' from 'C:\\Users\\Ireneirungu\\PycharmProjects\\RafikiChatbot\\chatbot\\urls.py'> (None:None) ''>, <URLPattern 'signup/' [name='register']>], [<URLResolver <module 'chatbot.urls' from 'C:\\Users\\Ireneirungu\\PycharmProjects\\RafikiChatbot\\chatbot\\urls.py'> (None:None) ''>, <URLPattern 'login/' [name='login']>]], 'path': 'manifest.json'}

During handling of the above exception, another exception occurred:

Traceback (most recent call last):
  File "C:\Users\Ireneirungu\PycharmProjects\RafikiChatbot\venv\lib\site-packages\django\template\base.py", line 880, in _resolve_lookup
    current = current[bit]
TypeError: 'URLResolver' object is not subscriptable

During handling of the above exception, another exception occurred:

Traceback (most recent call last):
  File "C:\Users\Ireneirungu\PycharmProjects\RafikiChatbot\venv\lib\site-packages\django\template\base.py", line 890, in _resolve_lookup
    current = getattr(current, bit)
AttributeError: 'URLResolver' object has no attribute 'name'

During handling of the above exception, another exception occurred:

Traceback (most recent call last):
  File "C:\Users\Ireneirungu\PycharmProjects\RafikiChatbot\venv\lib\site-packages\django\template\base.py", line 896, in _resolve_lookup
    current = current[int(bit)]
ValueError: invalid literal for int() with base 10: 'name'

During handling of the above exception, another exception occurred:

Traceback (most recent call last):
  File "C:\Users\Ireneirungu\PycharmProjects\RafikiChatbot\venv\lib\site-packages\django\template\base.py", line 903, in _resolve_lookup
    raise VariableDoesNotExist(
django.template.base.VariableDoesNotExist: Failed lookup for key [name] in <URLResolver <URLPattern list> (admin:admin) 'admin/'>
Exception while resolving variable 'name' in template 'unknown'.
Traceback (most recent call last):
  File "C:\Users\Ireneirungu\PycharmProjects\RafikiChatbot\venv\lib\site-packages\django\core\handlers\exception.py", line 55, in inner
    response = get_response(request)
  File "C:\Users\Ireneirungu\PycharmProjects\RafikiChatbot\venv\lib\site-packages\django\core\handlers\base.py", line 181, in _get_response
    callback, callback_args, callback_kwargs = self.resolve_request(request)
  File "C:\Users\Ireneirungu\PycharmProjects\RafikiChatbot\venv\lib\site-packages\django\core\handlers\base.py", line 313, in resolve_request
    resolver_match = resolver.resolve(request.path_info)
  File "C:\Users\Ireneirungu\PycharmProjects\RafikiChatbot\venv\lib\site-packages\django\urls\resolvers.py", line 702, in resolve
    raise Resolver404({"tried": tried, "path": new_path})
django.urls.exceptions.Resolver404: {'tried': [[<URLPattern 'api/token/' [name='token_obtain_pair']>], [<URLPattern 'api/token/refresh/' [name='token_refresh']>], [<URLResolver <URLPattern list> (admin:admin) 'admin/'>], [<URLResolver <module 'chatbot.urls' from 'C:\\Users\\Ireneirungu\\PycharmProjects\\RafikiChatbot\\chatbot\\urls.py'> (None:None) ''>, <URLPattern 'chatbot/' [name='chatbot']>], [<URLResolver <module 'chatbot.urls' from 'C:\\Users\\Ireneirungu\\PycharmProjects\\RafikiChatbot\\chatbot\\urls.py'> (None:None) ''>, <URLPattern 'save_history/' [name='save_record']>], [<URLResolver <module 'chatbot.urls' from 'C:\\Users\\Ireneirungu\\PycharmProjects\\RafikiChatbot\\chatbot\\urls.py'> (None:None) ''>, <URLPattern '' [name='index']>], [<URLResolver <module 'chatbot.urls' from 'C:\\Users\\Ireneirungu\\PycharmProjects\\RafikiChatbot\\chatbot\\urls.py'> (None:None) ''>, <URLPattern 'chat_history/' [name='chat_history']>], [<URLResolver <module 'chatbot.urls' from 'C:\\Users\\Ireneirungu\\PycharmProjects\\RafikiChatbot\\chatbot\\urls.py'> (None:None) ''>, <URLPattern 'get_csrf_token/' [name='get_csrf_token']>], [<URLResolver <module 'chatbot.urls' from 'C:\\Users\\Ireneirungu\\PycharmProjects\\RafikiChatbot\\chatbot\\urls.py'> (None:None) ''>, <URLPattern 'signup/' [name='register']>], [<URLResolver <module 'chatbot.urls' from 'C:\\Users\\Ireneirungu\\PycharmProjects\\RafikiChatbot\\chatbot\\urls.py'> (None:None) ''>, <URLPattern 'login/' [name='login']>]], 'path': 'favicon.ico'}

During handling of the above exception, another exception occurred:

Traceback (most recent call last):
  File "C:\Users\Ireneirungu\PycharmProjects\RafikiChatbot\venv\lib\site-packages\django\template\base.py", line 880, in _resolve_lookup
    current = current[bit]
TypeError: 'URLResolver' object is not subscriptable

During handling of the above exception, another exception occurred:

Traceback (most recent call last):
  File "C:\Users\Ireneirungu\PycharmProjects\RafikiChatbot\venv\lib\site-packages\django\template\base.py", line 890, in _resolve_lookup
    current = getattr(current, bit)
AttributeError: 'URLResolver' object has no attribute 'name'

During handling of the above exception, another exception occurred:

Traceback (most recent call last):
  File "C:\Users\Ireneirungu\PycharmProjects\RafikiChatbot\venv\lib\site-packages\django\template\base.py", line 896, in _resolve_lookup
    current = current[int(bit)]
ValueError: invalid literal for int() with base 10: 'name'

During handling of the above exception, another exception occurred:

Traceback (most recent call last):
  File "C:\Users\Ireneirungu\PycharmProjects\RafikiChatbot\venv\lib\site-packages\django\template\base.py", line 903, in _resolve_lookup
    raise VariableDoesNotExist(
django.template.base.VariableDoesNotExist: Failed lookup for key [name] in <URLResolver <URLPattern list> (admin:admin) 'admin/'>
Not Found: /manifest.json
Not Found: /favicon.ico
"GET /manifest.json HTTP/1.1" 404 3606
"GET /favicon.ico HTTP/1.1" 404 3600
File C:\Users\Ireneirungu\PycharmProjects\RafikiChatbot\venv\Lib\site-packages\django\contrib\messages\storage\cookie.py first seen with mtime 1737108718.9718716
File C:\Users\Ireneirungu\PycharmProjects\RafikiChatbot\venv\Lib\site-packages\django\contrib\auth\context_processors.py first seen with mtime 1737108718.3218997
File C:\Users\Ireneirungu\PycharmProjects\RafikiChatbot\venv\Lib\site-packages\django\contrib\messages\storage\fallback.py first seen with mtime 1737108718.9730825
File C:\Users\Ireneirungu\PycharmProjects\RafikiChatbot\venv\Lib\site-packages\django\contrib\sessions\serializers.py first seen with mtime 1737108719.1814911
File C:\Users\Ireneirungu\PycharmProjects\RafikiChatbot\venv\Lib\site-packages\django\contrib\messages\context_processors.py first seen with mtime 1737108718.9699283
File C:\Users\Ireneirungu\PycharmProjects\RafikiChatbot\venv\Lib\site-packages\django\contrib\messages\storage\session.py first seen with mtime 1737108718.9730825
File C:\Users\Ireneirungu\PycharmProjects\RafikiChatbot\venv\Lib\site-packages\django\template\context_processors.py first seen with mtime 1737108719.5566967
File C:\Users\Ireneirungu\PycharmProjects\RafikiChatbot\venv\Lib\site-packages\mongoengine\dereference.py first seen with mtime 1734694514.404484
"POST /login/ HTTP/1.1" 200 238
"GET /chat_history/?user_id=67a2957544ba85ddd7d42af5 HTTP/1.1" 200 35096
chat_id: None, user: AnonymousUser
Invalid chat_id: undefined
Bad Request: /chatbot/
"POST /chatbot/ HTTP/1.1" 400 28
File C:\Users\Ireneirungu\PycharmProjects\RafikiChatbot\chatbot\views.py previous mtime: 1742638122.6096342, current mtime: 1742638273.1509566
C:\Users\Ireneirungu\PycharmProjects\RafikiChatbot\chatbot\views.py notified as changed. Signal results: [(<function template_changed at 0x00000205681E5820>, None), (<function translation_file_changed at 0x0000020568F5B3A0>, None)].
C:\Users\Ireneirungu\PycharmProjects\RafikiChatbot\chatbot\views.py changed, reloading.
Watching for file changes with StatReloader
Waiting for apps ready_event.
Apps ready_event triggered. Sending autoreload_started signal.
Watching dir C:\Users\Ireneirungu\PycharmProjects\RafikiChatbot\venv\lib\site-packages\rest_framework\templates with glob **/*.
Watching dir C:\Users\Ireneirungu\PycharmProjects\RafikiChatbot\static\build with glob **/*.
Watching dir C:\Users\Ireneirungu\PycharmProjects\RafikiChatbot\locale with glob **/*.mo.
Watching dir C:\Users\Ireneirungu\PycharmProjects\RafikiChatbot\chatbot\locale with glob **/*.mo.
Watching dir C:\Users\Ireneirungu\PycharmProjects\RafikiChatbot\venv\lib\site-packages\corsheaders\locale with glob **/*.mo.
Watching dir C:\Users\Ireneirungu\PycharmProjects\RafikiChatbot\venv\lib\site-packages\mongoengine\locale with glob **/*.mo.
Watching dir C:\Users\Ireneirungu\PycharmProjects\RafikiChatbot\venv\lib\site-packages\rest_framework\locale with glob **/*.mo.
Watching dir C:\Users\Ireneirungu\PycharmProjects\RafikiChatbot\venv\lib\site-packages\rest_framework_simplejwt\locale with glob **/*.mo.
File C:\Users\Ireneirungu\PycharmProjects\RafikiChatbot\venv\Lib\site-packages\pymongo\response.py first seen with mtime 1734681582.7703552
File C:\Users\Ireneirungu\PycharmProjects\RafikiChatbot\venv\Lib\site-packages\django\contrib\auth\__init__.py first seen with mtime 1737108718.3189018
File C:\Users\Ireneirungu\PycharmProjects\RafikiChatbot\venv\Lib\site-packages\django\core\files\locks.py first seen with mtime 1737108719.4280593
File C:\Users\Ireneirungu\PycharmProjects\RafikiChatbot\venv\Lib\site-packages\pymongo\server_selectors.py first seen with mtime 1734681582.7733822
File C:\Users\Ireneirungu\PycharmProjects\RafikiChatbot\venv\Lib\site-packages\django\http\response.py first seen with mtime 1737108719.5507414
File C:\Users\Ireneirungu\PycharmProjects\RafikiChatbot\venv\Lib\site-packages\sqlparse\lexer.py first seen with mtime 1734690958.506648
File C:\Users\Ireneirungu\PycharmProjects\RafikiChatbot\venv\Lib\site-packages\asgiref\current_thread_executor.py first seen with mtime 1734350002.7213967
File C:\Users\Ireneirungu\AppData\Local\Programs\Python\Python39\Lib\socketserver.py first seen with mtime 1652795110.0
File C:\Users\Ireneirungu\AppData\Local\Programs\Python\Python39\Lib\xml\__init__.py first seen with mtime 1652795112.0
File C:\Users\Ireneirungu\PycharmProjects\RafikiChatbot\venv\Lib\site-packages\urllib3\util\request.py first seen with mtime 1734352373.6236277
File C:\Users\Ireneirungu\PycharmProjects\RafikiChatbot\venv\Lib\site-packages\django\db\backends\base\creation.py first seen with mtime 1737108719.460562
File C:\Users\Ireneirungu\PycharmProjects\RafikiChatbot\venv\Lib\site-packages\django\utils\ipv6.py first seen with mtime 1737108719.5864735
File C:\Users\Ireneirungu\AppData\Local\Programs\Python\Python39\Lib\http\cookiejar.py first seen with mtime 1652795110.0
File C:\Users\Ireneirungu\AppData\Local\Programs\Python\Python39\Lib\pkgutil.py first seen with mtime 1652795110.0
File C:\Users\Ireneirungu\PycharmProjects\RafikiChatbot\venv\Lib\site-packages\urllib3\contrib\__init__.py first seen with mtime 1734352373.611935
File C:\Users\Ireneirungu\PycharmProjects\RafikiChatbot\venv\Lib\site-packages\mongoengine\fields.py first seen with mtime 1734694514.409696
File C:\Users\Ireneirungu\AppData\Local\Programs\Python\Python39\Lib\wsgiref\headers.py first seen with mtime 1652795112.0
File C:\Users\Ireneirungu\PycharmProjects\RafikiChatbot\venv\Lib\site-packages\rest_framework\response.py first seen with mtime 1737108716.6689925
File C:\Users\Ireneirungu\PycharmProjects\RafikiChatbot\venv\Lib\site-packages\pymongo\database.py first seen with mtime 1734681582.7543666
File C:\Users\Ireneirungu\PycharmProjects\RafikiChatbot\venv\Lib\site-packages\pymongo\settings.py first seen with mtime 1734681582.7747476
File C:\Users\Ireneirungu\AppData\Local\Programs\Python\Python39\Lib\html\__init__.py first seen with mtime 1652795110.0
File C:\Users\Ireneirungu\PycharmProjects\RafikiChatbot\venv\Lib\site-packages\django\core\handlers\exception.py first seen with mtime 1737108719.4335313
File C:\Users\Ireneirungu\AppData\Local\Programs\Python\Python39\Lib\email\_header_value_parser.py first seen with mtime 1652795110.0
File C:\Users\Ireneirungu\PycharmProjects\RafikiChatbot\venv\Lib\site-packages\django\core\checks\translation.py first seen with mtime 1737108719.4237895
File C:\Users\Ireneirungu\PycharmProjects\RafikiChatbot\venv\Lib\site-packages\django\contrib\messages\api.py first seen with mtime 1737108718.9679291
File C:\Users\Ireneirungu\PycharmProjects\RafikiChatbot\venv\Lib\site-packages\django\utils\lorem_ipsum.py first seen with mtime 1737108719.5874784
File C:\Users\Ireneirungu\PycharmProjects\RafikiChatbot\venv\Lib\site-packages\django\contrib\sessions\exceptions.py first seen with mtime 1737108719.1804903
File C:\Users\Ireneirungu\PycharmProjects\RafikiChatbot\venv\Lib\site-packages\django\core\cache\backends\base.py first seen with mtime 1737108719.4166954
File C:\Users\Ireneirungu\PycharmProjects\RafikiChatbot\venv\Lib\site-packages\django\core\serializers\base.py first seen with mtime 1737108719.4525635
File C:\Users\Ireneirungu\AppData\Local\Programs\Python\Python39\Lib\email\contentmanager.py first seen with mtime 1652795110.0
File C:\Users\Ireneirungu\AppData\Local\Programs\Python\Python39\Lib\re.py first seen with mtime 1652795110.0
File C:\Users\Ireneirungu\AppData\Local\Programs\Python\Python39\Lib\email\__init__.py first seen with mtime 1652795110.0
File C:\Users\Ireneirungu\PycharmProjects\RafikiChatbot\venv\Lib\site-packages\django\contrib\messages\utils.py first seen with mtime 1737108718.9699283
File C:\Users\Ireneirungu\PycharmProjects\RafikiChatbot\venv\Lib\site-packages\bson\int64.py first seen with mtime 1734681582.721972
File C:\Users\Ireneirungu\AppData\Local\Programs\Python\Python39\Lib\dataclasses.py first seen with mtime 1652795110.0
File C:\Users\Ireneirungu\PycharmProjects\RafikiChatbot\venv\Lib\site-packages\asgiref\__init__.py first seen with mtime 1734350002.720843
File C:\Users\Ireneirungu\PycharmProjects\RafikiChatbot\venv\Lib\site-packages\django\contrib\sessions\apps.py first seen with mtime 1737108719.1794913
File C:\Users\Ireneirungu\PycharmProjects\RafikiChatbot\venv\Lib\site-packages\rest_framework\schemas\openapi.py first seen with mtime 1737108716.7288504
File C:\Users\Ireneirungu\AppData\Local\Programs\Python\Python39\Lib\_compat_pickle.py first seen with mtime 1652795110.0
File C:\Users\Ireneirungu\PycharmProjects\RafikiChatbot\venv\Lib\site-packages\django\core\serializers\__init__.py first seen with mtime 1737108719.4525635
File C:\Users\Ireneirungu\AppData\Local\Programs\Python\Python39\Lib\locale.py first seen with mtime 1652795110.0
File C:\Users\Ireneirungu\PycharmProjects\RafikiChatbot\venv\Lib\site-packages\django\__init__.py first seen with mtime 1737108717.7501402
File C:\Users\Ireneirungu\PycharmProjects\RafikiChatbot\venv\Lib\site-packages\bson\regex.py first seen with mtime 1734681582.726139
File C:\Users\Ireneirungu\AppData\Local\Programs\Python\Python39\Lib\tokenize.py first seen with mtime 1652795112.0
File C:\Users\Ireneirungu\PycharmProjects\RafikiChatbot\venv\Lib\site-packages\django\db\backends\dummy\features.py first seen with mtime 1737108719.4635618
File C:\Users\Ireneirungu\PycharmProjects\RafikiChatbot\venv\Lib\site-packages\django\utils\translation\__init__.py first seen with mtime 1737108719.5924785
File C:\Users\Ireneirungu\PycharmProjects\RafikiChatbot\venv\Lib\site-packages\django\core\exceptions.py first seen with mtime 1737108719.4138215
File C:\Users\Ireneirungu\PycharmProjects\RafikiChatbot\venv\Lib\site-packages\django\views\decorators\cache.py first seen with mtime 1737108719.5984783
File C:\Users\Ireneirungu\PycharmProjects\RafikiChatbot\venv\Lib\site-packages\mongoengine\signals.py first seen with mtime 1734694514.4143317
File C:\Users\Ireneirungu\PycharmProjects\RafikiChatbot\venv\Lib\site-packages\jwt\utils.py first seen with mtime 1738679958.2414734
File C:\Users\Ireneirungu\PycharmProjects\RafikiChatbot\venv\Lib\site-packages\django\contrib\staticfiles\views.py first seen with mtime 1737108719.408871
File C:\Users\Ireneirungu\PycharmProjects\RafikiChatbot\venv\Lib\site-packages\django\core\checks\templates.py first seen with mtime 1737108719.4222894
File C:\Users\Ireneirungu\PycharmProjects\RafikiChatbot\venv\Lib\site-packages\rest_framework_simplejwt\authentication.py first seen with mtime 1738782341.4356258
File C:\Users\Ireneirungu\PycharmProjects\RafikiChatbot\venv\Lib\site-packages\pymongo\__init__.py first seen with mtime 1734681582.7291164
File C:\Users\Ireneirungu\AppData\Local\Programs\Python\Python39\Lib\email\errors.py first seen with mtime 1652795110.0
File C:\Users\Ireneirungu\PycharmProjects\RafikiChatbot\venv\Lib\site-packages\django\core\management\sql.py first seen with mtime 1737108719.4405317
File C:\Users\Ireneirungu\PycharmProjects\RafikiChatbot\venv\Lib\site-packages\rest_framework\utils\field_mapping.py first seen with mtime 1737108716.7795384
File C:\Users\Ireneirungu\PycharmProjects\RafikiChatbot\venv\Lib\site-packages\django\utils\deprecation.py first seen with mtime 1737108719.5825505
File C:\Users\Ireneirungu\PycharmProjects\RafikiChatbot\core\urls.py first seen with mtime 1738782543.9474359
File C:\Users\Ireneirungu\AppData\Local\Programs\Python\Python39\Lib\bisect.py first seen with mtime 1652795110.0
File C:\Users\Ireneirungu\PycharmProjects\RafikiChatbot\venv\Lib\site-packages\django\utils\dateformat.py first seen with mtime 1737108719.5796971
File C:\Users\Ireneirungu\PycharmProjects\RafikiChatbot\venv\Lib\site-packages\django\contrib\admin\utils.py first seen with mtime 1737108717.9417253
File C:\Users\Ireneirungu\PycharmProjects\RafikiChatbot\venv\Lib\site-packages\requests\sessions.py first seen with mtime 1734352374.2122855
File C:\Users\Ireneirungu\PycharmProjects\RafikiChatbot\venv\Lib\site-packages\django\utils\asyncio.py first seen with mtime 1737108719.5766966
File C:\Users\Ireneirungu\AppData\Local\Programs\Python\Python39\DLLs\_overlapped.pyd first seen with mtime 1652795162.0
File C:\Users\Ireneirungu\AppData\Local\Programs\Python\Python39\Lib\asyncio\coroutines.py first seen with mtime 1652795110.0
File C:\Users\Ireneirungu\AppData\Local\Programs\Python\Python39\Lib\mimetypes.py first seen with mtime 1652795110.0
File C:\Users\Ireneirungu\PycharmProjects\RafikiChatbot\venv\Lib\site-packages\django\contrib\sessions\backends\__init__.py first seen with mtime 1737108719.182492
File C:\Users\Ireneirungu\PycharmProjects\RafikiChatbot\venv\Lib\site-packages\django\forms\__init__.py first seen with mtime 1737108719.5099068
File C:\Users\Ireneirungu\PycharmProjects\RafikiChatbot\venv\Lib\site-packages\django\template\defaulttags.py first seen with mtime 1737108719.5576987
File C:\Users\Ireneirungu\PycharmProjects\RafikiChatbot\venv\Lib\site-packages\requests\auth.py first seen with mtime 1734352374.2056248
File C:\Users\Ireneirungu\PycharmProjects\RafikiChatbot\venv\Lib\site-packages\django\contrib\auth\hashers.py first seen with mtime 1737108718.3238997
File C:\Users\Ireneirungu\AppData\Local\Programs\Python\Python39\Lib\heapq.py first seen with mtime 1652795110.0
File C:\Users\Ireneirungu\PycharmProjects\RafikiChatbot\venv\Lib\site-packages\werkzeug\datastructures\cache_control.py first seen with mtime 1738677770.434963
File C:\Users\Ireneirungu\PycharmProjects\RafikiChatbot\venv\Lib\site-packages\django\core\checks\compatibility\django_4_0.py first seen with mtime 1737108719.4237895
File C:\Users\Ireneirungu\PycharmProjects\RafikiChatbot\venv\Lib\site-packages\django\db\models\__init__.py first seen with mtime 1737108719.4895866
File C:\Users\Ireneirungu\PycharmProjects\RafikiChatbot\venv\Lib\site-packages\django\templatetags\tz.py first seen with mtime 1737108719.5676963
File C:\Users\Ireneirungu\PycharmProjects\RafikiChatbot\venv\Lib\site-packages\django\db\models\functions\comparison.py first seen with mtime 1737108719.5019038
File C:\Users\Ireneirungu\PycharmProjects\RafikiChatbot\venv\Lib\site-packages\requests\exceptions.py first seen with mtime 1734352374.2086258
File C:\Users\Ireneirungu\PycharmProjects\RafikiChatbot\venv\Lib\site-packages\django\contrib\staticfiles\finders.py first seen with mtime 1737108719.4064355
File C:\Users\Ireneirungu\AppData\Local\Programs\Python\Python39\Lib\contextvars.py first seen with mtime 1652795110.0
File C:\Users\Ireneirungu\PycharmProjects\RafikiChatbot\venv\Lib\site-packages\werkzeug\wrappers\__init__.py first seen with mtime 1738677770.483569
File C:\Users\Ireneirungu\PycharmProjects\RafikiChatbot\venv\Lib\site-packages\gridfs\grid_file.py first seen with mtime 1734681582.7291164
File C:\Users\Ireneirungu\AppData\Local\Programs\Python\Python39\Lib\pprint.py first seen with mtime 1652795110.0
File C:\Users\Ireneirungu\AppData\Local\Programs\Python\Python39\Lib\asyncio\windows_events.py first seen with mtime 1652795110.0
File C:\Users\Ireneirungu\AppData\Local\Programs\Python\Python39\Lib\configparser.py first seen with mtime 1652795110.0
File C:\Users\Ireneirungu\PycharmProjects\RafikiChatbot\venv\Lib\site-packages\werkzeug\datastructures\accept.py first seen with mtime 1738677770.431963
File C:\Users\Ireneirungu\AppData\Local\Programs\Python\Python39\Lib\gettext.py first seen with mtime 1652795110.0
File C:\Users\Ireneirungu\AppData\Local\Programs\Python\Python39\Lib\base64.py first seen with mtime 1652795110.0
File C:\Users\Ireneirungu\PycharmProjects\RafikiChatbot\venv\Lib\site-packages\django\contrib\contenttypes\views.py first seen with mtime 1737108718.4405098
File C:\Users\Ireneirungu\AppData\Local\Programs\Python\Python39\Lib\ssl.py first seen with mtime 1652795110.0
File C:\Users\Ireneirungu\PycharmProjects\RafikiChatbot\venv\Lib\site-packages\django\contrib\staticfiles\checks.py first seen with mtime 1737108719.4064355
File C:\Users\Ireneirungu\PycharmProjects\RafikiChatbot\venv\Lib\site-packages\django\db\migrations\migration.py first seen with mtime 1737108719.483587
File C:\Users\Ireneirungu\AppData\Local\Programs\Python\Python39\Lib\asyncio\base_futures.py first seen with mtime 1652795110.0
File C:\Users\Ireneirungu\PycharmProjects\RafikiChatbot\venv\Lib\site-packages\django\views\csrf.py first seen with mtime 1737108719.5954783
File C:\Users\Ireneirungu\PycharmProjects\RafikiChatbot\venv\Lib\site-packages\django\db\backends\__init__.py first seen with mtime 1737108719.4575617
File C:\Users\Ireneirungu\AppData\Local\Programs\Python\Python39\Lib\asyncio\streams.py first seen with mtime 1652795110.0
File C:\Users\Ireneirungu\PycharmProjects\RafikiChatbot\venv\Lib\site-packages\django\db\models\fields\reverse_related.py first seen with mtime 1737108719.5009031
File C:\Users\Ireneirungu\PycharmProjects\RafikiChatbot\venv\Lib\site-packages\django\core\files\storage\mixins.py first seen with mtime 1737108719.432527
File C:\Users\Ireneirungu\AppData\Local\Programs\Python\Python39\Lib\logging\config.py first seen with mtime 1652795110.0
File C:\Users\Ireneirungu\AppData\Local\Programs\Python\Python39\Lib\zoneinfo\_tzpath.py first seen with mtime 1652795112.0
File C:\Users\Ireneirungu\PycharmProjects\RafikiChatbot\venv\Lib\site-packages\pytz\tzinfo.py first seen with mtime 1734681582.3648672
File C:\Users\Ireneirungu\PycharmProjects\RafikiChatbot\venv\Lib\site-packages\urllib3\util\wait.py first seen with mtime 1734352373.6307192
File C:\Users\Ireneirungu\AppData\Local\Programs\Python\Python39\Lib\ctypes\__init__.py first seen with mtime 1652795110.0
File C:\Users\Ireneirungu\PycharmProjects\RafikiChatbot\venv\Lib\site-packages\django\db\backends\postgresql\__init__.py first seen with mtime 1737108719.4735818
File C:\Users\Ireneirungu\PycharmProjects\RafikiChatbot\venv\Lib\site-packages\django\core\management\color.py first seen with mtime 1737108719.4395316
File C:\Users\Ireneirungu\PycharmProjects\RafikiChatbot\venv\Lib\site-packages\django\urls\resolvers.py first seen with mtime 1737108719.5746963
File C:\Users\Ireneirungu\PycharmProjects\RafikiChatbot\venv\Lib\site-packages\django\db\models\aggregates.py first seen with mtime 1737108719.4900002
File C:\Users\Ireneirungu\PycharmProjects\RafikiChatbot\venv\Lib\site-packages\django\core\files\temp.py first seen with mtime 1737108719.4280593
File C:\Users\Ireneirungu\PycharmProjects\RafikiChatbot\venv\Lib\site-packages\pymongo\mongo_replica_set_client.py first seen with mtime 1734681582.7643583
File C:\Users\Ireneirungu\PycharmProjects\RafikiChatbot\venv\Lib\site-packages\django\contrib\contenttypes\admin.py first seen with mtime 1737108718.4385047
File C:\Users\Ireneirungu\AppData\Local\Programs\Python\Python39\Lib\asyncio\trsock.py first seen with mtime 1652795110.0
File C:\Users\Ireneirungu\PycharmProjects\RafikiChatbot\venv\Lib\site-packages\django\templatetags\__init__.py first seen with mtime 1737108719.5656953
File C:\Users\Ireneirungu\PycharmProjects\RafikiChatbot\venv\Lib\site-packages\django\contrib\contenttypes\fields.py first seen with mtime 1737108718.4395099
File C:\Users\Ireneirungu\PycharmProjects\RafikiChatbot\venv\Lib\site-packages\django\http\multipartparser.py first seen with mtime 1737108719.5497415
File C:\Users\Ireneirungu\PycharmProjects\RafikiChatbot\venv\Lib\site-packages\django\db\models\enums.py first seen with mtime 1737108719.4918983
File C:\Users\Ireneirungu\AppData\Local\Programs\Python\Python39\Lib\email\policy.py first seen with mtime 1652795110.0
File C:\Users\Ireneirungu\PycharmProjects\RafikiChatbot\venv\Lib\site-packages\urllib3\__init__.py first seen with mtime 1734352373.6025262
File C:\Users\Ireneirungu\PycharmProjects\RafikiChatbot\chatbot\__init__.py first seen with mtime 1738505856.237081
File C:\Users\Ireneirungu\PycharmProjects\RafikiChatbot\venv\Lib\site-packages\urllib3\http2\__init__.py first seen with mtime 1734352373.6206238
File C:\Users\Ireneirungu\AppData\Local\Programs\Python\Python39\Lib\_weakrefset.py first seen with mtime 1652795110.0
File C:\Users\Ireneirungu\PycharmProjects\RafikiChatbot\venv\Lib\site-packages\bson\code.py first seen with mtime 1734681582.7199757
File C:\Users\Ireneirungu\PycharmProjects\RafikiChatbot\venv\Lib\site-packages\pymongo\compression_support.py first seen with mtime 1734681582.748357
File C:\Users\Ireneirungu\PycharmProjects\RafikiChatbot\venv\Lib\site-packages\django\core\paginator.py first seen with mtime 1737108719.4138215
File C:\Users\Ireneirungu\AppData\Local\Programs\Python\Python39\Lib\numbers.py first seen with mtime 1652795110.0
File C:\Users\Ireneirungu\PycharmProjects\RafikiChatbot\venv\Lib\site-packages\requests\compat.py first seen with mtime 1734352374.2066245
File C:\Users\Ireneirungu\PycharmProjects\RafikiChatbot\venv\Lib\site-packages\requests\models.py first seen with mtime 1734352374.2096255
File C:\Users\Ireneirungu\PycharmProjects\RafikiChatbot\venv\Lib\site-packages\pymongo\cursor.py first seen with mtime 1734681582.7494118
File C:\Users\Ireneirungu\PycharmProjects\RafikiChatbot\venv\Lib\site-packages\rest_framework\serializers.py first seen with mtime 1737108716.6704235
File C:\Users\Ireneirungu\PycharmProjects\RafikiChatbot\venv\Lib\site-packages\rest_framework\status.py first seen with mtime 1737108716.6704235
File C:\Users\Ireneirungu\PycharmProjects\RafikiChatbot\venv\Lib\site-packages\requests\structures.py first seen with mtime 1734352374.2132938
File C:\Users\Ireneirungu\PycharmProjects\RafikiChatbot\venv\Lib\site-packages\django\apps\registry.py first seen with mtime 1737108717.7530267
File C:\Users\Ireneirungu\AppData\Local\Programs\Python\Python39\Lib\email\_parseaddr.py first seen with mtime 1652795110.0
File C:\Users\Ireneirungu\AppData\Local\Programs\Python\Python39\Lib\asyncio\format_helpers.py first seen with mtime 1652795110.0
File C:\Users\Ireneirungu\AppData\Local\Programs\Python\Python39\Lib\email\_policybase.py first seen with mtime 1652795110.0
File C:\Users\Ireneirungu\PycharmProjects\RafikiChatbot\venv\Lib\site-packages\urllib3\util\__init__.py first seen with mtime 1734352373.6226256
File C:\Users\Ireneirungu\PycharmProjects\RafikiChatbot\venv\Lib\site-packages\bson\__init__.py first seen with mtime 1734681582.7130284
File C:\Users\Ireneirungu\PycharmProjects\RafikiChatbot\venv\Lib\site-packages\django\urls\base.py first seen with mtime 1737108719.5726955
File C:\Users\Ireneirungu\PycharmProjects\RafikiChatbot\venv\Lib\site-packages\urllib3\util\util.py first seen with mtime 1734352373.6296594
File C:\Users\Ireneirungu\PycharmProjects\RafikiChatbot\venv\Lib\site-packages\sqlparse\utils.py first seen with mtime 1734690958.510053
File C:\Users\Ireneirungu\PycharmProjects\RafikiChatbot\venv\Lib\site-packages\django\contrib\contenttypes\checks.py first seen with mtime 1737108718.4395099
File C:\Users\Ireneirungu\PycharmProjects\RafikiChatbot\venv\Lib\site-packages\django\views\defaults.py first seen with mtime 1737108719.5964787
File C:\Users\Ireneirungu\PycharmProjects\RafikiChatbot\venv\Lib\site-packages\charset_normalizer\models.py first seen with mtime 1734352374.0527532
File C:\Users\Ireneirungu\PycharmProjects\RafikiChatbot\venv\Lib\site-packages\django\contrib\sites\requests.py first seen with mtime 1737108719.2994788
File C:\Users\Ireneirungu\PycharmProjects\RafikiChatbot\venv\Lib\site-packages\django\core\checks\model_checks.py first seen with mtime 1737108719.4222894
File C:\Users\Ireneirungu\PycharmProjects\RafikiChatbot\venv\Lib\site-packages\pymongo\cursor_manager.py first seen with mtime 1734681582.7494118
File C:\Users\Ireneirungu\AppData\Local\Programs\Python\Python39\Lib\unittest\loader.py first seen with mtime 1652795112.0
File C:\Users\Ireneirungu\PycharmProjects\RafikiChatbot\venv\Lib\site-packages\django\urls\__init__.py first seen with mtime 1737108719.5726955
File C:\Users\Ireneirungu\PycharmProjects\RafikiChatbot\venv\Lib\site-packages\django\core\checks\__init__.py first seen with mtime 1737108719.4196482
File C:\Users\Ireneirungu\AppData\Local\Programs\Python\Python39\Lib\_bootlocale.py first seen with mtime 1652795110.0
File C:\Users\Ireneirungu\AppData\Local\Programs\Python\Python39\Lib\csv.py first seen with mtime 1652795110.0
File C:\Users\Ireneirungu\PycharmProjects\RafikiChatbot\venv\Lib\site-packages\idna\__init__.py first seen with mtime 1734352373.843154
File C:\Users\Ireneirungu\PycharmProjects\RafikiChatbot\venv\Lib\site-packages\certifi\core.py first seen with mtime 1734352374.1791327
File C:\Users\Ireneirungu\PycharmProjects\RafikiChatbot\venv\Lib\site-packages\rest_framework_simplejwt\views.py first seen with mtime 1738782341.4475977
File C:\Users\Ireneirungu\PycharmProjects\RafikiChatbot\venv\Lib\site-packages\bson\errors.py first seen with mtime 1734681582.721972
File C:\Users\Ireneirungu\PycharmProjects\RafikiChatbot\venv\Lib\site-packages\django\db\models\sql\subqueries.py first seen with mtime 1737108719.5069034
File C:\Users\Ireneirungu\PycharmProjects\RafikiChatbot\venv\Lib\site-packages\django\db\models\fields\json.py first seen with mtime 1737108719.4979036
File C:\Users\Ireneirungu\PycharmProjects\RafikiChatbot\venv\Lib\site-packages\django\views\generic\detail.py first seen with mtime 1737108719.602479
File C:\Users\Ireneirungu\AppData\Local\Programs\Python\Python39\Lib\importlib\__init__.py first seen with mtime 1652795110.0
File C:\Users\Ireneirungu\PycharmProjects\RafikiChatbot\venv\Lib\site-packages\pymongo\helpers.py first seen with mtime 1734681582.760356
File C:\Users\Ireneirungu\PycharmProjects\RafikiChatbot\venv\Lib\site-packages\django\contrib\staticfiles\apps.py first seen with mtime 1737108719.405435
File C:\Users\Ireneirungu\AppData\Local\Programs\Python\Python39\Lib\importlib\util.py first seen with mtime 1652795110.0
File C:\Users\Ireneirungu\PycharmProjects\RafikiChatbot\venv\Lib\site-packages\sqlparse\filters\tokens.py first seen with mtime 1734690958.5227046
File C:\Users\Ireneirungu\PycharmProjects\RafikiChatbot\venv\Lib\site-packages\django\db\migrations\operations\special.py first seen with mtime 1737108719.488587
File C:\Users\Ireneirungu\AppData\Local\Programs\Python\Python39\Lib\concurrent\futures\_base.py first seen with mtime 1652795110.0
File C:\Users\Ireneirungu\AppData\Local\Programs\Python\Python39\Lib\wsgiref\handlers.py first seen with mtime 1652795112.0
File C:\Users\Ireneirungu\PycharmProjects\RafikiChatbot\venv\Lib\site-packages\django\db\backends\base\base.py first seen with mtime 1737108719.4595618
File C:\Users\Ireneirungu\AppData\Local\Programs\Python\Python39\Lib\datetime.py first seen with mtime 1652795110.0
File C:\Users\Ireneirungu\AppData\Local\Programs\Python\Python39\Lib\struct.py first seen with mtime 1652795110.0
File C:\Users\Ireneirungu\PycharmProjects\RafikiChatbot\venv\Lib\site-packages\django\http\request.py first seen with mtime 1737108719.5507414
File C:\Users\Ireneirungu\PycharmProjects\RafikiChatbot\venv\Lib\site-packages\django\core\management\base.py first seen with mtime 1737108719.4395316
File C:\Users\Ireneirungu\PycharmProjects\RafikiChatbot\venv\Lib\site-packages\mongoengine\queryset\visitor.py first seen with mtime 1734694514.4267774
File C:\Users\Ireneirungu\PycharmProjects\RafikiChatbot\venv\Lib\site-packages\django\core\checks\compatibility\__init__.py first seen with mtime 1737108719.4237895
File C:\Users\Ireneirungu\AppData\Local\Programs\Python\Python39\Lib\secrets.py first seen with mtime 1652795110.0
File C:\Users\Ireneirungu\PycharmProjects\RafikiChatbot\venv\Lib\site-packages\django\core\files\uploadedfile.py first seen with mtime 1737108719.4280593
File C:\Users\Ireneirungu\PycharmProjects\RafikiChatbot\venv\Lib\site-packages\django\db\models\functions\math.py first seen with mtime 1737108719.5029035
File C:\Users\Ireneirungu\PycharmProjects\RafikiChatbot\venv\Lib\site-packages\django\template\engine.py first seen with mtime 1737108719.5586965
File C:\Users\Ireneirungu\PycharmProjects\RafikiChatbot\venv\Lib\site-packages\django\views\decorators\__init__.py first seen with mtime 1737108719.5974784
File C:\Users\Ireneirungu\PycharmProjects\RafikiChatbot\venv\Lib\site-packages\certifi\__init__.py first seen with mtime 1734352374.1751318
File C:\Users\Ireneirungu\PycharmProjects\RafikiChatbot\venv\Lib\site-packages\django\contrib\messages\apps.py first seen with mtime 1737108718.9689293
File C:\Users\Ireneirungu\PycharmProjects\RafikiChatbot\venv\Lib\site-packages\jwt\exceptions.py first seen with mtime 1738679958.230459
File C:\Users\Ireneirungu\PycharmProjects\RafikiChatbot\venv\Lib\site-packages\requests\api.py first seen with mtime 1734352374.204618
File C:\Users\Ireneirungu\PycharmProjects\RafikiChatbot\venv\Lib\site-packages\sqlparse\filters\right_margin.py first seen with mtime 1734690958.5215716
File C:\Users\Ireneirungu\PycharmProjects\RafikiChatbot\venv\Lib\site-packages\django\db\backends\base\__init__.py first seen with mtime 1737108719.458562
File C:\Users\Ireneirungu\AppData\Local\Programs\Python\Python39\Lib\asyncio\proactor_events.py first seen with mtime 1652795110.0
File C:\Users\Ireneirungu\AppData\Local\Programs\Python\Python39\Lib\unittest\runner.py first seen with mtime 1652795112.0
File C:\Users\Ireneirungu\PycharmProjects\RafikiChatbot\venv\Lib\site-packages\werkzeug\datastructures\etag.py first seen with mtime 1738677770.4373753
File C:\Users\Ireneirungu\PycharmProjects\RafikiChatbot\venv\Lib\site-packages\django\core\management\__init__.py first seen with mtime 1737108719.4395316
File C:\Users\Ireneirungu\AppData\Local\Programs\Python\Python39\Lib\email\mime\message.py first seen with mtime 1652795110.0
File C:\Users\Ireneirungu\PycharmProjects\RafikiChatbot\venv\Lib\site-packages\urllib3\_request_methods.py first seen with mtime 1734352373.6045341
File C:\Users\Ireneirungu\AppData\Local\Programs\Python\Python39\Lib\xml\dom\NodeFilter.py first seen with mtime 1652795112.0
File C:\Users\Ireneirungu\PycharmProjects\RafikiChatbot\venv\Lib\site-packages\rest_framework\request.py first seen with mtime 1737108716.6689925
File C:\Users\Ireneirungu\AppData\Local\Programs\Python\Python39\Lib\selectors.py first seen with mtime 1652795110.0
File C:\Users\Ireneirungu\PycharmProjects\RafikiChatbot\venv\Lib\site-packages\django\contrib\admin\templatetags\base.py first seen with mtime 1737108718.2078006
File C:\Users\Ireneirungu\PycharmProjects\RafikiChatbot\venv\Lib\site-packages\django\core\files\storage\memory.py first seen with mtime 1737108719.4313564
File C:\Users\Ireneirungu\PycharmProjects\RafikiChatbot\venv\Lib\site-packages\django\contrib\admin\exceptions.py first seen with mtime 1737108717.9387197
File C:\Users\Ireneirungu\PycharmProjects\RafikiChatbot\venv\Lib\site-packages\corsheaders\conf.py first seen with mtime 1737108771.0275495
File C:\Users\Ireneirungu\PycharmProjects\RafikiChatbot\venv\Lib\site-packages\django\db\models\functions\__init__.py first seen with mtime 1737108719.5019038
File C:\Users\Ireneirungu\PycharmProjects\RafikiChatbot\venv\Lib\site-packages\django\core\files\images.py first seen with mtime 1737108719.4266655
File C:\Users\Ireneirungu\PycharmProjects\RafikiChatbot\venv\Lib\site-packages\django\template\base.py first seen with mtime 1737108719.5556965
File C:\Users\Ireneirungu\PycharmProjects\RafikiChatbot\venv\Lib\site-packages\mongoengine\base\utils.py first seen with mtime 1734694514.418805
File C:\Users\Ireneirungu\PycharmProjects\RafikiChatbot\venv\Lib\site-packages\rest_framework\reverse.py first seen with mtime 1737108716.6689925
File C:\Users\Ireneirungu\PycharmProjects\RafikiChatbot\venv\Lib\site-packages\sqlparse\cli.py first seen with mtime 1734690958.5016952
File C:\Users\Ireneirungu\PycharmProjects\RafikiChatbot\venv\Lib\site-packages\pymongo\socket_checker.py first seen with mtime 1734681582.7747476
File C:\Users\Ireneirungu\PycharmProjects\RafikiChatbot\venv\Lib\site-packages\charset_normalizer\api.py first seen with mtime 1734352373.995681
File C:\Users\Ireneirungu\PycharmProjects\RafikiChatbot\venv\Lib\site-packages\requests\__version__.py first seen with mtime 1734352374.202619
File C:\Users\Ireneirungu\AppData\Local\Programs\Python\Python39\Lib\email\feedparser.py first seen with mtime 1652795110.0
File C:\Users\Ireneirungu\PycharmProjects\RafikiChatbot\venv\Lib\site-packages\django\utils\hashable.py first seen with mtime 1737108719.5845506
File C:\Users\Ireneirungu\PycharmProjects\RafikiChatbot\venv\Lib\site-packages\corsheaders\__init__.py first seen with mtime 1737108771.0265503
File C:\Users\Ireneirungu\PycharmProjects\RafikiChatbot\venv\Lib\site-packages\jwt\api_jwt.py first seen with mtime 1738679958.2155378
File C:\Users\Ireneirungu\PycharmProjects\RafikiChatbot\venv\Lib\site-packages\pymongo\son_manipulator.py first seen with mtime 1734681582.775756
File C:\Users\Ireneirungu\PycharmProjects\RafikiChatbot\venv\Lib\site-packages\requests\certs.py first seen with mtime 1734352374.2066245
File C:\Users\Ireneirungu\PycharmProjects\RafikiChatbot\venv\Lib\site-packages\django\contrib\admin\views\autocomplete.py first seen with mtime 1737108718.2088008
File C:\Users\Ireneirungu\PycharmProjects\RafikiChatbot\venv\Lib\site-packages\bson\timestamp.py first seen with mtime 1734681582.726139
File C:\Users\Ireneirungu\PycharmProjects\RafikiChatbot\venv\Lib\site-packages\django\template\loaders\__init__.py first seen with mtime 1737108719.5636969
File C:\Users\Ireneirungu\PycharmProjects\RafikiChatbot\venv\Lib\site-packages\django\dispatch\__init__.py first seen with mtime 1737108719.5085635
File C:\Users\Ireneirungu\PycharmProjects\RafikiChatbot\venv\Lib\site-packages\urllib3\fields.py first seen with mtime 1734352373.6085339
File C:\Users\Ireneirungu\PycharmProjects\RafikiChatbot\venv\Lib\site-packages\django\utils\tree.py first seen with mtime 1737108719.5914783
File C:\Users\Ireneirungu\PycharmProjects\RafikiChatbot\venv\Lib\site-packages\charset_normalizer\utils.py first seen with mtime 1734352374.0537543
File C:\Users\Ireneirungu\PycharmProjects\RafikiChatbot\venv\Lib\site-packages\django\contrib\contenttypes\forms.py first seen with mtime 1737108718.4405098
File C:\Users\Ireneirungu\PycharmProjects\RafikiChatbot\venv\Lib\site-packages\django\template\__init__.py first seen with mtime 1737108719.5546916
File C:\Users\Ireneirungu\AppData\Local\Programs\Python\Python39\Lib\encodings\cp1252.py first seen with mtime 1652795110.0
File C:\Users\Ireneirungu\AppData\Local\Programs\Python\Python39\Lib\getpass.py first seen with mtime 1652795110.0
File C:\Users\Ireneirungu\AppData\Local\Programs\Python\Python39\Lib\keyword.py first seen with mtime 1652795110.0
File C:\Users\Ireneirungu\AppData\Local\Programs\Python\Python39\Lib\genericpath.py first seen with mtime 1652795110.0
File C:\Users\Ireneirungu\PycharmProjects\RafikiChatbot\venv\Lib\site-packages\urllib3\util\retry.py first seen with mtime 1734352373.6246278
File C:\Users\Ireneirungu\AppData\Local\Programs\Python\Python39\Lib\ntpath.py first seen with mtime 1652795110.0
File C:\Users\Ireneirungu\PycharmProjects\RafikiChatbot\venv\Lib\site-packages\django\contrib\contenttypes\apps.py first seen with mtime 1737108718.4385047
File C:\Users\Ireneirungu\AppData\Local\Programs\Python\Python39\Lib\email\message.py first seen with mtime 1652795110.0
File C:\Users\Ireneirungu\PycharmProjects\RafikiChatbot\venv\Lib\site-packages\pymongo\ssl_support.py first seen with mtime 1734681582.7777553
File C:\Users\Ireneirungu\PycharmProjects\RafikiChatbot\venv\Lib\site-packages\django\views\generic\base.py first seen with mtime 1737108719.6014786
File C:\Users\Ireneirungu\PycharmProjects\RafikiChatbot\venv\Lib\site-packages\django\core\handlers\base.py first seen with mtime 1737108719.4335313
File C:\Users\Ireneirungu\AppData\Local\Programs\Python\Python39\Lib\asyncio\futures.py first seen with mtime 1652795110.0
File C:\Users\Ireneirungu\PycharmProjects\RafikiChatbot\venv\Lib\site-packages\django\contrib\admin\views\main.py first seen with mtime 1737108718.209801
File C:\Users\Ireneirungu\AppData\Local\Programs\Python\Python39\Lib\site.py first seen with mtime 1652795110.0
File C:\Users\Ireneirungu\PycharmProjects\RafikiChatbot\venv\Lib\site-packages\django\db\models\options.py first seen with mtime 1737108719.4939034
File C:\Users\Ireneirungu\PycharmProjects\RafikiChatbot\venv\Lib\site-packages\django\core\files\base.py first seen with mtime 1737108719.4266655
File C:\Users\Ireneirungu\AppData\Local\Programs\Python\Python39\Lib\_compression.py first seen with mtime 1652795110.0
File C:\Users\Ireneirungu\PycharmProjects\RafikiChatbot\venv\Lib\site-packages\django\db\models\functions\text.py first seen with mtime 1737108719.5039034
File C:\Users\Ireneirungu\AppData\Local\Programs\Python\Python39\Lib\asyncio\protocols.py first seen with mtime 1652795110.0
File C:\Users\Ireneirungu\PycharmProjects\RafikiChatbot\venv\Lib\site-packages\django\views\__init__.py first seen with mtime 1737108719.5954783
File C:\Users\Ireneirungu\PycharmProjects\RafikiChatbot\venv\Lib\site-packages\django\contrib\staticfiles\management\commands\runserver.py first seen with mtime 1737108719.4113607
File C:\Users\Ireneirungu\PycharmProjects\RafikiChatbot\venv\Lib\site-packages\django\views\generic\__init__.py first seen with mtime 1737108719.6014786
File C:\Users\Ireneirungu\PycharmProjects\RafikiChatbot\venv\Lib\site-packages\django\core\handlers\__init__.py first seen with mtime 1737108719.432527
File C:\Users\Ireneirungu\AppData\Local\Programs\Python\Python39\Lib\queue.py first seen with mtime 1652795110.0
File C:\Users\Ireneirungu\PycharmProjects\RafikiChatbot\venv\Lib\site-packages\django\conf\locale\__init__.py first seen with mtime 1737108717.7580237
File C:\Users\Ireneirungu\PycharmProjects\RafikiChatbot\venv\Lib\site-packages\django\db\models\manager.py first seen with mtime 1737108719.4939034
File C:\Users\Ireneirungu\PycharmProjects\RafikiChatbot\venv\Lib\site-packages\django\http\cookie.py first seen with mtime 1737108719.5497415
File C:\Users\Ireneirungu\PycharmProjects\RafikiChatbot\venv\Lib\site-packages\django\core\cache\__init__.py first seen with mtime 1737108719.4152586
File C:\Users\Ireneirungu\PycharmProjects\RafikiChatbot\venv\Lib\site-packages\werkzeug\user_agent.py first seen with mtime 1738677770.4269626
File C:\Users\Ireneirungu\AppData\Local\Programs\Python\Python39\Lib\concurrent\futures\__init__.py first seen with mtime 1652795110.0
File C:\Users\Ireneirungu\PycharmProjects\RafikiChatbot\venv\Lib\site-packages\pymongo\results.py first seen with mtime 1734681582.7713554
File C:\Users\Ireneirungu\PycharmProjects\RafikiChatbot\venv\Lib\site-packages\werkzeug\security.py first seen with mtime 1738677770.4199631
File C:\Users\Ireneirungu\AppData\Local\Programs\Python\Python39\Lib\asyncio\__init__.py first seen with mtime 1652795110.0
File C:\Users\Ireneirungu\PycharmProjects\RafikiChatbot\venv\Lib\site-packages\django\apps\config.py first seen with mtime 1737108717.752023
File C:\Users\Ireneirungu\AppData\Local\Programs\Python\Python39\Lib\lzma.py first seen with mtime 1652795110.0
File C:\Users\Ireneirungu\PycharmProjects\RafikiChatbot\venv\Lib\site-packages\django\forms\widgets.py first seen with mtime 1737108719.513073
File C:\Users\Ireneirungu\AppData\Local\Programs\Python\Python39\DLLs\_uuid.pyd first seen with mtime 1652795162.0
File C:\Users\Ireneirungu\PycharmProjects\RafikiChatbot\venv\Lib\site-packages\bson\dbref.py first seen with mtime 1734681582.7209766
File C:\Users\Ireneirungu\PycharmProjects\RafikiChatbot\venv\Lib\site-packages\django\shortcuts.py first seen with mtime 1737108717.7510326
File C:\Users\Ireneirungu\PycharmProjects\RafikiChatbot\venv\Lib\site-packages\django\contrib\admin\sites.py first seen with mtime 1737108717.940725
File C:\Users\Ireneirungu\PycharmProjects\RafikiChatbot\venv\Lib\site-packages\django\db\models\fields\related.py first seen with mtime 1737108719.4989033
File C:\Users\Ireneirungu\PycharmProjects\RafikiChatbot\venv\Lib\site-packages\werkzeug\datastructures\mixins.py first seen with mtime 1738677770.440703
File C:\Users\Ireneirungu\PycharmProjects\RafikiChatbot\venv\Lib\site-packages\django\core\files\storage\filesystem.py first seen with mtime 1737108719.4313564
File C:\Users\Ireneirungu\AppData\Local\Programs\Python\Python39\Lib\__future__.py first seen with mtime 1652795110.0
File C:\Users\Ireneirungu\PycharmProjects\RafikiChatbot\venv\Lib\site-packages\mongoengine\base\fields.py first seen with mtime 1734694514.416675
File C:\Users\Ireneirungu\AppData\Local\Programs\Python\Python39\Lib\email\iterators.py first seen with mtime 1652795110.0
File C:\Users\Ireneirungu\PycharmProjects\RafikiChatbot\venv\Lib\site-packages\django\contrib\contenttypes\models.py first seen with mtime 1737108718.4405098
File C:\Users\Ireneirungu\PycharmProjects\RafikiChatbot\venv\Lib\site-packages\rest_framework\utils\html.py first seen with mtime 1737108716.7805443
File C:\Users\Ireneirungu\AppData\Local\Programs\Python\Python39\Lib\ctypes\wintypes.py first seen with mtime 1652795110.0
File C:\Users\Ireneirungu\PycharmProjects\RafikiChatbot\venv\Lib\site-packages\pymongo\ismaster.py first seen with mtime 1734681582.7613585
File C:\Users\Ireneirungu\PycharmProjects\RafikiChatbot\venv\Lib\site-packages\django\db\models\indexes.py first seen with mtime 1737108719.4929035
File C:\Users\Ireneirungu\PycharmProjects\RafikiChatbot\venv\Lib\site-packages\sqlparse\sql.py first seen with mtime 1734690958.5076926
File C:\Users\Ireneirungu\PycharmProjects\RafikiChatbot\venv\Lib\site-packages\mongoengine\base\common.py first seen with mtime 1734694514.4143317
File C:\Users\Ireneirungu\AppData\Local\Programs\Python\Python39\Lib\urllib\__init__.py first seen with mtime 1652795112.0
File C:\Users\Ireneirungu\PycharmProjects\RafikiChatbot\venv\Lib\site-packages\django\contrib\postgres\__init__.py first seen with mtime 1737108718.9738996
File C:\Users\Ireneirungu\PycharmProjects\RafikiChatbot\venv\Lib\site-packages\django\contrib\contenttypes\management\__init__.py first seen with mtime 1737108718.5388186
File C:\Users\Ireneirungu\PycharmProjects\RafikiChatbot\venv\Lib\site-packages\django\contrib\postgres\forms\hstore.py first seen with mtime 1737108718.9842331
File C:\Users\Ireneirungu\AppData\Local\Programs\Python\Python39\Lib\json\decoder.py first seen with mtime 1652795110.0
File C:\Users\Ireneirungu\AppData\Local\Programs\Python\Python39\Lib\asyncio\runners.py first seen with mtime 1652795110.0
File C:\Users\Ireneirungu\AppData\Local\Programs\Python\Python39\Lib\unittest\signals.py first seen with mtime 1652795112.0
File C:\Users\Ireneirungu\PycharmProjects\RafikiChatbot\venv\Lib\site-packages\django\contrib\staticfiles\utils.py first seen with mtime 1737108719.408871
File C:\Users\Ireneirungu\AppData\Local\Programs\Python\Python39\Lib\string.py first seen with mtime 1652795110.0
File C:\Users\Ireneirungu\PycharmProjects\RafikiChatbot\venv\Lib\site-packages\rest_framework_simplejwt\exceptions.py first seen with mtime 1738782341.4376569
File C:\Users\Ireneirungu\PycharmProjects\RafikiChatbot\venv\Lib\site-packages\mongoengine\connection.py first seen with mtime 1734694514.4024746
File C:\Users\Ireneirungu\PycharmProjects\RafikiChatbot\venv\Lib\site-packages\bson\decimal128.py first seen with mtime 1734681582.7209766
File C:\Users\Ireneirungu\PycharmProjects\RafikiChatbot\venv\Lib\site-packages\django\db\migrations\operations\fields.py first seen with mtime 1737108719.487587
File C:\Users\Ireneirungu\AppData\Local\Programs\Python\Python39\Lib\platform.py first seen with mtime 1652795110.0
File C:\Users\Ireneirungu\PycharmProjects\RafikiChatbot\venv\Lib\site-packages\django\db\models\fields\proxy.py first seen with mtime 1737108719.4989033
File C:\Users\Ireneirungu\PycharmProjects\RafikiChatbot\venv\Lib\site-packages\sqlparse\engine\statement_splitter.py first seen with mtime 1734690958.514171
File C:\Users\Ireneirungu\AppData\Local\Programs\Python\Python39\Lib\decimal.py first seen with mtime 1652795110.0
File C:\Users\Ireneirungu\PycharmProjects\RafikiChatbot\venv\Lib\site-packages\pymongo\auth_aws.py first seen with mtime 1734681582.7371223
File C:\Users\Ireneirungu\AppData\Local\Programs\Python\Python39\Lib\weakref.py first seen with mtime 1652795112.0
File C:\Users\Ireneirungu\PycharmProjects\RafikiChatbot\venv\Lib\site-packages\rest_framework\negotiation.py first seen with mtime 1737108716.6662376
File C:\Users\Ireneirungu\PycharmProjects\RafikiChatbot\venv\Lib\site-packages\mongoengine\common.py first seen with mtime 1734694514.4024746
File C:\Users\Ireneirungu\PycharmProjects\RafikiChatbot\venv\Lib\site-packages\bson\son.py first seen with mtime 1734681582.726139
File C:\Users\Ireneirungu\PycharmProjects\RafikiChatbot\venv\Lib\site-packages\bson\min_key.py first seen with mtime 1734681582.724011
File C:\Users\Ireneirungu\PycharmProjects\RafikiChatbot\venv\Lib\site-packages\django\db\models\query_utils.py first seen with mtime 1737108719.4949033
File C:\Users\Ireneirungu\PycharmProjects\RafikiChatbot\venv\Lib\site-packages\django\db\models\functions\window.py first seen with mtime 1737108719.5039034
File C:\Users\Ireneirungu\PycharmProjects\RafikiChatbot\venv\Lib\site-packages\django\test\__init__.py first seen with mtime 1737108719.5686963
File C:\Users\Ireneirungu\PycharmProjects\RafikiChatbot\venv\Lib\site-packages\sqlparse\exceptions.py first seen with mtime 1734690958.5026977
File C:\Users\Ireneirungu\PycharmProjects\RafikiChatbot\venv\Lib\site-packages\django\conf\__init__.py first seen with mtime 1737108717.754027
File C:\Users\Ireneirungu\PycharmProjects\RafikiChatbot\chatbot\urls.py first seen with mtime 1742620043.3848858
File C:\Users\Ireneirungu\AppData\Local\Programs\Python\Python39\Lib\importlib\abc.py first seen with mtime 1652795110.0
File C:\Users\Ireneirungu\PycharmProjects\RafikiChatbot\venv\Lib\site-packages\mongoengine\pymongo_support.py first seen with mtime 1734694514.4129674
File C:\Users\Ireneirungu\AppData\Local\Programs\Python\Python39\Lib\concurrent\__init__.py first seen with mtime 1652795110.0
File C:\Users\Ireneirungu\AppData\Local\Programs\Python\Python39\Lib\email\headerregistry.py first seen with mtime 1652795110.0
File C:\Users\Ireneirungu\PycharmProjects\RafikiChatbot\venv\Lib\site-packages\django\core\cache\backends\locmem.py first seen with mtime 1737108719.4181447
File C:\Users\Ireneirungu\PycharmProjects\RafikiChatbot\venv\Lib\site-packages\django\core\cache\backends\__init__.py first seen with mtime 1737108719.4166954
File C:\Users\Ireneirungu\PycharmProjects\RafikiChatbot\venv\Lib\site-packages\rest_framework\settings.py first seen with mtime 1737108716.6704235
File C:\Users\Ireneirungu\AppData\Local\Programs\Python\Python39\DLLs\_hashlib.pyd first seen with mtime 1652795162.0
File C:\Users\Ireneirungu\PycharmProjects\RafikiChatbot\venv\Lib\site-packages\rest_framework\schemas\utils.py first seen with mtime 1737108716.7288504
File C:\Users\Ireneirungu\AppData\Local\Programs\Python\Python39\Lib\codecs.py first seen with mtime 1652795110.0
File C:\Users\Ireneirungu\PycharmProjects\RafikiChatbot\venv\Lib\site-packages\mongoengine\queryset\transform.py first seen with mtime 1734694514.4256113
File C:\Users\Ireneirungu\AppData\Local\Programs\Python\Python39\Lib\zoneinfo\__init__.py first seen with mtime 1652795112.0
File C:\Users\Ireneirungu\PycharmProjects\RafikiChatbot\venv\Lib\site-packages\django\db\backends\dummy\base.py first seen with mtime 1737108719.4635618
File C:\Users\Ireneirungu\PycharmProjects\RafikiChatbot\venv\Lib\site-packages\rest_framework\utils\json.py first seen with mtime 1737108716.7805443
File C:\Users\Ireneirungu\AppData\Local\Programs\Python\Python39\Lib\xml\dom\minicompat.py first seen with mtime 1652795112.0
File C:\Users\Ireneirungu\AppData\Local\Programs\Python\Python39\Lib\concurrent\futures\thread.py first seen with mtime 1652795110.0
File C:\Users\Ireneirungu\PycharmProjects\RafikiChatbot\venv\Lib\site-packages\django\http\__init__.py first seen with mtime 1737108719.5487413
File C:\Users\Ireneirungu\AppData\Local\Programs\Python\Python39\DLLs\_asyncio.pyd first seen with mtime 1652795162.0
File C:\Users\Ireneirungu\AppData\Local\Programs\Python\Python39\Lib\token.py first seen with mtime 1652795112.0
File C:\Users\Ireneirungu\PycharmProjects\RafikiChatbot\venv\Lib\site-packages\idna\intranges.py first seen with mtime 1734352373.847198
File C:\Users\Ireneirungu\PycharmProjects\RafikiChatbot\venv\Lib\site-packages\rest_framework\utils\mediatypes.py first seen with mtime 1737108716.7815442
File C:\Users\Ireneirungu\PycharmProjects\RafikiChatbot\venv\Lib\site-packages\markupsafe\_speedups.cp39-win_amd64.pyd first seen with mtime 1738677770.3699985
File C:\Users\Ireneirungu\PycharmProjects\RafikiChatbot\venv\Lib\site-packages\django\views\decorators\csrf.py first seen with mtime 1737108719.5994785
File C:\Users\Ireneirungu\PycharmProjects\RafikiChatbot\venv\Lib\site-packages\django\contrib\auth\management\__init__.py first seen with mtime 1737108718.4307463
File C:\Users\Ireneirungu\PycharmProjects\RafikiChatbot\venv\Lib\site-packages\urllib3\filepost.py first seen with mtime 1734352373.609536
File C:\Users\Ireneirungu\PycharmProjects\RafikiChatbot\venv\Lib\site-packages\rest_framework_simplejwt\token_blacklist\__init__.py first seen with mtime 1738782341.537402
File C:\Users\Ireneirungu\PycharmProjects\RafikiChatbot\venv\Lib\site-packages\django\db\backends\dummy\__init__.py first seen with mtime 1737108719.4635618
File C:\Users\Ireneirungu\PycharmProjects\RafikiChatbot\venv\Lib\site-packages\django\middleware\common.py first seen with mtime 1737108719.5530572
File C:\Users\Ireneirungu\PycharmProjects\RafikiChatbot\venv\Lib\site-packages\requests\hooks.py first seen with mtime 1734352374.2096255
File C:\Users\Ireneirungu\PycharmProjects\RafikiChatbot\venv\Lib\site-packages\django\forms\boundfield.py first seen with mtime 1737108719.5099068
File C:\Users\Ireneirungu\PycharmProjects\RafikiChatbot\venv\Lib\site-packages\django\utils\numberformat.py first seen with mtime 1737108719.588478
File C:\Users\Ireneirungu\PycharmProjects\RafikiChatbot\venv\Lib\site-packages\django\db\models\fields\files.py first seen with mtime 1737108719.4969034
File C:\Users\Ireneirungu\AppData\Local\Programs\Python\Python39\Lib\uuid.py first seen with mtime 1652795112.0
File C:\Users\Ireneirungu\PycharmProjects\RafikiChatbot\venv\Lib\site-packages\django\contrib\admin\__init__.py first seen with mtime 1737108717.9362738
File C:\Users\Ireneirungu\PycharmProjects\RafikiChatbot\venv\Lib\site-packages\django\contrib\admin\views\__init__.py first seen with mtime 1737108718.2078006
File C:\Users\Ireneirungu\PycharmProjects\RafikiChatbot\venv\Lib\site-packages\rest_framework\__init__.py first seen with mtime 1737108716.6606266
File C:\Users\Ireneirungu\PycharmProjects\RafikiChatbot\venv\Lib\site-packages\pymongo\errors.py first seen with mtime 1734681582.7563891
File C:\Users\Ireneirungu\PycharmProjects\RafikiChatbot\venv\Lib\site-packages\django\contrib\staticfiles\handlers.py first seen with mtime 1737108719.4064355
File C:\Users\Ireneirungu\PycharmProjects\RafikiChatbot\venv\Lib\site-packages\django\utils\connection.py first seen with mtime 1737108719.578697
File C:\Users\Ireneirungu\AppData\Local\Programs\Python\Python39\Lib\email\mime\multipart.py first seen with mtime 1652795110.0
File C:\Users\Ireneirungu\AppData\Local\Programs\Python\Python39\Lib\email\utils.py first seen with mtime 1652795110.0
File C:\Users\Ireneirungu\PycharmProjects\RafikiChatbot\venv\Lib\site-packages\rest_framework_simplejwt\models.py first seen with mtime 1738782341.4390137
File C:\Users\Ireneirungu\PycharmProjects\RafikiChatbot\venv\Lib\site-packages\idna\package_data.py first seen with mtime 1734352373.847198
File C:\Users\Ireneirungu\PycharmProjects\RafikiChatbot\venv\Lib\site-packages\werkzeug\test.py first seen with mtime 1738677770.4229636
File C:\Users\Ireneirungu\PycharmProjects\RafikiChatbot\venv\Lib\site-packages\django\core\checks\urls.py first seen with mtime 1737108719.4237895
File C:\Users\Ireneirungu\PycharmProjects\RafikiChatbot\venv\Lib\site-packages\mongoengine\base\metaclasses.py first seen with mtime 1734694514.4177966
File C:\Users\Ireneirungu\PycharmProjects\RafikiChatbot\venv\Lib\site-packages\pymongo\topology_description.py first seen with mtime 1734681582.7787602
File C:\Users\Ireneirungu\AppData\Local\Programs\Python\Python39\Lib\email\mime\nonmultipart.py first seen with mtime 1652795110.0
File C:\Users\Ireneirungu\AppData\Local\Programs\Python\Python39\Lib\encodings\aliases.py first seen with mtime 1652795110.0
File C:\Users\Ireneirungu\AppData\Local\Programs\Python\Python39\DLLs\_ssl.pyd first seen with mtime 1652795162.0
File C:\Users\Ireneirungu\PycharmProjects\RafikiChatbot\venv\Lib\site-packages\django\core\handlers\asgi.py first seen with mtime 1737108719.4335313
File C:\Users\Ireneirungu\PycharmProjects\RafikiChatbot\venv\Lib\site-packages\rest_framework\utils\breadcrumbs.py first seen with mtime 1737108716.7790334
File C:\Users\Ireneirungu\PycharmProjects\RafikiChatbot\venv\Lib\site-packages\django\core\checks\security\sessions.py first seen with mtime 1737108719.4252796
File C:\Users\Ireneirungu\PycharmProjects\RafikiChatbot\venv\Lib\site-packages\django\test\testcases.py first seen with mtime 1737108719.5716963
File C:\Users\Ireneirungu\AppData\Local\Programs\Python\Python39\Lib\html\entities.py first seen with mtime 1652795110.0
File C:\Users\Ireneirungu\PycharmProjects\RafikiChatbot\venv\Lib\site-packages\werkzeug\datastructures\csp.py first seen with mtime 1738677770.4363651
File C:\Users\Ireneirungu\PycharmProjects\RafikiChatbot\venv\Lib\site-packages\charset_normalizer\md.cp39-win_amd64.pyd first seen with mtime 1734352374.0006783
File C:\Users\Ireneirungu\PycharmProjects\RafikiChatbot\venv\Lib\site-packages\rest_framework\schemas\generators.py first seen with mtime 1737108716.7277834
File C:\Users\Ireneirungu\AppData\Local\Programs\Python\Python39\Lib\asyncio\log.py first seen with mtime 1652795110.0
File C:\Users\Ireneirungu\PycharmProjects\RafikiChatbot\venv\Lib\site-packages\django\test\client.py first seen with mtime 1737108719.5686963
File C:\Users\Ireneirungu\AppData\Local\Programs\Python\Python39\Lib\copy.py first seen with mtime 1652795110.0
File C:\Users\Ireneirungu\PycharmProjects\RafikiChatbot\venv\Lib\site-packages\django\contrib\admin\templatetags\admin_list.py first seen with mtime 1737108718.2058008
File C:\Users\Ireneirungu\PycharmProjects\RafikiChatbot\venv\Lib\site-packages\werkzeug\wsgi.py first seen with mtime 1738677770.4299629
File C:\Users\Ireneirungu\PycharmProjects\RafikiChatbot\venv\Lib\site-packages\django\core\files\storage\base.py first seen with mtime 1737108719.4310026
File C:\Users\Ireneirungu\AppData\Local\Programs\Python\Python39\Lib\importlib\resources.py first seen with mtime 1652795110.0
File C:\Users\Ireneirungu\PycharmProjects\RafikiChatbot\venv\Lib\site-packages\pymongo\collation.py first seen with mtime 1734681582.7411919
File C:\Users\Ireneirungu\PycharmProjects\RafikiChatbot\venv\Lib\site-packages\pymongo\collection.py first seen with mtime 1734681582.745367
File C:\Users\Ireneirungu\PycharmProjects\RafikiChatbot\venv\Lib\site-packages\jwt\jwks_client.py first seen with mtime 1738679958.237475
File C:\Users\Ireneirungu\PycharmProjects\RafikiChatbot\venv\Lib\site-packages\django\utils\datastructures.py first seen with mtime 1737108719.5796971
File C:\Users\Ireneirungu\AppData\Local\Programs\Python\Python39\Lib\gzip.py first seen with mtime 1652795110.0
File C:\Users\Ireneirungu\AppData\Local\Programs\Python\Python39\Lib\unittest\main.py first seen with mtime 1652795112.0
File C:\Users\Ireneirungu\AppData\Local\Programs\Python\Python39\Lib\stringprep.py first seen with mtime 1652795110.0
File C:\Users\Ireneirungu\AppData\Local\Programs\Python\Python39\Lib\os.py first seen with mtime 1652795110.0
File C:\Users\Ireneirungu\PycharmProjects\RafikiChatbot\venv\Lib\site-packages\django\core\files\storage\__init__.py first seen with mtime 1737108719.4299963
File C:\Users\Ireneirungu\PycharmProjects\RafikiChatbot\venv\Lib\site-packages\django\utils\inspect.py first seen with mtime 1737108719.5861938
File C:\Users\Ireneirungu\PycharmProjects\RafikiChatbot\venv\Lib\site-packages\pymongo\monitor.py first seen with mtime 1734681582.7643583
File C:\Users\Ireneirungu\AppData\Local\Programs\Python\Python39\Lib\sre_parse.py first seen with mtime 1652795110.0
File C:\Users\Ireneirungu\AppData\Local\Programs\Python\Python39\Lib\logging\handlers.py first seen with mtime 1652795110.0
File C:\Users\Ireneirungu\PycharmProjects\RafikiChatbot\venv\Lib\site-packages\urllib3\util\ssl_.py first seen with mtime 1734352373.6256237
File C:\Users\Ireneirungu\AppData\Local\Programs\Python\Python39\Lib\sysconfig.py first seen with mtime 1652795110.0
File C:\Users\Ireneirungu\PycharmProjects\RafikiChatbot\venv\Lib\site-packages\werkzeug\urls.py first seen with mtime 1738677770.4259627
File C:\Users\Ireneirungu\PycharmProjects\RafikiChatbot\manage.py first seen with mtime 1738505856.248953
File C:\Users\Ireneirungu\PycharmProjects\RafikiChatbot\venv\Lib\site-packages\django\contrib\admin\templatetags\admin_modify.py first seen with mtime 1737108718.2068007
File C:\Users\Ireneirungu\PycharmProjects\RafikiChatbot\venv\Lib\site-packages\pymongo\mongo_client.py first seen with mtime 1734681582.7633555
File C:\Users\Ireneirungu\PycharmProjects\RafikiChatbot\venv\Lib\site-packages\django\contrib\admindocs\__init__.py first seen with mtime 1737108718.209801
File C:\Users\Ireneirungu\PycharmProjects\RafikiChatbot\venv\Lib\site-packages\django\middleware\cache.py first seen with mtime 1737108719.5517552
File C:\Users\Ireneirungu\AppData\Local\Programs\Python\Python39\Lib\inspect.py first seen with mtime 1652795110.0
File C:\Users\Ireneirungu\AppData\Local\Programs\Python\Python39\Lib\urllib\parse.py first seen with mtime 1652795112.0
File C:\Users\Ireneirungu\PycharmProjects\RafikiChatbot\venv\Lib\site-packages\charset_normalizer\constant.py first seen with mtime 1734352373.996681
File C:\Users\Ireneirungu\PycharmProjects\RafikiChatbot\venv\Lib\site-packages\django\db\models\utils.py first seen with mtime 1737108719.4959035
File C:\Users\Ireneirungu\PycharmProjects\RafikiChatbot\venv\Lib\site-packages\django\contrib\auth\signals.py first seen with mtime 1737108718.3258996
File C:\Users\Ireneirungu\PycharmProjects\RafikiChatbot\venv\Lib\site-packages\sqlparse\keywords.py first seen with mtime 1734690958.505695
File C:\Users\Ireneirungu\PycharmProjects\RafikiChatbot\venv\Lib\site-packages\corsheaders\defaults.py first seen with mtime 1737108771.0275495
File C:\Users\Ireneirungu\PycharmProjects\RafikiChatbot\venv\Lib\site-packages\django\contrib\auth\checks.py first seen with mtime 1737108718.3218997
File C:\Users\Ireneirungu\PycharmProjects\RafikiChatbot\venv\Lib\site-packages\django\core\handlers\wsgi.py first seen with mtime 1737108719.4345317
File C:\Users\Ireneirungu\PycharmProjects\RafikiChatbot\venv\Lib\site-packages\requests\packages.py first seen with mtime 1734352374.2110522
File C:\Users\Ireneirungu\AppData\Local\Programs\Python\Python39\Lib\email\base64mime.py first seen with mtime 1652795110.0
File C:\Users\Ireneirungu\PycharmProjects\RafikiChatbot\venv\Lib\site-packages\typing_extensions.py first seen with mtime 1734350002.583874
File C:\Users\Ireneirungu\PycharmProjects\RafikiChatbot\venv\Lib\site-packages\django\db\models\sql\constants.py first seen with mtime 1737108719.5059032
File C:\Users\Ireneirungu\PycharmProjects\RafikiChatbot\venv\Lib\site-packages\rest_framework\utils\__init__.py first seen with mtime 1737108716.7780335
File C:\Users\Ireneirungu\PycharmProjects\RafikiChatbot\venv\Lib\site-packages\sqlparse\filters\output.py first seen with mtime 1734690958.5188313
File C:\Users\Ireneirungu\PycharmProjects\RafikiChatbot\venv\Lib\site-packages\werkzeug\datastructures\auth.py first seen with mtime 1738677770.4329672
File C:\Users\Ireneirungu\AppData\Local\Programs\Python\Python39\Lib\wsgiref\__init__.py first seen with mtime 1652795112.0
File C:\Users\Ireneirungu\PycharmProjects\RafikiChatbot\venv\Lib\site-packages\django\utils\http.py first seen with mtime 1737108719.5850992
File C:\Users\Ireneirungu\PycharmProjects\RafikiChatbot\venv\Lib\site-packages\django\core\checks\registry.py first seen with mtime 1737108719.4222894
File C:\Users\Ireneirungu\PycharmProjects\RafikiChatbot\venv\Lib\site-packages\rest_framework_simplejwt\utils.py first seen with mtime 1738782341.4462495
File C:\Users\Ireneirungu\PycharmProjects\RafikiChatbot\venv\Lib\site-packages\django\utils\_os.py first seen with mtime 1737108719.5756967
File C:\Users\Ireneirungu\AppData\Local\Programs\Python\Python39\Lib\uu.py first seen with mtime 1652795112.0
File C:\Users\Ireneirungu\PycharmProjects\RafikiChatbot\venv\Lib\site-packages\pymongo\client_session.py first seen with mtime 1734681582.7411919
File C:\Users\Ireneirungu\PycharmProjects\RafikiChatbot\venv\Lib\site-packages\requests\adapters.py first seen with mtime 1734352374.203614
File C:\Users\Ireneirungu\PycharmProjects\RafikiChatbot\venv\Lib\site-packages\django\utils\cache.py first seen with mtime 1737108719.5776985
File C:\Users\Ireneirungu\AppData\Local\Programs\Python\Python39\Lib\copyreg.py first seen with mtime 1652795110.0
File C:\Users\Ireneirungu\AppData\Local\Programs\Python\Python39\Lib\wsgiref\util.py first seen with mtime 1652795112.0
File C:\Users\Ireneirungu\PycharmProjects\RafikiChatbot\venv\Lib\site-packages\django\core\serializers\python.py first seen with mtime 1737108719.4535613
File C:\Users\Ireneirungu\PycharmProjects\RafikiChatbot\venv\Lib\site-packages\mongoengine\context_managers.py first seen with mtime 1734694514.404484
File C:\Users\Ireneirungu\PycharmProjects\RafikiChatbot\venv\Lib\site-packages\django\core\servers\basehttp.py first seen with mtime 1737108719.455562
File C:\Users\Ireneirungu\PycharmProjects\RafikiChatbot\venv\Lib\site-packages\werkzeug\datastructures\headers.py first seen with mtime 1738677770.440703
File C:\Users\Ireneirungu\PycharmProjects\RafikiChatbot\venv\Lib\site-packages\django\contrib\auth\validators.py first seen with mtime 1737108718.3268998
File C:\Users\Ireneirungu\PycharmProjects\RafikiChatbot\venv\Lib\site-packages\requests\status_codes.py first seen with mtime 1734352374.2122855
File C:\Users\Ireneirungu\AppData\Local\Programs\Python\Python39\Lib\argparse.py first seen with mtime 1652795110.0
File C:\Users\Ireneirungu\AppData\Local\Programs\Python\Python39\Lib\asyncio\sslproto.py first seen with mtime 1652795110.0
File C:\Users\Ireneirungu\PycharmProjects\RafikiChatbot\venv\Lib\site-packages\django\contrib\sites\__init__.py first seen with mtime 1737108719.2964797
File C:\Users\Ireneirungu\PycharmProjects\RafikiChatbot\venv\Lib\site-packages\django\contrib\sessions\__init__.py first seen with mtime 1737108719.1794913
File C:\Users\Ireneirungu\PycharmProjects\RafikiChatbot\venv\Lib\site-packages\rest_framework\schemas\inspectors.py first seen with mtime 1737108716.7277834
File C:\Users\Ireneirungu\PycharmProjects\RafikiChatbot\venv\Lib\site-packages\django\contrib\postgres\validators.py first seen with mtime 1737108718.9777222
File C:\Users\Ireneirungu\AppData\Local\Programs\Python\Python39\Lib\abc.py first seen with mtime 1652795110.0
File C:\Users\Ireneirungu\PycharmProjects\RafikiChatbot\venv\Lib\site-packages\django\core\mail\__init__.py first seen with mtime 1737108719.4345317
File C:\Users\Ireneirungu\PycharmProjects\RafikiChatbot\venv\Lib\site-packages\django\utils\html.py first seen with mtime 1737108719.5850992
File C:\Users\Ireneirungu\AppData\Local\Programs\Python\Python39\Lib\reprlib.py first seen with mtime 1652795110.0
File C:\Users\Ireneirungu\AppData\Local\Programs\Python\Python39\Lib\hmac.py first seen with mtime 1652795110.0
File C:\Users\Ireneirungu\PycharmProjects\RafikiChatbot\venv\Lib\site-packages\urllib3\_base_connection.py first seen with mtime 1734352373.6025262
File C:\Users\Ireneirungu\PycharmProjects\RafikiChatbot\venv\Lib\site-packages\django\utils\translation\reloader.py first seen with mtime 1737108719.5934787
File C:\Users\Ireneirungu\PycharmProjects\RafikiChatbot\venv\Lib\site-packages\django\db\migrations\operations\models.py first seen with mtime 1737108719.488587
File C:\Users\Ireneirungu\PycharmProjects\RafikiChatbot\core\settings.py first seen with mtime 1742637035.1161451
File C:\Users\Ireneirungu\PycharmProjects\RafikiChatbot\venv\Lib\site-packages\django\forms\fields.py first seen with mtime 1737108719.5099068
File C:\Users\Ireneirungu\AppData\Local\Programs\Python\Python39\Lib\html\parser.py first seen with mtime 1652795110.0
File C:\Users\Ireneirungu\PycharmProjects\RafikiChatbot\venv\Lib\site-packages\werkzeug\sansio\response.py first seen with mtime 1738677770.4808953
File C:\Users\Ireneirungu\PycharmProjects\RafikiChatbot\venv\Lib\site-packages\rest_framework\utils\humanize_datetime.py first seen with mtime 1737108716.7805443
File C:\Users\Ireneirungu\PycharmProjects\RafikiChatbot\venv\Lib\site-packages\django\core\__init__.py first seen with mtime 1737108719.4125192
File C:\Users\Ireneirungu\PycharmProjects\RafikiChatbot\venv\Lib\site-packages\django\db\__init__.py first seen with mtime 1737108719.456561
File C:\Users\Ireneirungu\PycharmProjects\RafikiChatbot\venv\Lib\site-packages\django\db\migrations\exceptions.py first seen with mtime 1737108719.481587
File C:\Users\Ireneirungu\PycharmProjects\RafikiChatbot\venv\Lib\site-packages\django\forms\renderers.py first seen with mtime 1737108719.5120683
File C:\Users\Ireneirungu\AppData\Local\Programs\Python\Python39\Lib\email\parser.py first seen with mtime 1652795110.0
File C:\Users\Ireneirungu\PycharmProjects\RafikiChatbot\venv\Lib\site-packages\sqlparse\engine\grouping.py first seen with mtime 1734690958.513169
File C:\Users\Ireneirungu\PycharmProjects\RafikiChatbot\venv\Lib\site-packages\django\core\files\storage\handler.py first seen with mtime 1737108719.4313564
File C:\Users\Ireneirungu\PycharmProjects\RafikiChatbot\venv\Lib\site-packages\django\db\models\fields\related_descriptors.py first seen with mtime 1737108719.4999027
File C:\Users\Ireneirungu\AppData\Local\Programs\Python\Python39\Lib\http\__init__.py first seen with mtime 1652795110.0
File C:\Users\Ireneirungu\PycharmProjects\RafikiChatbot\venv\Lib\site-packages\urllib3\util\timeout.py first seen with mtime 1734352373.6276243
File C:\Users\Ireneirungu\PycharmProjects\RafikiChatbot\venv\Lib\site-packages\asgiref\local.py first seen with mtime 1734350002.722439
File C:\Users\Ireneirungu\AppData\Local\Programs\Python\Python39\DLLs\_ctypes.pyd first seen with mtime 1652795162.0
File C:\Users\Ireneirungu\PycharmProjects\RafikiChatbot\venv\Lib\site-packages\rest_framework\relations.py first seen with mtime 1737108716.6676507
File C:\Users\Ireneirungu\AppData\Local\Programs\Python\Python39\Lib\encodings\__init__.py first seen with mtime 1652795110.0
File C:\Users\Ireneirungu\PycharmProjects\RafikiChatbot\venv\Lib\site-packages\django\utils\decorators.py first seen with mtime 1737108719.5815508
File C:\Users\Ireneirungu\AppData\Local\Programs\Python\Python39\Lib\asyncio\base_events.py first seen with mtime 1652795110.0
File C:\Users\Ireneirungu\AppData\Local\Programs\Python\Python39\Lib\shutil.py first seen with mtime 1652795110.0
File C:\Users\Ireneirungu\PycharmProjects\RafikiChatbot\venv\Lib\site-packages\django\utils\termcolors.py first seen with mtime 1737108719.5894783
File C:\Users\Ireneirungu\PycharmProjects\RafikiChatbot\venv\Lib\site-packages\bson\codec_options.py first seen with mtime 1734681582.7199757
File C:\Users\Ireneirungu\PycharmProjects\RafikiChatbot\venv\Lib\site-packages\sqlparse\engine\filter_stack.py first seen with mtime 1734690958.5121543
File C:\Users\Ireneirungu\AppData\Local\Programs\Python\Python39\Lib\sre_compile.py first seen with mtime 1652795110.0
File C:\Users\Ireneirungu\AppData\Local\Programs\Python\Python39\Lib\sre_constants.py first seen with mtime 1652795110.0
File C:\Users\Ireneirungu\AppData\Local\Programs\Python\Python39\Lib\xml\dom\minidom.py first seen with mtime 1652795112.0
File C:\Users\Ireneirungu\AppData\Local\Programs\Python\Python39\Lib\quopri.py first seen with mtime 1652795110.0
File C:\Users\Ireneirungu\PycharmProjects\RafikiChatbot\core\__init__.py first seen with mtime 1738505856.240755
File C:\Users\Ireneirungu\PycharmProjects\RafikiChatbot\venv\Lib\site-packages\django\contrib\admin\helpers.py first seen with mtime 1737108717.9397252
File C:\Users\Ireneirungu\PycharmProjects\RafikiChatbot\venv\Lib\site-packages\werkzeug\datastructures\structures.py first seen with mtime 1738677770.4446428
File C:\Users\Ireneirungu\AppData\Local\Programs\Python\Python39\Lib\contextlib.py first seen with mtime 1652795110.0
File C:\Users\Ireneirungu\PycharmProjects\RafikiChatbot\venv\Lib\site-packages\django\contrib\auth\forms.py first seen with mtime 1737108718.3228998
File C:\Users\Ireneirungu\PycharmProjects\RafikiChatbot\chatbot\views.py first seen with mtime 1742638273.1509566
File C:\Users\Ireneirungu\PycharmProjects\RafikiChatbot\venv\Lib\site-packages\pymongo\_cmessage.cp39-win_amd64.pyd first seen with mtime 1734681582.7321234
File C:\Users\Ireneirungu\PycharmProjects\RafikiChatbot\venv\Lib\site-packages\charset_normalizer\legacy.py first seen with mtime 1734352373.9976816
File C:\Users\Ireneirungu\AppData\Local\Programs\Python\Python39\Lib\ast.py first seen with mtime 1652795110.0
File C:\Users\Ireneirungu\AppData\Local\Programs\Python\Python39\DLLs\_decimal.pyd first seen with mtime 1652795162.0
File C:\Users\Ireneirungu\AppData\Local\Programs\Python\Python39\Lib\_sitebuiltins.py first seen with mtime 1652795110.0
File C:\Users\Ireneirungu\PycharmProjects\RafikiChatbot\venv\Lib\site-packages\django\contrib\auth\apps.py first seen with mtime 1737108718.3199017
File C:\Users\Ireneirungu\PycharmProjects\RafikiChatbot\venv\Lib\site-packages\django\db\models\signals.py first seen with mtime 1737108719.4959035
File C:\Users\Ireneirungu\PycharmProjects\RafikiChatbot\venv\Lib\site-packages\django\template\defaultfilters.py first seen with mtime 1737108719.5576987
File C:\Users\Ireneirungu\PycharmProjects\RafikiChatbot\venv\Lib\site-packages\django\contrib\auth\middleware.py first seen with mtime 1737108718.3238997
File C:\Users\Ireneirungu\PycharmProjects\RafikiChatbot\venv\Lib\site-packages\pymongo\srv_resolver.py first seen with mtime 1734681582.775756
File C:\Users\Ireneirungu\PycharmProjects\RafikiChatbot\venv\Lib\site-packages\django\db\models\sql\query.py first seen with mtime 1737108719.5069034
File C:\Users\Ireneirungu\PycharmProjects\RafikiChatbot\venv\Lib\site-packages\werkzeug\sansio\utils.py first seen with mtime 1738677770.482081
File C:\Users\Ireneirungu\PycharmProjects\RafikiChatbot\venv\Lib\site-packages\sqlparse\filters\aligned_indent.py first seen with mtime 1734690958.5167682
File C:\Users\Ireneirungu\AppData\Local\Programs\Python\Python39\Lib\asyncio\base_subprocess.py first seen with mtime 1652795110.0
File C:\Users\Ireneirungu\PycharmProjects\RafikiChatbot\venv\Lib\site-packages\django\conf\urls\__init__.py first seen with mtime 1737108717.9350169
File C:\Users\Ireneirungu\PycharmProjects\RafikiChatbot\venv\Lib\site-packages\django\core\checks\async_checks.py first seen with mtime 1737108719.4196482
File C:\Users\Ireneirungu\AppData\Local\Programs\Python\Python39\Lib\functools.py first seen with mtime 1652795110.0
File C:\Users\Ireneirungu\PycharmProjects\RafikiChatbot\venv\Lib\site-packages\pymongo\command_cursor.py first seen with mtime 1734681582.7463624
File C:\Users\Ireneirungu\PycharmProjects\RafikiChatbot\venv\Lib\site-packages\requests\__init__.py first seen with mtime 1734352374.20162
File C:\Users\Ireneirungu\PycharmProjects\RafikiChatbot\venv\Lib\site-packages\django\template\autoreload.py first seen with mtime 1737108719.5556965
File C:\Users\Ireneirungu\PycharmProjects\RafikiChatbot\venv\Lib\site-packages\rest_framework\templatetags\rest_framework.py first seen with mtime 1737108716.7780335
File C:\Users\Ireneirungu\PycharmProjects\RafikiChatbot\venv\Lib\site-packages\django\template\loader.py first seen with mtime 1737108719.5596967
File C:\Users\Ireneirungu\PycharmProjects\RafikiChatbot\venv\Lib\site-packages\urllib3\connection.py first seen with mtime 1734352373.6065369
File C:\Users\Ireneirungu\PycharmProjects\RafikiChatbot\venv\Lib\site-packages\django\contrib\messages\storage\base.py first seen with mtime 1737108718.9718716
File C:\Users\Ireneirungu\PycharmProjects\RafikiChatbot\venv\Lib\site-packages\django\forms\formsets.py first seen with mtime 1737108719.5109124
File C:\Users\Ireneirungu\PycharmProjects\RafikiChatbot\venv\Lib\site-packages\django\contrib\admin\templatetags\__init__.py first seen with mtime 1737108718.2058008
File C:\Users\Ireneirungu\PycharmProjects\RafikiChatbot\venv\Lib\site-packages\django\utils\translation\trans_real.py first seen with mtime 1737108719.5944774
File C:\Users\Ireneirungu\PycharmProjects\RafikiChatbot\venv\Lib\site-packages\pymongo\driver_info.py first seen with mtime 1734681582.7543666
File C:\Users\Ireneirungu\PycharmProjects\RafikiChatbot\venv\Lib\site-packages\urllib3\connectionpool.py first seen with mtime 1734352373.6075337
File C:\Users\Ireneirungu\PycharmProjects\RafikiChatbot\chatbot\admin.py first seen with mtime 1738505856.237081
File C:\Users\Ireneirungu\PycharmProjects\RafikiChatbot\venv\Lib\site-packages\django\core\checks\security\base.py first seen with mtime 1737108719.4252796
File C:\Users\Ireneirungu\PycharmProjects\RafikiChatbot\venv\Lib\site-packages\charset_normalizer\md__mypyc.cp39-win_amd64.pyd first seen with mtime 1734352374.0419133
File C:\Users\Ireneirungu\PycharmProjects\RafikiChatbot\venv\Lib\site-packages\django\db\migrations\state.py first seen with mtime 1737108719.4855864
File C:\Users\Ireneirungu\PycharmProjects\RafikiChatbot\venv\Lib\site-packages\django\db\models\sql\where.py first seen with mtime 1737108719.5079033
File C:\Users\Ireneirungu\PycharmProjects\RafikiChatbot\venv\Lib\site-packages\django\template\smartif.py first seen with mtime 1737108719.5606966
File C:\Users\Ireneirungu\PycharmProjects\RafikiChatbot\venv\Lib\site-packages\charset_normalizer\__init__.py first seen with mtime 1734352373.993682
File C:\Users\Ireneirungu\PycharmProjects\RafikiChatbot\venv\Lib\site-packages\django\contrib\admin\decorators.py first seen with mtime 1737108717.9382794
File C:\Users\Ireneirungu\PycharmProjects\RafikiChatbot\venv\Lib\site-packages\urllib3\_collections.py first seen with mtime 1734352373.6035266
File C:\Users\Ireneirungu\PycharmProjects\RafikiChatbot\venv\Lib\site-packages\django\contrib\admin\views\decorators.py first seen with mtime 1737108718.2088008
File C:\Users\Ireneirungu\AppData\Local\Programs\Python\Python39\Lib\email\header.py first seen with mtime 1652795110.0
File C:\Users\Ireneirungu\PycharmProjects\RafikiChatbot\venv\Lib\site-packages\django\contrib\messages\storage\__init__.py first seen with mtime 1737108718.9718716
File C:\Users\Ireneirungu\PycharmProjects\RafikiChatbot\venv\Lib\site-packages\pymongo\encryption_options.py first seen with mtime 1734681582.7553606
File C:\Users\Ireneirungu\AppData\Local\Programs\Python\Python39\Lib\pickle.py first seen with mtime 1652795110.0
File C:\Users\Ireneirungu\AppData\Local\Programs\Python\Python39\Lib\signal.py first seen with mtime 1652795110.0
File C:\Users\Ireneirungu\PycharmProjects\RafikiChatbot\venv\Lib\site-packages\pymongo\topology.py first seen with mtime 1734681582.7787602
File C:\Users\Ireneirungu\PycharmProjects\RafikiChatbot\venv\Lib\site-packages\werkzeug\sansio\multipart.py first seen with mtime 1738677770.478094
File C:\Users\Ireneirungu\PycharmProjects\RafikiChatbot\venv\Lib\site-packages\mongoengine\base\document.py first seen with mtime 1734694514.4156575
File C:\Users\Ireneirungu\PycharmProjects\RafikiChatbot\venv\Lib\site-packages\django\core\checks\security\__init__.py first seen with mtime 1737108719.4252796
File C:\Users\Ireneirungu\PycharmProjects\RafikiChatbot\venv\Lib\site-packages\pymongo\server.py first seen with mtime 1734681582.7723553
File C:\Users\Ireneirungu\PycharmProjects\RafikiChatbot\venv\Lib\site-packages\bson\py3compat.py first seen with mtime 1734681582.725108
File C:\Users\Ireneirungu\PycharmProjects\RafikiChatbot\venv\Lib\site-packages\django\core\management\commands\__init__.py first seen with mtime 1737108719.4415317
File C:\Users\Ireneirungu\AppData\Local\Programs\Python\Python39\Lib\nturl2path.py first seen with mtime 1652795110.0
File C:\Users\Ireneirungu\PycharmProjects\RafikiChatbot\venv\Lib\site-packages\mongoengine\__init__.py first seen with mtime 1734694514.4014757
File C:\Users\Ireneirungu\PycharmProjects\RafikiChatbot\venv\Lib\site-packages\django\views\generic\dates.py first seen with mtime 1737108719.602479
File C:\Users\Ireneirungu\AppData\Local\Programs\Python\Python39\DLLs\select.pyd first seen with mtime 1652795162.0
File C:\Users\Ireneirungu\PycharmProjects\RafikiChatbot\venv\Lib\site-packages\werkzeug\datastructures\file_storage.py first seen with mtime 1738677770.4383798
File C:\Users\Ireneirungu\PycharmProjects\RafikiChatbot\venv\Lib\site-packages\django\contrib\auth\models.py first seen with mtime 1737108718.3249
File C:\Users\Ireneirungu\PycharmProjects\RafikiChatbot\venv\Lib\site-packages\django\db\models\fields\related_lookups.py first seen with mtime 1737108719.5009031
File C:\Users\Ireneirungu\PycharmProjects\RafikiChatbot\venv\Lib\site-packages\django\utils\regex_helper.py first seen with mtime 1737108719.588478
File C:\Users\Ireneirungu\PycharmProjects\RafikiChatbot\venv\Lib\site-packages\pymongo\message.py first seen with mtime 1734681582.7623558
File C:\Users\Ireneirungu\AppData\Local\Programs\Python\Python39\Lib\urllib\error.py first seen with mtime 1652795112.0
File C:\Users\Ireneirungu\PycharmProjects\RafikiChatbot\venv\Lib\site-packages\werkzeug\utils.py first seen with mtime 1738677770.4279633
File C:\Users\Ireneirungu\PycharmProjects\RafikiChatbot\venv\Lib\site-packages\django\core\files\__init__.py first seen with mtime 1737108719.4266655
File C:\Users\Ireneirungu\AppData\Local\Programs\Python\Python39\Lib\email\generator.py first seen with mtime 1652795110.0
File C:\Users\Ireneirungu\PycharmProjects\RafikiChatbot\venv\Lib\site-packages\rest_framework\parsers.py first seen with mtime 1737108716.6676507
File C:\Users\Ireneirungu\PycharmProjects\RafikiChatbot\venv\Lib\site-packages\urllib3\poolmanager.py first seen with mtime 1734352373.609536
File C:\Users\Ireneirungu\PycharmProjects\RafikiChatbot\venv\Lib\site-packages\pymongo\read_preferences.py first seen with mtime 1734681582.7703552
File C:\Users\Ireneirungu\PycharmProjects\RafikiChatbot\venv\Lib\site-packages\bson\raw_bson.py first seen with mtime 1734681582.725108
File C:\Users\Ireneirungu\PycharmProjects\RafikiChatbot\venv\Lib\site-packages\django\db\backends\base\client.py first seen with mtime 1737108719.4595618
File C:\Users\Ireneirungu\PycharmProjects\RafikiChatbot\venv\Lib\site-packages\django\db\models\fields\__init__.py first seen with mtime 1737108719.4969034
File C:\Users\Ireneirungu\PycharmProjects\RafikiChatbot\venv\Lib\site-packages\django\db\models\functions\mixins.py first seen with mtime 1737108719.5029035
File C:\Users\Ireneirungu\PycharmProjects\RafikiChatbot\venv\Lib\site-packages\pymongo\change_stream.py first seen with mtime 1734681582.7391322
File C:\Users\Ireneirungu\PycharmProjects\RafikiChatbot\venv\Lib\site-packages\mongoengine\document.py first seen with mtime 1734694514.4055016
File C:\Users\Ireneirungu\AppData\Local\Programs\Python\Python39\Lib\ctypes\_endian.py first seen with mtime 1652795110.0
File C:\Users\Ireneirungu\PycharmProjects\RafikiChatbot\venv\Lib\site-packages\mongoengine\errors.py first seen with mtime 1734694514.4077282
File C:\Users\Ireneirungu\PycharmProjects\RafikiChatbot\venv\Lib\site-packages\django\template\utils.py first seen with mtime 1737108719.5606966
File C:\Users\Ireneirungu\PycharmProjects\RafikiChatbot\venv\Lib\site-packages\django\urls\converters.py first seen with mtime 1737108719.5736966
File C:\Users\Ireneirungu\PycharmProjects\RafikiChatbot\venv\Lib\site-packages\django\core\files\move.py first seen with mtime 1737108719.4280593
File C:\Users\Ireneirungu\PycharmProjects\RafikiChatbot\venv\Lib\site-packages\rest_framework\utils\model_meta.py first seen with mtime 1737108716.7815442
File C:\Users\Ireneirungu\PycharmProjects\RafikiChatbot\venv\Lib\site-packages\rest_framework\permissions.py first seen with mtime 1737108716.6676507
File C:\Users\Ireneirungu\PycharmProjects\RafikiChatbot\venv\Lib\site-packages\django\forms\forms.py first seen with mtime 1737108719.5109124
File C:\Users\Ireneirungu\PycharmProjects\RafikiChatbot\venv\Lib\site-packages\pymongo\monitoring.py first seen with mtime 1734681582.7653575
File C:\Users\Ireneirungu\PycharmProjects\RafikiChatbot\venv\Lib\site-packages\rest_framework\utils\encoders.py first seen with mtime 1737108716.7795384
File C:\Users\Ireneirungu\PycharmProjects\RafikiChatbot\venv\Lib\site-packages\django\db\transaction.py first seen with mtime 1737108719.456561
File C:\Users\Ireneirungu\AppData\Local\Programs\Python\Python39\Lib\encodings\utf_8.py first seen with mtime 1652795110.0
File C:\Users\Ireneirungu\AppData\Local\Programs\Python\Python39\Lib\encodings\latin_1.py first seen with mtime 1652795110.0
File C:\Users\Ireneirungu\AppData\Local\Programs\Python\Python39\Lib\json\scanner.py first seen with mtime 1652795110.0
File C:\Users\Ireneirungu\PycharmProjects\RafikiChatbot\venv\Lib\site-packages\jwt\algorithms.py first seen with mtime 1738679958.2124398
File C:\Users\Ireneirungu\AppData\Local\Programs\Python\Python39\Lib\unittest\case.py first seen with mtime 1652795112.0
File C:\Users\Ireneirungu\PycharmProjects\RafikiChatbot\venv\Lib\site-packages\pymongo\write_concern.py first seen with mtime 1734681582.7797568
File C:\Users\Ireneirungu\AppData\Local\Programs\Python\Python39\Lib\asyncio\threads.py first seen with mtime 1652795110.0
File C:\Users\Ireneirungu\PycharmProjects\RafikiChatbot\venv\Lib\site-packages\bson\binary.py first seen with mtime 1734681582.7189727
File C:\Users\Ireneirungu\AppData\Local\Programs\Python\Python39\Lib\threading.py first seen with mtime 1652795112.0
File C:\Users\Ireneirungu\PycharmProjects\RafikiChatbot\venv\Lib\site-packages\django\db\models\constants.py first seen with mtime 1737108719.490413
File C:\Users\Ireneirungu\PycharmProjects\RafikiChatbot\venv\Lib\site-packages\rest_framework\authentication.py first seen with mtime 1737108716.6620271
File C:\Users\Ireneirungu\PycharmProjects\RafikiChatbot\venv\Lib\site-packages\django\utils\dates.py first seen with mtime 1737108719.5805454
File C:\Users\Ireneirungu\PycharmProjects\RafikiChatbot\venv\Lib\site-packages\django\templatetags\cache.py first seen with mtime 1737108719.5666966
File C:\Users\Ireneirungu\PycharmProjects\RafikiChatbot\venv\Lib\site-packages\django\core\checks\files.py first seen with mtime 1737108719.4208922
File C:\Users\Ireneirungu\PycharmProjects\RafikiChatbot\venv\Lib\site-packages\django\utils\__init__.py first seen with mtime 1737108719.5756967
File C:\Users\Ireneirungu\AppData\Local\Programs\Python\Python39\Lib\importlib\_common.py first seen with mtime 1652795110.0
File C:\Users\Ireneirungu\PycharmProjects\RafikiChatbot\venv\Lib\site-packages\django\contrib\staticfiles\__init__.py first seen with mtime 1737108719.405435
File C:\Users\Ireneirungu\PycharmProjects\RafikiChatbot\venv\Lib\site-packages\pymongo\monotonic.py first seen with mtime 1734681582.7653575
File C:\Users\Ireneirungu\AppData\Local\Programs\Python\Python39\Lib\encodings\idna.py first seen with mtime 1652795110.0
File C:\Users\Ireneirungu\PycharmProjects\RafikiChatbot\venv\Lib\site-packages\django\db\migrations\utils.py first seen with mtime 1737108719.4855864
File C:\Users\Ireneirungu\AppData\Local\Programs\Python\Python39\Lib\_collections_abc.py first seen with mtime 1652795110.0
File C:\Users\Ireneirungu\AppData\Local\Programs\Python\Python39\Lib\difflib.py first seen with mtime 1652795110.0
File C:\Users\Ireneirungu\PycharmProjects\RafikiChatbot\venv\Lib\site-packages\mongoengine\base\datastructures.py first seen with mtime 1734694514.4156575
File C:\Users\Ireneirungu\PycharmProjects\RafikiChatbot\venv\Lib\site-packages\pymongo\ssl_context.py first seen with mtime 1734681582.7767556
File C:\Users\Ireneirungu\PycharmProjects\RafikiChatbot\venv\Lib\site-packages\django\conf\global_settings.py first seen with mtime 1737108717.754027
File C:\Users\Ireneirungu\AppData\Local\Programs\Python\Python39\Lib\bz2.py first seen with mtime 1652795110.0
File C:\Users\Ireneirungu\PycharmProjects\RafikiChatbot\venv\Lib\site-packages\django\core\management\commands\runserver.py first seen with mtime 1737108719.4475317
File C:\Users\Ireneirungu\AppData\Local\Programs\Python\Python39\Lib\importlib\metadata.py first seen with mtime 1652795110.0
File C:\Users\Ireneirungu\PycharmProjects\RafikiChatbot\venv\Lib\site-packages\jwt\api_jwk.py first seen with mtime 1738679958.2140179
File C:\Users\Ireneirungu\AppData\Local\Programs\Python\Python39\Lib\email\mime\base.py first seen with mtime 1652795110.0
File C:\Users\Ireneirungu\PycharmProjects\RafikiChatbot\venv\Lib\site-packages\mongoengine\queryset\queryset.py first seen with mtime 1734694514.4246054
File C:\Users\Ireneirungu\PycharmProjects\RafikiChatbot\venv\Lib\site-packages\django\db\models\lookups.py first seen with mtime 1737108719.4929035
File C:\Users\Ireneirungu\PycharmProjects\RafikiChatbot\venv\Lib\site-packages\django\contrib\auth\backends.py first seen with mtime 1737108718.3209002
File C:\Users\Ireneirungu\PycharmProjects\RafikiChatbot\venv\Lib\site-packages\django\utils\formats.py first seen with mtime 1737108719.5835502
File C:\Users\Ireneirungu\PycharmProjects\RafikiChatbot\venv\Lib\site-packages\sqlparse\formatter.py first seen with mtime 1734690958.5036986
File C:\Users\Ireneirungu\PycharmProjects\RafikiChatbot\venv\Lib\site-packages\pymongo\pool.py first seen with mtime 1734681582.7683558
File C:\Users\Ireneirungu\AppData\Local\Programs\Python\Python39\Lib\_markupbase.py first seen with mtime 1652795110.0
File C:\Users\Ireneirungu\AppData\Local\Programs\Python\Python39\Lib\asyncio\windows_utils.py first seen with mtime 1652795110.0
File C:\Users\Ireneirungu\PycharmProjects\RafikiChatbot\venv\Lib\site-packages\django\contrib\messages\__init__.py first seen with mtime 1737108718.9679291
File C:\Users\Ireneirungu\PycharmProjects\RafikiChatbot\venv\Lib\site-packages\django\forms\models.py first seen with mtime 1737108719.5120683
File C:\Users\Ireneirungu\AppData\Local\Programs\Python\Python39\Lib\hashlib.py first seen with mtime 1652795110.0
File C:\Users\Ireneirungu\PycharmProjects\RafikiChatbot\venv\Lib\site-packages\bson\_cbson.cp39-win_amd64.pyd first seen with mtime 1734681582.7150095
File C:\Users\Ireneirungu\PycharmProjects\RafikiChatbot\venv\Lib\site-packages\pymongo\thread_util.py first seen with mtime 1734681582.7777553
File C:\Users\Ireneirungu\PycharmProjects\RafikiChatbot\venv\Lib\site-packages\urllib3\exceptions.py first seen with mtime 1734352373.6075337
File C:\Users\Ireneirungu\PycharmProjects\RafikiChatbot\venv\Lib\site-packages\django\utils\deconstruct.py first seen with mtime 1737108719.5815508
File C:\Users\Ireneirungu\PycharmProjects\RafikiChatbot\venv\Lib\site-packages\django\contrib\postgres\utils.py first seen with mtime 1737108718.9777222
File C:\Users\Ireneirungu\PycharmProjects\RafikiChatbot\venv\Lib\site-packages\django\utils\text.py first seen with mtime 1737108719.5894783
File C:\Users\Ireneirungu\AppData\Local\Programs\Python\Python39\Lib\collections\abc.py first seen with mtime 1652795110.0
File C:\Users\Ireneirungu\PycharmProjects\RafikiChatbot\venv\Lib\site-packages\django\core\validators.py first seen with mtime 1737108719.4152586
File C:\Users\Ireneirungu\AppData\Local\Programs\Python\Python39\Lib\email\mime\__init__.py first seen with mtime 1652795110.0
File C:\Users\Ireneirungu\PycharmProjects\RafikiChatbot\venv\Lib\site-packages\urllib3\_version.py first seen with mtime 1734352373.6055334
File C:\Users\Ireneirungu\PycharmProjects\RafikiChatbot\venv\Lib\site-packages\django\contrib\admin\templatetags\log.py first seen with mtime 1737108718.2078006
File C:\Users\Ireneirungu\PycharmProjects\RafikiChatbot\venv\Lib\site-packages\django\utils\topological_sort.py first seen with mtime 1737108719.5914783
File C:\Users\Ireneirungu\AppData\Local\Programs\Python\Python39\Lib\typing.py first seen with mtime 1652795112.0
File C:\Users\Ireneirungu\PycharmProjects\RafikiChatbot\venv\Lib\site-packages\rest_framework\schemas\__init__.py first seen with mtime 1737108716.7267835
File C:\Users\Ireneirungu\PycharmProjects\RafikiChatbot\venv\Lib\site-packages\django\views\debug.py first seen with mtime 1737108719.5964787
File C:\Users\Ireneirungu\PycharmProjects\RafikiChatbot\venv\Lib\site-packages\jwt\__init__.py first seen with mtime 1738679958.2069287
File C:\Users\Ireneirungu\PycharmProjects\RafikiChatbot\venv\Lib\site-packages\django\core\wsgi.py first seen with mtime 1737108719.4152586
File C:\Users\Ireneirungu\PycharmProjects\RafikiChatbot\venv\Lib\site-packages\django\template\loaders\app_directories.py first seen with mtime 1737108719.5646966
File C:\Users\Ireneirungu\AppData\Local\Programs\Python\Python39\Lib\warnings.py first seen with mtime 1652795112.0
File C:\Users\Ireneirungu\AppData\Local\Programs\Python\Python39\Lib\asyncio\locks.py first seen with mtime 1652795110.0
File C:\Users\Ireneirungu\PycharmProjects\RafikiChatbot\venv\Lib\site-packages\django\db\models\sql\datastructures.py first seen with mtime 1737108719.5059032
File C:\Users\Ireneirungu\PycharmProjects\RafikiChatbot\venv\Lib\site-packages\django\templatetags\i18n.py first seen with mtime 1737108719.5666966
File C:\Users\Ireneirungu\PycharmProjects\RafikiChatbot\chatbot\apps.py first seen with mtime 1738505856.2380807
File C:\Users\Ireneirungu\PycharmProjects\RafikiChatbot\venv\Lib\site-packages\django\db\models\constraints.py first seen with mtime 1737108719.4914224
File C:\Users\Ireneirungu\PycharmProjects\RafikiChatbot\venv\Lib\site-packages\django\template\loader_tags.py first seen with mtime 1737108719.5596967
File C:\Users\Ireneirungu\PycharmProjects\RafikiChatbot\venv\Lib\site-packages\werkzeug\sansio\http.py first seen with mtime 1738677770.478094
File C:\Users\Ireneirungu\PycharmProjects\RafikiChatbot\venv\Lib\site-packages\django\contrib\admin\filters.py first seen with mtime 1737108717.9387197
File C:\Users\Ireneirungu\AppData\Local\Programs\Python\Python39\Lib\random.py first seen with mtime 1652795110.0
File C:\Users\Ireneirungu\PycharmProjects\RafikiChatbot\venv\Lib\site-packages\corsheaders\signals.py first seen with mtime 1737108771.0295494
File C:\Users\Ireneirungu\PycharmProjects\RafikiChatbot\venv\Lib\site-packages\django\template\context.py first seen with mtime 1737108719.5566967
File C:\Users\Ireneirungu\AppData\Local\Programs\Python\Python39\DLLs\unicodedata.pyd first seen with mtime 1652795164.0
File C:\Users\Ireneirungu\AppData\Local\Programs\Python\Python39\Lib\logging\__init__.py first seen with mtime 1652795110.0
File C:\Users\Ireneirungu\PycharmProjects\RafikiChatbot\venv\Lib\site-packages\rest_framework\utils\timezone.py first seen with mtime 1737108716.7825444
File C:\Users\Ireneirungu\PycharmProjects\RafikiChatbot\venv\Lib\site-packages\corsheaders\checks.py first seen with mtime 1737108771.0275495
File C:\Users\Ireneirungu\PycharmProjects\RafikiChatbot\venv\Lib\site-packages\django\views\static.py first seen with mtime 1737108719.5974784
File C:\Users\Ireneirungu\PycharmProjects\RafikiChatbot\venv\Lib\site-packages\django\test\utils.py first seen with mtime 1737108719.5716963
File C:\Users\Ireneirungu\PycharmProjects\RafikiChatbot\venv\Lib\site-packages\django\contrib\contenttypes\__init__.py first seen with mtime 1737108718.4385047
File C:\Users\Ireneirungu\AppData\Local\Programs\Python\Python39\Lib\asyncio\subprocess.py first seen with mtime 1652795110.0
File C:\Users\Ireneirungu\AppData\Local\Programs\Python\Python39\Lib\stat.py first seen with mtime 1652795110.0
File C:\Users\Ireneirungu\AppData\Local\Programs\Python\Python39\Lib\xml\dom\domreg.py first seen with mtime 1652795112.0
File C:\Users\Ireneirungu\AppData\Local\Programs\Python\Python39\Lib\xml\dom\xmlbuilder.py first seen with mtime 1652795112.0
File C:\Users\Ireneirungu\PycharmProjects\RafikiChatbot\venv\Lib\site-packages\django\contrib\auth\base_user.py first seen with mtime 1737108718.3209002
File C:\Users\Ireneirungu\PycharmProjects\RafikiChatbot\venv\Lib\site-packages\bson\objectid.py first seen with mtime 1734681582.724011
File C:\Users\Ireneirungu\AppData\Local\Programs\Python\Python39\Lib\email\mime\text.py first seen with mtime 1652795110.0
File C:\Users\Ireneirungu\PycharmProjects\RafikiChatbot\venv\Lib\site-packages\django\core\signing.py first seen with mtime 1737108719.4138215
File C:\Users\Ireneirungu\AppData\Local\Programs\Python\Python39\Lib\ipaddress.py first seen with mtime 1652795110.0
File C:\Users\Ireneirungu\PycharmProjects\RafikiChatbot\venv\Lib\site-packages\jwt\warnings.py first seen with mtime 1738679958.242665
File C:\Users\Ireneirungu\AppData\Local\Programs\Python\Python39\Lib\asyncio\base_tasks.py first seen with mtime 1652795110.0
File C:\Users\Ireneirungu\PycharmProjects\RafikiChatbot\venv\Lib\site-packages\django\urls\exceptions.py first seen with mtime 1737108719.5736966
File C:\Users\Ireneirungu\PycharmProjects\RafikiChatbot\venv\Lib\site-packages\werkzeug\sansio\request.py first seen with mtime 1738677770.4795732
File C:\Users\Ireneirungu\PycharmProjects\RafikiChatbot\venv\Lib\site-packages\django\db\backends\base\validation.py first seen with mtime 1737108719.462562
File C:\Users\Ireneirungu\PycharmProjects\RafikiChatbot\venv\Lib\site-packages\django\contrib\sessions\middleware.py first seen with mtime 1737108719.1804903
File C:\Users\Ireneirungu\PycharmProjects\RafikiChatbot\venv\Lib\site-packages\idna\idnadata.py first seen with mtime 1734352373.8461885
File C:\Users\Ireneirungu\PycharmProjects\RafikiChatbot\venv\Lib\site-packages\django\db\models\query.py first seen with mtime 1737108719.4949033
File C:\Users\Ireneirungu\AppData\Local\Programs\Python\Python39\Lib\io.py first seen with mtime 1652795110.0
File C:\Users\Ireneirungu\PycharmProjects\RafikiChatbot\venv\Lib\site-packages\django\core\mail\message.py first seen with mtime 1737108719.4355326
File C:\Users\Ireneirungu\PycharmProjects\RafikiChatbot\venv\Lib\site-packages\werkzeug\wrappers\response.py first seen with mtime 1738677770.4861808
File C:\Users\Ireneirungu\PycharmProjects\RafikiChatbot\venv\Lib\site-packages\django\contrib\postgres\forms\array.py first seen with mtime 1737108718.9842331
File C:\Users\Ireneirungu\PycharmProjects\RafikiChatbot\venv\Lib\site-packages\charset_normalizer\version.py first seen with mtime 1734352374.0547538
File C:\Users\Ireneirungu\AppData\Local\Programs\Python\Python39\Lib\http\server.py first seen with mtime 1652795110.0
File C:\Users\Ireneirungu\PycharmProjects\RafikiChatbot\venv\Lib\site-packages\django\core\checks\security\csrf.py first seen with mtime 1737108719.4252796
File C:\Users\Ireneirungu\PycharmProjects\RafikiChatbot\venv\Lib\site-packages\django\contrib\auth\admin.py first seen with mtime 1737108718.3199017
File C:\Users\Ireneirungu\AppData\Local\Programs\Python\Python39\Lib\wsgiref\simple_server.py first seen with mtime 1652795112.0
File C:\Users\Ireneirungu\PycharmProjects\RafikiChatbot\venv\Lib\site-packages\pymongo\read_concern.py first seen with mtime 1734681582.7693553
File C:\Users\Ireneirungu\PycharmProjects\RafikiChatbot\chatbot\models.py first seen with mtime 1742606537.1181095
File C:\Users\Ireneirungu\PycharmProjects\RafikiChatbot\venv\Lib\site-packages\django\db\backends\base\introspection.py first seen with mtime 1737108719.4615612
File C:\Users\Ireneirungu\PycharmProjects\RafikiChatbot\venv\Lib\site-packages\werkzeug\http.py first seen with mtime 1738677770.4169629
File C:\Users\Ireneirungu\PycharmProjects\RafikiChatbot\venv\Lib\site-packages\django\contrib\sites\shortcuts.py first seen with mtime 1737108719.2994788
File C:\Users\Ireneirungu\PycharmProjects\RafikiChatbot\venv\Lib\site-packages\django\contrib\sessions\backends\base.py first seen with mtime 1737108719.182492
File C:\Users\Ireneirungu\AppData\Local\Programs\Python\Python39\Lib\dis.py first seen with mtime 1652795110.0
File C:\Users\Ireneirungu\AppData\Local\Programs\Python\Python39\Lib\traceback.py first seen with mtime 1652795112.0
File C:\Users\Ireneirungu\PycharmProjects\RafikiChatbot\venv\Lib\site-packages\django\forms\utils.py first seen with mtime 1737108719.513073
File C:\Users\Ireneirungu\PycharmProjects\RafikiChatbot\venv\Lib\site-packages\sqlparse\filters\reindent.py first seen with mtime 1734690958.5198305
File C:\Users\Ireneirungu\PycharmProjects\RafikiChatbot\venv\Lib\site-packages\django\utils\encoding.py first seen with mtime 1737108719.5825505
File C:\Users\Ireneirungu\PycharmProjects\RafikiChatbot\venv\Lib\site-packages\urllib3\util\url.py first seen with mtime 1734352373.6286242
File C:\Users\Ireneirungu\PycharmProjects\RafikiChatbot\venv\Lib\site-packages\rest_framework\mixins.py first seen with mtime 1737108716.6662376
File C:\Users\Ireneirungu\PycharmProjects\RafikiChatbot\venv\Lib\site-packages\mongoengine\queryset\base.py first seen with mtime 1734694514.4216118
File C:\Users\Ireneirungu\PycharmProjects\RafikiChatbot\venv\Lib\site-packages\rest_framework_simplejwt\tokens.py first seen with mtime 1738782341.4452572
File C:\Users\Ireneirungu\PycharmProjects\RafikiChatbot\venv\Lib\site-packages\jwt\api_jws.py first seen with mtime 1738679958.2155378
File C:\Users\Ireneirungu\PycharmProjects\RafikiChatbot\venv\Lib\site-packages\django\db\models\base.py first seen with mtime 1737108719.490413
File C:\Users\Ireneirungu\AppData\Local\Programs\Python\Python39\Lib\subprocess.py first seen with mtime 1652795110.0
File C:\Users\Ireneirungu\PycharmProjects\RafikiChatbot\venv\Lib\site-packages\rest_framework_simplejwt\settings.py first seen with mtime 1738782341.442051
File C:\Users\Ireneirungu\PycharmProjects\RafikiChatbot\venv\Lib\site-packages\django\core\checks\messages.py first seen with mtime 1737108719.4222894
File C:\Users\Ireneirungu\PycharmProjects\RafikiChatbot\venv\Lib\site-packages\django\utils\log.py first seen with mtime 1737108719.5874784
File C:\Users\Ireneirungu\AppData\Local\Programs\Python\Python39\Lib\json\encoder.py first seen with mtime 1652795110.0
File C:\Users\Ireneirungu\AppData\Local\Programs\Python\Python39\Lib\fnmatch.py first seen with mtime 1652795110.0
File C:\Users\Ireneirungu\PycharmProjects\RafikiChatbot\venv\Lib\site-packages\urllib3\response.py first seen with mtime 1734352373.6105356
File C:\Users\Ireneirungu\PycharmProjects\RafikiChatbot\venv\Lib\site-packages\django\contrib\sessions\models.py first seen with mtime 1737108719.1814911
File C:\Users\Ireneirungu\AppData\Local\Programs\Python\Python39\Lib\enum.py first seen with mtime 1652795110.0
File C:\Users\Ireneirungu\PycharmProjects\RafikiChatbot\venv\Lib\site-packages\mongoengine\queryset\__init__.py first seen with mtime 1734694514.4203155
File C:\Users\Ireneirungu\PycharmProjects\RafikiChatbot\venv\Lib\site-packages\werkzeug\exceptions.py first seen with mtime 1738677770.4139664
File C:\Users\Ireneirungu\AppData\Local\Programs\Python\Python39\Lib\unittest\result.py first seen with mtime 1652795112.0
File C:\Users\Ireneirungu\PycharmProjects\RafikiChatbot\venv\Lib\site-packages\django\template\library.py first seen with mtime 1737108719.5596967
File C:\Users\Ireneirungu\PycharmProjects\RafikiChatbot\venv\Lib\site-packages\sqlparse\tokens.py first seen with mtime 1734690958.5090446
File C:\Users\Ireneirungu\PycharmProjects\RafikiChatbot\venv\Lib\site-packages\django\core\cache\backends\filebased.py first seen with mtime 1737108719.4181447
File C:\Users\Ireneirungu\PycharmProjects\RafikiChatbot\venv\Lib\site-packages\django\middleware\csrf.py first seen with mtime 1737108719.553485
File C:\Users\Ireneirungu\PycharmProjects\RafikiChatbot\venv\Lib\site-packages\pymongo\max_staleness_selectors.py first seen with mtime 1734681582.7613585
File C:\Users\Ireneirungu\PycharmProjects\RafikiChatbot\venv\Lib\site-packages\django\core\checks\caches.py first seen with mtime 1737108719.4208922
File C:\Users\Ireneirungu\PycharmProjects\RafikiChatbot\venv\Lib\site-packages\django\db\models\expressions.py first seen with mtime 1737108719.4929035
File C:\Users\Ireneirungu\PycharmProjects\RafikiChatbot\venv\Lib\site-packages\django\db\backends\base\operations.py first seen with mtime 1737108719.4615612
File C:\Users\Ireneirungu\AppData\Local\Programs\Python\Python39\Lib\operator.py first seen with mtime 1652795110.0
File C:\Users\Ireneirungu\PycharmProjects\RafikiChatbot\venv\Lib\site-packages\pytz\tzfile.py first seen with mtime 1734681582.3639057
File C:\Users\Ireneirungu\PycharmProjects\RafikiChatbot\venv\Lib\site-packages\rest_framework\views.py first seen with mtime 1737108716.6733744
File C:\Users\Ireneirungu\PycharmProjects\RafikiChatbot\venv\Lib\site-packages\django\template\exceptions.py first seen with mtime 1737108719.5586965
File C:\Users\Ireneirungu\PycharmProjects\RafikiChatbot\venv\Lib\site-packages\django\db\backends\utils.py first seen with mtime 1737108719.458562
File C:\Users\Ireneirungu\PycharmProjects\RafikiChatbot\venv\Lib\site-packages\django\db\models\functions\datetime.py first seen with mtime 1737108719.5019038
File C:\Users\Ireneirungu\PycharmProjects\RafikiChatbot\venv\Lib\site-packages\rest_framework_simplejwt\__init__.py first seen with mtime 1738782341.4336193
File C:\Users\Ireneirungu\PycharmProjects\RafikiChatbot\venv\Lib\site-packages\corsheaders\apps.py first seen with mtime 1737108771.0265503
File C:\Users\Ireneirungu\AppData\Local\Programs\Python\Python39\Lib\http\cookies.py first seen with mtime 1652795110.0
File C:\Users\Ireneirungu\PycharmProjects\RafikiChatbot\venv\Lib\site-packages\urllib3\util\response.py first seen with mtime 1734352373.6246278
File C:\Users\Ireneirungu\PycharmProjects\RafikiChatbot\venv\Lib\site-packages\corsheaders\middleware.py first seen with mtime 1737108771.02855
File C:\Users\Ireneirungu\PycharmProjects\RafikiChatbot\venv\Lib\site-packages\django\template\loaders\filesystem.py first seen with mtime 1737108719.5656953
File C:\Users\Ireneirungu\PycharmProjects\RafikiChatbot\venv\Lib\site-packages\django\test\signals.py first seen with mtime 1737108719.5706966
File C:\Users\Ireneirungu\PycharmProjects\RafikiChatbot\venv\Lib\site-packages\django\utils\version.py first seen with mtime 1737108719.5914783
File C:\Users\Ireneirungu\PycharmProjects\RafikiChatbot\venv\Lib\site-packages\pymongo\common.py first seen with mtime 1734681582.747444
File C:\Users\Ireneirungu\PycharmProjects\RafikiChatbot\venv\Lib\site-packages\django\contrib\admindocs\utils.py first seen with mtime 1737108718.211594
File C:\Users\Ireneirungu\PycharmProjects\RafikiChatbot\venv\Lib\site-packages\sqlparse\__init__.py first seen with mtime 1734690958.4996963
File C:\Users\Ireneirungu\PycharmProjects\RafikiChatbot\venv\Lib\site-packages\bson\max_key.py first seen with mtime 1734681582.7229757
File C:\Users\Ireneirungu\PycharmProjects\RafikiChatbot\venv\Lib\site-packages\rest_framework\fields.py first seen with mtime 1737108716.6648896
File C:\Users\Ireneirungu\PycharmProjects\RafikiChatbot\venv\Lib\site-packages\django\core\files\uploadhandler.py first seen with mtime 1737108719.4294739
File C:\Users\Ireneirungu\AppData\Local\Programs\Python\Python39\Lib\zoneinfo\_common.py first seen with mtime 1652795112.0
File C:\Users\Ireneirungu\AppData\Local\Programs\Python\Python39\Lib\xml\dom\__init__.py first seen with mtime 1652795112.0
File C:\Users\Ireneirungu\PycharmProjects\RafikiChatbot\venv\Lib\site-packages\django\contrib\sessions\base_session.py first seen with mtime 1737108719.1804903
File C:\Users\Ireneirungu\PycharmProjects\RafikiChatbot\venv\Lib\site-packages\werkzeug\datastructures\range.py first seen with mtime 1738677770.442195
File C:\Users\Ireneirungu\AppData\Local\Programs\Python\Python39\Lib\asyncio\tasks.py first seen with mtime 1652795110.0
File C:\Users\Ireneirungu\PycharmProjects\RafikiChatbot\venv\Lib\site-packages\rest_framework\renderers.py first seen with mtime 1737108716.6676507
File C:\Users\Ireneirungu\PycharmProjects\RafikiChatbot\venv\Lib\site-packages\django\utils\dateparse.py first seen with mtime 1737108719.5805454
File C:\Users\Ireneirungu\AppData\Local\Programs\Python\Python39\Lib\asyncio\events.py first seen with mtime 1652795110.0
File C:\Users\Ireneirungu\PycharmProjects\RafikiChatbot\venv\Lib\site-packages\django\views\i18n.py first seen with mtime 1737108719.5964787
File C:\Users\Ireneirungu\PycharmProjects\RafikiChatbot\venv\Lib\site-packages\pytz\exceptions.py first seen with mtime 1734681582.362906
File C:\Users\Ireneirungu\AppData\Local\Programs\Python\Python39\Lib\asyncio\exceptions.py first seen with mtime 1652795110.0
File C:\Users\Ireneirungu\PycharmProjects\RafikiChatbot\venv\Lib\site-packages\django\contrib\postgres\search.py first seen with mtime 1737108718.976722
File C:\Users\Ireneirungu\PycharmProjects\RafikiChatbot\venv\Lib\site-packages\django\contrib\__init__.py first seen with mtime 1737108717.9362738
File C:\Users\Ireneirungu\PycharmProjects\RafikiChatbot\venv\Lib\site-packages\pymongo\bulk.py first seen with mtime 1734681582.7391322
File C:\Users\Ireneirungu\PycharmProjects\RafikiChatbot\venv\Lib\site-packages\requests\cookies.py first seen with mtime 1734352374.207631
File C:\Users\Ireneirungu\PycharmProjects\RafikiChatbot\venv\Lib\site-packages\jwt\jwk_set_cache.py first seen with mtime 1738679958.2364752
File C:\Users\Ireneirungu\PycharmProjects\RafikiChatbot\venv\Lib\site-packages\django\core\checks\database.py first seen with mtime 1737108719.4208922
File C:\Users\Ireneirungu\PycharmProjects\RafikiChatbot\venv\Lib\site-packages\idna\core.py first seen with mtime 1734352373.845154
File C:\Users\Ireneirungu\AppData\Local\Programs\Python\Python39\Lib\asyncio\constants.py first seen with mtime 1652795110.0
File C:\Users\Ireneirungu\AppData\Local\Programs\Python\Python39\Lib\json\__init__.py first seen with mtime 1652795110.0
File C:\Users\Ireneirungu\PycharmProjects\RafikiChatbot\venv\Lib\site-packages\bson\tz_util.py first seen with mtime 1734681582.7271566
File C:\Users\Ireneirungu\AppData\Local\Programs\Python\Python39\Lib\collections\__init__.py first seen with mtime 1652795110.0
File C:\Users\Ireneirungu\PycharmProjects\RafikiChatbot\venv\Lib\site-packages\django\contrib\admindocs\views.py first seen with mtime 1737108718.211594
File C:\Users\Ireneirungu\PycharmProjects\RafikiChatbot\venv\Lib\site-packages\django\contrib\admin\checks.py first seen with mtime 1737108717.9372797
File C:\Users\Ireneirungu\PycharmProjects\RafikiChatbot\venv\Lib\site-packages\markupsafe\__init__.py first seen with mtime 1738677770.3640027
File C:\Users\Ireneirungu\PycharmProjects\RafikiChatbot\venv\Lib\site-packages\rest_framework\checks.py first seen with mtime 1737108716.6620271
File C:\Users\Ireneirungu\AppData\Local\Programs\Python\Python39\Lib\urllib\request.py first seen with mtime 1652795112.0
File C:\Users\Ireneirungu\PycharmProjects\RafikiChatbot\venv\Lib\site-packages\charset_normalizer\cd.py first seen with mtime 1734352373.996681
File C:\Users\Ireneirungu\PycharmProjects\RafikiChatbot\venv\Lib\site-packages\sqlparse\filters\others.py first seen with mtime 1734690958.517513
File C:\Users\Ireneirungu\PycharmProjects\RafikiChatbot\venv\Lib\site-packages\pymongo\network.py first seen with mtime 1734681582.7663553
File C:\Users\Ireneirungu\PycharmProjects\RafikiChatbot\venv\Lib\site-packages\werkzeug\serving.py first seen with mtime 1738677770.4220357
File C:\Users\Ireneirungu\PycharmProjects\RafikiChatbot\venv\Lib\site-packages\rest_framework\metadata.py first seen with mtime 1737108716.6648896
File C:\Users\Ireneirungu\PycharmProjects\RafikiChatbot\venv\Lib\site-packages\django\core\mail\utils.py first seen with mtime 1737108719.4355326
File C:\Users\Ireneirungu\PycharmProjects\RafikiChatbot\venv\Lib\site-packages\django\contrib\admin\templatetags\admin_urls.py first seen with mtime 1737108718.2068007
File C:\Users\Ireneirungu\PycharmProjects\RafikiChatbot\venv\Lib\site-packages\django\utils\timesince.py first seen with mtime 1737108719.5904782
File C:\Users\Ireneirungu\PycharmProjects\RafikiChatbot\venv\Lib\site-packages\django\urls\utils.py first seen with mtime 1737108719.5746963
File C:\Users\Ireneirungu\AppData\Local\Programs\Python\Python39\Lib\glob.py first seen with mtime 1652795110.0
File C:\Users\Ireneirungu\PycharmProjects\RafikiChatbot\venv\Lib\site-packages\bson\json_util.py first seen with mtime 1734681582.7229757
File C:\Users\Ireneirungu\PycharmProjects\RafikiChatbot\venv\Lib\site-packages\django\template\backends\base.py first seen with mtime 1737108719.5616963
File C:\Users\Ireneirungu\PycharmProjects\RafikiChatbot\venv\Lib\site-packages\django\urls\conf.py first seen with mtime 1737108719.5726955
File C:\Users\Ireneirungu\AppData\Local\Programs\Python\Python39\Lib\posixpath.py first seen with mtime 1652795110.0
File C:\Users\Ireneirungu\PycharmProjects\RafikiChatbot\venv\Lib\site-packages\_distutils_hack\__init__.py first seen with mtime 1737108633.8327444
File C:\Users\Ireneirungu\AppData\Local\Programs\Python\Python39\Lib\unittest\__init__.py first seen with mtime 1652795112.0
File C:\Users\Ireneirungu\AppData\Local\Programs\Python\Python39\DLLs\_bz2.pyd first seen with mtime 1652795172.0
File C:\Users\Ireneirungu\AppData\Local\Programs\Python\Python39\Lib\email\encoders.py first seen with mtime 1652795110.0
File C:\Users\Ireneirungu\PycharmProjects\RafikiChatbot\venv\Lib\site-packages\werkzeug\_internal.py first seen with mtime 1738677770.4099631
File C:\Users\Ireneirungu\PycharmProjects\RafikiChatbot\venv\Lib\site-packages\django\contrib\auth\decorators.py first seen with mtime 1737108718.3228998
File C:\Users\Ireneirungu\PycharmProjects\RafikiChatbot\venv\Lib\site-packages\django\db\utils.py first seen with mtime 1737108719.4575617
File C:\Users\Ireneirungu\PycharmProjects\RafikiChatbot\venv\Lib\site-packages\django\utils\duration.py first seen with mtime 1737108719.5825505
File C:\Users\Ireneirungu\PycharmProjects\RafikiChatbot\venv\Lib\site-packages\pymongo\ssl_match_hostname.py first seen with mtime 1734681582.7767556
File C:\Users\Ireneirungu\PycharmProjects\RafikiChatbot\venv\Lib\site-packages\django\core\servers\__init__.py first seen with mtime 1737108719.455562
File C:\Users\Ireneirungu\AppData\Local\Programs\Python\Python39\Lib\unittest\util.py first seen with mtime 1652795112.0
File C:\Users\Ireneirungu\PycharmProjects\RafikiChatbot\venv\Lib\site-packages\werkzeug\sansio\__init__.py first seen with mtime 1738677770.476719
File C:\Users\Ireneirungu\PycharmProjects\RafikiChatbot\venv\Lib\site-packages\django\template\backends\__init__.py first seen with mtime 1737108719.5616963
File C:\Users\Ireneirungu\PycharmProjects\RafikiChatbot\venv\Lib\site-packages\django\apps\__init__.py first seen with mtime 1737108717.752023
File C:\Users\Ireneirungu\PycharmProjects\RafikiChatbot\venv\Lib\site-packages\mongoengine\base\__init__.py first seen with mtime 1734694514.4143317
File C:\Users\Ireneirungu\PycharmProjects\RafikiChatbot\venv\Lib\site-packages\pytz\lazy.py first seen with mtime 1734681582.3639057
File C:\Users\Ireneirungu\PycharmProjects\RafikiChatbot\venv\Lib\site-packages\django\contrib\admin\options.py first seen with mtime 1737108717.940725
File C:\Users\Ireneirungu\PycharmProjects\RafikiChatbot\venv\Lib\site-packages\rest_framework\validators.py first seen with mtime 1737108716.6733744
File C:\Users\Ireneirungu\PycharmProjects\RafikiChatbot\venv\Lib\site-packages\asgiref\sync.py first seen with mtime 1734350002.7234914
File C:\Users\Ireneirungu\PycharmProjects\RafikiChatbot\venv\Lib\site-packages\django\test\html.py first seen with mtime 1737108719.5696967
File C:\Users\Ireneirungu\PycharmProjects\RafikiChatbot\venv\Lib\site-packages\django\template\response.py first seen with mtime 1737108719.5606966
File C:\Users\Ireneirungu\PycharmProjects\RafikiChatbot\venv\Lib\site-packages\django\templatetags\static.py first seen with mtime 1737108719.5676963
File C:\Users\Ireneirungu\PycharmProjects\RafikiChatbot\venv\Lib\site-packages\django\contrib\staticfiles\management\commands\__init__.py first seen with mtime 1737108719.409875
File C:\Users\Ireneirungu\PycharmProjects\RafikiChatbot\venv\Lib\site-packages\django\db\backends\signals.py first seen with mtime 1737108719.458562
File C:\Users\Ireneirungu\PycharmProjects\RafikiChatbot\venv\Lib\site-packages\django\views\generic\list.py first seen with mtime 1737108719.603189
File C:\Users\Ireneirungu\AppData\Local\Programs\Python\Python39\Lib\pathlib.py first seen with mtime 1652795110.0
File C:\Users\Ireneirungu\PycharmProjects\RafikiChatbot\venv\Lib\site-packages\django\db\backends\base\features.py first seen with mtime 1737108719.460562
File C:\Users\Ireneirungu\AppData\Local\Programs\Python\Python39\Lib\importlib\machinery.py first seen with mtime 1652795110.0
File C:\Users\Ireneirungu\PycharmProjects\RafikiChatbot\venv\Lib\site-packages\django\utils\timezone.py first seen with mtime 1737108719.5904782
File C:\Users\Ireneirungu\PycharmProjects\RafikiChatbot\venv\Lib\site-packages\django\db\migrations\operations\base.py first seen with mtime 1737108719.487587
File C:\Users\Ireneirungu\AppData\Local\Programs\Python\Python39\Lib\http\client.py first seen with mtime 1652795110.0
File C:\Users\Ireneirungu\PycharmProjects\RafikiChatbot\venv\Lib\site-packages\urllib3\util\proxy.py first seen with mtime 1734352373.6236277
File C:\Users\Ireneirungu\PycharmProjects\RafikiChatbot\venv\Lib\site-packages\sqlparse\engine\__init__.py first seen with mtime 1734690958.5114064
File C:\Users\Ireneirungu\PycharmProjects\RafikiChatbot\venv\Lib\site-packages\pymongo\auth.py first seen with mtime 1734681582.7371223
File C:\Users\Ireneirungu\PycharmProjects\RafikiChatbot\venv\Lib\site-packages\mongoengine\queryset\field_list.py first seen with mtime 1734694514.4226105
File C:\Users\Ireneirungu\PycharmProjects\RafikiChatbot\venv\Lib\site-packages\django\contrib\postgres\lookups.py first seen with mtime 1737108718.9757223
File C:\Users\Ireneirungu\PycharmProjects\RafikiChatbot\venv\Lib\site-packages\urllib3\http2\probe.py first seen with mtime 1734352373.6216247
File C:\Users\Ireneirungu\PycharmProjects\RafikiChatbot\venv\Lib\site-packages\django\contrib\auth\password_validation.py first seen with mtime 1737108718.3249
File C:\Users\Ireneirungu\PycharmProjects\RafikiChatbot\venv\Lib\site-packages\rest_framework\utils\formatting.py first seen with mtime 1737108716.7795384
File C:\Users\Ireneirungu\AppData\Local\Programs\Python\Python39\DLLs\_queue.pyd first seen with mtime 1652795162.0
File C:\Users\Ireneirungu\PycharmProjects\RafikiChatbot\venv\Lib\site-packages\pymongo\saslprep.py first seen with mtime 1734681582.7713554
File C:\Users\Ireneirungu\PycharmProjects\RafikiChatbot\venv\Lib\site-packages\urllib3\util\connection.py first seen with mtime 1734352373.6226256
File C:\Users\Ireneirungu\AppData\Local\Programs\Python\Python39\Lib\asyncio\selector_events.py first seen with mtime 1652795110.0
File C:\Users\Ireneirungu\PycharmProjects\RafikiChatbot\venv\Lib\site-packages\django\contrib\messages\constants.py first seen with mtime 1737108718.9689293
File C:\Users\Ireneirungu\AppData\Local\Programs\Python\Python39\DLLs\_socket.pyd first seen with mtime 1652795162.0
File C:\Users\Ireneirungu\PycharmProjects\RafikiChatbot\venv\Lib\site-packages\django\db\migrations\operations\__init__.py first seen with mtime 1737108719.4865873
File C:\Users\Ireneirungu\PycharmProjects\RafikiChatbot\venv\Lib\site-packages\django\contrib\messages\middleware.py first seen with mtime 1737108718.9699283
File C:\Users\Ireneirungu\AppData\Local\Programs\Python\Python39\Lib\unittest\suite.py first seen with mtime 1652795112.0
File C:\Users\Ireneirungu\PycharmProjects\RafikiChatbot\venv\Lib\site-packages\django\db\models\sql\__init__.py first seen with mtime 1737108719.5049033
File C:\Users\Ireneirungu\PycharmProjects\RafikiChatbot\venv\Lib\site-packages\django\contrib\admin\actions.py first seen with mtime 1737108717.9372797
File C:\Users\Ireneirungu\PycharmProjects\RafikiChatbot\venv\Lib\site-packages\requests\utils.py first seen with mtime 1734352374.214603
File C:\Users\Ireneirungu\PycharmProjects\RafikiChatbot\venv\Lib\site-packages\django\db\models\deletion.py first seen with mtime 1737108719.4918983
File C:\Users\Ireneirungu\AppData\Local\Programs\Python\Python39\Lib\tempfile.py first seen with mtime 1652795110.0
File C:\Users\Ireneirungu\PycharmProjects\RafikiChatbot\venv\Lib\site-packages\django\contrib\admin\widgets.py first seen with mtime 1737108717.942725
File C:\Users\Ireneirungu\PycharmProjects\RafikiChatbot\venv\Lib\site-packages\django\template\loaders\base.py first seen with mtime 1737108719.5646966
File C:\Users\Ireneirungu\PycharmProjects\RafikiChatbot\venv\Lib\site-packages\sqlparse\filters\__init__.py first seen with mtime 1734690958.5160797
File C:\Users\Ireneirungu\PycharmProjects\RafikiChatbot\venv\Lib\site-packages\pymongo\operations.py first seen with mtime 1734681582.7673576
File C:\Users\Ireneirungu\PycharmProjects\RafikiChatbot\venv\Lib\site-packages\werkzeug\__init__.py first seen with mtime 1738677770.408965
File C:\Users\Ireneirungu\PycharmProjects\RafikiChatbot\venv\Lib\site-packages\django\utils\functional.py first seen with mtime 1737108719.5835502
File C:\Users\Ireneirungu\PycharmProjects\RafikiChatbot\venv\Lib\site-packages\rest_framework\exceptions.py first seen with mtime 1737108716.6634398
File C:\Users\Ireneirungu\PycharmProjects\RafikiChatbot\venv\Lib\site-packages\werkzeug\formparser.py first seen with mtime 1738677770.4159656
File C:\Users\Ireneirungu\AppData\Local\Programs\Python\Python39\DLLs\_lzma.pyd first seen with mtime 1652795162.0
File C:\Users\Ireneirungu\PycharmProjects\RafikiChatbot\venv\Lib\site-packages\django\utils\crypto.py first seen with mtime 1737108719.578697
File C:\Users\Ireneirungu\PycharmProjects\RafikiChatbot\venv\Lib\site-packages\gridfs\__init__.py first seen with mtime 1734681582.7282267
File C:\Users\Ireneirungu\AppData\Local\Programs\Python\Python39\Lib\email\_encoded_words.py first seen with mtime 1652795110.0
File C:\Users\Ireneirungu\PycharmProjects\RafikiChatbot\venv\Lib\site-packages\werkzeug\datastructures\__init__.py first seen with mtime 1738677770.4309626
File C:\Users\Ireneirungu\PycharmProjects\RafikiChatbot\venv\Lib\site-packages\django\contrib\admin\apps.py first seen with mtime 1737108717.9372797
File C:\Users\Ireneirungu\PycharmProjects\RafikiChatbot\venv\Lib\site-packages\rest_framework\apps.py first seen with mtime 1737108716.6620271
File C:\Users\Ireneirungu\AppData\Local\Programs\Python\Python39\Lib\email\charset.py first seen with mtime 1652795110.0
File C:\Users\Ireneirungu\PycharmProjects\RafikiChatbot\venv\Lib\site-packages\rest_framework\schemas\coreapi.py first seen with mtime 1737108716.7267835
File C:\Users\Ireneirungu\PycharmProjects\RafikiChatbot\venv\Lib\site-packages\django\middleware\__init__.py first seen with mtime 1737108719.5517552
File C:\Users\Ireneirungu\PycharmProjects\RafikiChatbot\venv\Lib\site-packages\werkzeug\wrappers\request.py first seen with mtime 1738677770.4861808
File C:\Users\Ireneirungu\AppData\Local\Programs\Python\Python39\DLLs\_zoneinfo.pyd first seen with mtime 1652795162.0
File C:\Users\Ireneirungu\PycharmProjects\RafikiChatbot\venv\Lib\site-packages\urllib3\util\ssltransport.py first seen with mtime 1734352373.6276243
File C:\Users\Ireneirungu\PycharmProjects\RafikiChatbot\venv\Lib\site-packages\django\core\serializers\json.py first seen with mtime 1737108719.4535613
File C:\Users\Ireneirungu\PycharmProjects\RafikiChatbot\venv\Lib\site-packages\django\utils\itercompat.py first seen with mtime 1737108719.5864735
File C:\Users\Ireneirungu\AppData\Local\Programs\Python\Python39\Lib\types.py first seen with mtime 1652795112.0
File C:\Users\Ireneirungu\AppData\Local\Programs\Python\Python39\Lib\calendar.py first seen with mtime 1652795110.0
File C:\Users\Ireneirungu\AppData\Local\Programs\Python\Python39\Lib\urllib\response.py first seen with mtime 1652795112.0
File C:\Users\Ireneirungu\PycharmProjects\RafikiChatbot\venv\Lib\site-packages\django\views\decorators\debug.py first seen with mtime 1737108719.5994785
File C:\Users\Ireneirungu\PycharmProjects\RafikiChatbot\venv\Lib\site-packages\pymongo\server_type.py first seen with mtime 1734681582.7733822
File C:\Users\Ireneirungu\PycharmProjects\RafikiChatbot\venv\Lib\site-packages\rest_framework\generics.py first seen with mtime 1737108716.6648896
File C:\Users\Ireneirungu\AppData\Local\Programs\Python\Python39\Lib\opcode.py first seen with mtime 1652795110.0
File C:\Users\Ireneirungu\AppData\Local\Programs\Python\Python39\Lib\zipfile.py first seen with mtime 1652795112.0
File C:\Users\Ireneirungu\AppData\Local\Programs\Python\Python39\Lib\linecache.py first seen with mtime 1652795110.0
File C:\Users\Ireneirungu\PycharmProjects\RafikiChatbot\venv\Lib\site-packages\pymongo\server_description.py first seen with mtime 1734681582.7733822
File C:\Users\Ireneirungu\PycharmProjects\RafikiChatbot\venv\Lib\site-packages\rest_framework\templatetags\__init__.py first seen with mtime 1737108716.7780335
File C:\Users\Ireneirungu\PycharmProjects\RafikiChatbot\venv\Lib\site-packages\django\template\backends\django.py first seen with mtime 1737108719.5626974
File C:\Users\Ireneirungu\PycharmProjects\RafikiChatbot\venv\Lib\site-packages\django\dispatch\dispatcher.py first seen with mtime 1737108719.5085635
File C:\Users\Ireneirungu\PycharmProjects\RafikiChatbot\venv\Lib\site-packages\django\utils\autoreload.py first seen with mtime 1737108719.5766966
File C:\Users\Ireneirungu\AppData\Local\Programs\Python\Python39\Lib\email\quoprimime.py first seen with mtime 1652795110.0
File C:\Users\Ireneirungu\PycharmProjects\RafikiChatbot\venv\Lib\site-packages\requests\_internal_utils.py first seen with mtime 1734352374.202619
File C:\Users\Ireneirungu\PycharmProjects\RafikiChatbot\venv\Lib\site-packages\gridfs\errors.py first seen with mtime 1734681582.7291164
File C:\Users\Ireneirungu\PycharmProjects\RafikiChatbot\venv\Lib\site-packages\pymongo\aggregation.py first seen with mtime 1734681582.7361176
File C:\Users\Ireneirungu\PycharmProjects\RafikiChatbot\venv\Lib\site-packages\django\core\cache\utils.py first seen with mtime 1737108719.4152586
File C:\Users\Ireneirungu\PycharmProjects\RafikiChatbot\venv\Lib\site-packages\pymongo\client_options.py first seen with mtime 1734681582.740127
File C:\Users\Ireneirungu\PycharmProjects\RafikiChatbot\venv\Lib\site-packages\django\core\files\utils.py first seen with mtime 1737108719.4299963
File C:\Users\Ireneirungu\PycharmProjects\RafikiChatbot\venv\Lib\site-packages\django\utils\safestring.py first seen with mtime 1737108719.5894783
File C:\Users\Ireneirungu\PycharmProjects\RafikiChatbot\venv\Lib\site-packages\django\utils\module_loading.py first seen with mtime 1737108719.588478
File C:\Users\Ireneirungu\PycharmProjects\RafikiChatbot\venv\Lib\site-packages\pymongo\uri_parser.py first seen with mtime 1734681582.7797568
File C:\Users\Ireneirungu\PycharmProjects\RafikiChatbot\venv\Lib\site-packages\django\templatetags\l10n.py first seen with mtime 1737108719.5676963
File C:\Users\Ireneirungu\PycharmProjects\RafikiChatbot\venv\Lib\site-packages\django\contrib\auth\tokens.py first seen with mtime 1737108718.3258996
File C:\Users\Ireneirungu\PycharmProjects\RafikiChatbot\venv\Lib\site-packages\mongoengine\queryset\manager.py first seen with mtime 1734694514.4236052
File C:\Users\Ireneirungu\PycharmProjects\RafikiChatbot\venv\Lib\site-packages\django\views\generic\edit.py first seen with mtime 1737108719.603189
File C:\Users\Ireneirungu\PycharmProjects\RafikiChatbot\venv\Lib\site-packages\rest_framework\utils\serializer_helpers.py first seen with mtime 1737108716.7825444
File C:\Users\Ireneirungu\PycharmProjects\RafikiChatbot\venv\Lib\site-packages\django\core\signals.py first seen with mtime 1737108719.4138215
File C:\Users\Ireneirungu\AppData\Local\Programs\Python\Python39\Lib\asyncio\queues.py first seen with mtime 1652795110.0
File C:\Users\Ireneirungu\AppData\Local\Programs\Python\Python39\Lib\socket.py first seen with mtime 1652795110.0
File C:\Users\Ireneirungu\PycharmProjects\RafikiChatbot\venv\Lib\site-packages\rest_framework_simplejwt\token_blacklist\models.py first seen with mtime 1738782341.541409
File C:\Users\Ireneirungu\PycharmProjects\RafikiChatbot\venv\Lib\site-packages\jwt\types.py first seen with mtime 1738679958.2394745
File C:\Users\Ireneirungu\PycharmProjects\RafikiChatbot\venv\Lib\site-packages\pymongo\periodic_executor.py first seen with mtime 1734681582.7683558
File C:\Users\Ireneirungu\PycharmProjects\RafikiChatbot\venv\Lib\site-packages\django\db\models\fields\mixins.py first seen with mtime 1737108719.4979036
File C:\Users\Ireneirungu\PycharmProjects\RafikiChatbot\venv\Lib\site-packages\rest_framework\utils\representation.py first seen with mtime 1737108716.7825444
File C:\Users\Ireneirungu\AppData\Local\Programs\Python\Python39\Lib\asyncio\staggered.py first seen with mtime 1652795110.0
File C:\Users\Ireneirungu\PycharmProjects\RafikiChatbot\venv\Lib\site-packages\pytz\__init__.py first seen with mtime 1734681582.362906
File C:\Users\Ireneirungu\PycharmProjects\RafikiChatbot\venv\Lib\site-packages\django\db\migrations\__init__.py first seen with mtime 1737108719.480587
File C:\Users\Ireneirungu\PycharmProjects\RafikiChatbot\venv\Lib\site-packages\django\views\decorators\common.py first seen with mtime 1737108719.5984783
File C:\Users\Ireneirungu\PycharmProjects\RafikiChatbot\venv\Lib\site-packages\django\contrib\admin\models.py first seen with mtime 1737108717.9397252
File C:\Users\Ireneirungu\PycharmProjects\RafikiChatbot\venv\Lib\site-packages\rest_framework\compat.py first seen with mtime 1737108716.6620271
File C:\Users\Ireneirungu\PycharmProjects\RafikiChatbot\venv\Lib\site-packages\rest_framework\utils\urls.py first seen with mtime 1737108716.7835445
File C:\Users\Ireneirungu\PycharmProjects\RafikiChatbot\venv\Lib\site-packages\django\template\loaders\cached.py first seen with mtime 1737108719.5646966
File C:\Users\Ireneirungu\PycharmProjects\RafikiChatbot\venv\Lib\site-packages\urllib3\util\ssl_match_hostname.py first seen with mtime 1734352373.626624
File C:\Users\Ireneirungu\PycharmProjects\RafikiChatbot\venv\Lib\site-packages\django\contrib\staticfiles\management\__init__.py first seen with mtime 1737108719.408871
File C:\Users\Ireneirungu\AppData\Local\Programs\Python\Python39\Lib\asyncio\transports.py first seen with mtime 1652795110.0
File C:\Users\Ireneirungu\PycharmProjects\RafikiChatbot\venv\Lib\site-packages\django\middleware\security.py first seen with mtime 1737108719.5546916
File C:\Users\Ireneirungu\PycharmProjects\RafikiChatbot\venv\lib\site-packages\rest_framework\templates\rest_framework first seen with mtime 1737108716.7730336
File C:\Users\Ireneirungu\PycharmProjects\RafikiChatbot\venv\lib\site-packages\rest_framework\templates\rest_framework\admin first seen with mtime 1737108716.756492
File C:\Users\Ireneirungu\PycharmProjects\RafikiChatbot\venv\lib\site-packages\rest_framework\templates\rest_framework\admin.html first seen with mtime 1737108716.7524974
File C:\Users\Ireneirungu\PycharmProjects\RafikiChatbot\venv\lib\site-packages\rest_framework\templates\rest_framework\api.html first seen with mtime 1737108716.7524974
File C:\Users\Ireneirungu\PycharmProjects\RafikiChatbot\venv\lib\site-packages\rest_framework\templates\rest_framework\base.html first seen with mtime 1737108716.753488
File C:\Users\Ireneirungu\PycharmProjects\RafikiChatbot\venv\lib\site-packages\rest_framework\templates\rest_framework\docs first seen with mtime 1737108716.760491
File C:\Users\Ireneirungu\PycharmProjects\RafikiChatbot\venv\lib\site-packages\rest_framework\templates\rest_framework\filters first seen with mtime 1737108716.7634914
File C:\Users\Ireneirungu\PycharmProjects\RafikiChatbot\venv\lib\site-packages\rest_framework\templates\rest_framework\horizontal first seen with mtime 1737108716.7680335
File C:\Users\Ireneirungu\PycharmProjects\RafikiChatbot\venv\lib\site-packages\rest_framework\templates\rest_framework\inline first seen with mtime 1737108716.7720335
File C:\Users\Ireneirungu\PycharmProjects\RafikiChatbot\venv\lib\site-packages\rest_framework\templates\rest_framework\login.html first seen with mtime 1737108716.753488
File C:\Users\Ireneirungu\PycharmProjects\RafikiChatbot\venv\lib\site-packages\rest_framework\templates\rest_framework\login_base.html first seen with mtime 1737108716.753488
File C:\Users\Ireneirungu\PycharmProjects\RafikiChatbot\venv\lib\site-packages\rest_framework\templates\rest_framework\pagination first seen with mtime 1737108716.7730336
File C:\Users\Ireneirungu\PycharmProjects\RafikiChatbot\venv\lib\site-packages\rest_framework\templates\rest_framework\raw_data_form.html first seen with mtime 1737108716.7544923
File C:\Users\Ireneirungu\PycharmProjects\RafikiChatbot\venv\lib\site-packages\rest_framework\templates\rest_framework\schema.js first seen with mtime 1737108716.7544923
File C:\Users\Ireneirungu\PycharmProjects\RafikiChatbot\venv\lib\site-packages\rest_framework\templates\rest_framework\vertical first seen with mtime 1737108716.7770338
File C:\Users\Ireneirungu\PycharmProjects\RafikiChatbot\venv\lib\site-packages\rest_framework\templates\rest_framework\admin\detail.html first seen with mtime 1737108716.7554908
File C:\Users\Ireneirungu\PycharmProjects\RafikiChatbot\venv\lib\site-packages\rest_framework\templates\rest_framework\admin\dict_value.html first seen with mtime 1737108716.7554908
File C:\Users\Ireneirungu\PycharmProjects\RafikiChatbot\venv\lib\site-packages\rest_framework\templates\rest_framework\admin\list.html first seen with mtime 1737108716.7554908
File C:\Users\Ireneirungu\PycharmProjects\RafikiChatbot\venv\lib\site-packages\rest_framework\templates\rest_framework\admin\list_value.html first seen with mtime 1737108716.756492
File C:\Users\Ireneirungu\PycharmProjects\RafikiChatbot\venv\lib\site-packages\rest_framework\templates\rest_framework\admin\simple_list_value.html first seen with mtime 1737108716.756492
File C:\Users\Ireneirungu\PycharmProjects\RafikiChatbot\venv\lib\site-packages\rest_framework\templates\rest_framework\docs\auth first seen with mtime 1737108716.7594914
File C:\Users\Ireneirungu\PycharmProjects\RafikiChatbot\venv\lib\site-packages\rest_framework\templates\rest_framework\docs\document.html first seen with mtime 1737108716.7574923
File C:\Users\Ireneirungu\PycharmProjects\RafikiChatbot\venv\lib\site-packages\rest_framework\templates\rest_framework\docs\error.html first seen with mtime 1737108716.7574923
File C:\Users\Ireneirungu\PycharmProjects\RafikiChatbot\venv\lib\site-packages\rest_framework\templates\rest_framework\docs\index.html first seen with mtime 1737108716.7574923
File C:\Users\Ireneirungu\PycharmProjects\RafikiChatbot\venv\lib\site-packages\rest_framework\templates\rest_framework\docs\interact.html first seen with mtime 1737108716.7584913
File C:\Users\Ireneirungu\PycharmProjects\RafikiChatbot\venv\lib\site-packages\rest_framework\templates\rest_framework\docs\langs first seen with mtime 1737108716.7624912
File C:\Users\Ireneirungu\PycharmProjects\RafikiChatbot\venv\lib\site-packages\rest_framework\templates\rest_framework\docs\link.html first seen with mtime 1737108716.7584913
File C:\Users\Ireneirungu\PycharmProjects\RafikiChatbot\venv\lib\site-packages\rest_framework\templates\rest_framework\docs\sidebar.html first seen with mtime 1737108716.7584913
File C:\Users\Ireneirungu\PycharmProjects\RafikiChatbot\venv\lib\site-packages\rest_framework\templates\rest_framework\docs\auth\basic.html first seen with mtime 1737108716.7594914
File C:\Users\Ireneirungu\PycharmProjects\RafikiChatbot\venv\lib\site-packages\rest_framework\templates\rest_framework\docs\auth\session.html first seen with mtime 1737108716.7594914
File C:\Users\Ireneirungu\PycharmProjects\RafikiChatbot\venv\lib\site-packages\rest_framework\templates\rest_framework\docs\auth\token.html first seen with mtime 1737108716.760491
File C:\Users\Ireneirungu\PycharmProjects\RafikiChatbot\venv\lib\site-packages\rest_framework\templates\rest_framework\docs\langs\javascript-intro.html first seen with mtime 1737108716.760491
File C:\Users\Ireneirungu\PycharmProjects\RafikiChatbot\venv\lib\site-packages\rest_framework\templates\rest_framework\docs\langs\javascript.html first seen with mtime 1737108716.760491
File C:\Users\Ireneirungu\PycharmProjects\RafikiChatbot\venv\lib\site-packages\rest_framework\templates\rest_framework\docs\langs\python-intro.html first seen with mtime 1737108716.761492
File C:\Users\Ireneirungu\PycharmProjects\RafikiChatbot\venv\lib\site-packages\rest_framework\templates\rest_framework\docs\langs\python.html first seen with mtime 1737108716.761492
File C:\Users\Ireneirungu\PycharmProjects\RafikiChatbot\venv\lib\site-packages\rest_framework\templates\rest_framework\docs\langs\shell-intro.html first seen with mtime 1737108716.7624912
File C:\Users\Ireneirungu\PycharmProjects\RafikiChatbot\venv\lib\site-packages\rest_framework\templates\rest_framework\docs\langs\shell.html first seen with mtime 1737108716.7624912
File C:\Users\Ireneirungu\PycharmProjects\RafikiChatbot\venv\lib\site-packages\rest_framework\templates\rest_framework\filters\base.html first seen with mtime 1737108716.7624912
File C:\Users\Ireneirungu\PycharmProjects\RafikiChatbot\venv\lib\site-packages\rest_framework\templates\rest_framework\filters\ordering.html first seen with mtime 1737108716.7634914
File C:\Users\Ireneirungu\PycharmProjects\RafikiChatbot\venv\lib\site-packages\rest_framework\templates\rest_framework\filters\search.html first seen with mtime 1737108716.7634914
File C:\Users\Ireneirungu\PycharmProjects\RafikiChatbot\venv\lib\site-packages\rest_framework\templates\rest_framework\horizontal\checkbox.html first seen with mtime 1737108716.7634914
File C:\Users\Ireneirungu\PycharmProjects\RafikiChatbot\venv\lib\site-packages\rest_framework\templates\rest_framework\horizontal\checkbox_multiple.html first seen with mtime 1737108716.7644942
File C:\Users\Ireneirungu\PycharmProjects\RafikiChatbot\venv\lib\site-packages\rest_framework\templates\rest_framework\horizontal\dict_field.html first seen with mtime 1737108716.7650282
File C:\Users\Ireneirungu\PycharmProjects\RafikiChatbot\venv\lib\site-packages\rest_framework\templates\rest_framework\horizontal\fieldset.html first seen with mtime 1737108716.7650282
File C:\Users\Ireneirungu\PycharmProjects\RafikiChatbot\venv\lib\site-packages\rest_framework\templates\rest_framework\horizontal\form.html first seen with mtime 1737108716.7650282
File C:\Users\Ireneirungu\PycharmProjects\RafikiChatbot\venv\lib\site-packages\rest_framework\templates\rest_framework\horizontal\input.html first seen with mtime 1737108716.7660334
File C:\Users\Ireneirungu\PycharmProjects\RafikiChatbot\venv\lib\site-packages\rest_framework\templates\rest_framework\horizontal\list_field.html first seen with mtime 1737108716.7660334
File C:\Users\Ireneirungu\PycharmProjects\RafikiChatbot\venv\lib\site-packages\rest_framework\templates\rest_framework\horizontal\list_fieldset.html first seen with mtime 1737108716.7660334
File C:\Users\Ireneirungu\PycharmProjects\RafikiChatbot\venv\lib\site-packages\rest_framework\templates\rest_framework\horizontal\radio.html first seen with mtime 1737108716.7670336
File C:\Users\Ireneirungu\PycharmProjects\RafikiChatbot\venv\lib\site-packages\rest_framework\templates\rest_framework\horizontal\select.html first seen with mtime 1737108716.7670336
File C:\Users\Ireneirungu\PycharmProjects\RafikiChatbot\venv\lib\site-packages\rest_framework\templates\rest_framework\horizontal\select_multiple.html first seen with mtime 1737108716.7680335
File C:\Users\Ireneirungu\PycharmProjects\RafikiChatbot\venv\lib\site-packages\rest_framework\templates\rest_framework\horizontal\textarea.html first seen with mtime 1737108716.7680335
File C:\Users\Ireneirungu\PycharmProjects\RafikiChatbot\venv\lib\site-packages\rest_framework\templates\rest_framework\inline\checkbox.html first seen with mtime 1737108716.7680335
File C:\Users\Ireneirungu\PycharmProjects\RafikiChatbot\venv\lib\site-packages\rest_framework\templates\rest_framework\inline\checkbox_multiple.html first seen with mtime 1737108716.7690334
File C:\Users\Ireneirungu\PycharmProjects\RafikiChatbot\venv\lib\site-packages\rest_framework\templates\rest_framework\inline\dict_field.html first seen with mtime 1737108716.7690334
File C:\Users\Ireneirungu\PycharmProjects\RafikiChatbot\venv\lib\site-packages\rest_framework\templates\rest_framework\inline\fieldset.html first seen with mtime 1737108716.7700336
File C:\Users\Ireneirungu\PycharmProjects\RafikiChatbot\venv\lib\site-packages\rest_framework\templates\rest_framework\inline\form.html first seen with mtime 1737108716.7700336
File C:\Users\Ireneirungu\PycharmProjects\RafikiChatbot\venv\lib\site-packages\rest_framework\templates\rest_framework\inline\input.html first seen with mtime 1737108716.7700336
File C:\Users\Ireneirungu\PycharmProjects\RafikiChatbot\venv\lib\site-packages\rest_framework\templates\rest_framework\inline\list_field.html first seen with mtime 1737108716.7710333
File C:\Users\Ireneirungu\PycharmProjects\RafikiChatbot\venv\lib\site-packages\rest_framework\templates\rest_framework\inline\list_fieldset.html first seen with mtime 1737108716.7710333
File C:\Users\Ireneirungu\PycharmProjects\RafikiChatbot\venv\lib\site-packages\rest_framework\templates\rest_framework\inline\radio.html first seen with mtime 1737108716.7710333
File C:\Users\Ireneirungu\PycharmProjects\RafikiChatbot\venv\lib\site-packages\rest_framework\templates\rest_framework\inline\select.html first seen with mtime 1737108716.7720335
File C:\Users\Ireneirungu\PycharmProjects\RafikiChatbot\venv\lib\site-packages\rest_framework\templates\rest_framework\inline\select_multiple.html first seen with mtime 1737108716.7720335
File C:\Users\Ireneirungu\PycharmProjects\RafikiChatbot\venv\lib\site-packages\rest_framework\templates\rest_framework\inline\textarea.html first seen with mtime 1737108716.7720335
File C:\Users\Ireneirungu\PycharmProjects\RafikiChatbot\venv\lib\site-packages\rest_framework\templates\rest_framework\pagination\numbers.html first seen with mtime 1737108716.7730336
File C:\Users\Ireneirungu\PycharmProjects\RafikiChatbot\venv\lib\site-packages\rest_framework\templates\rest_framework\pagination\previous_and_next.html first seen with mtime 1737108716.7730336
File C:\Users\Ireneirungu\PycharmProjects\RafikiChatbot\venv\lib\site-packages\rest_framework\templates\rest_framework\vertical\checkbox.html first seen with mtime 1737108716.7740335
File C:\Users\Ireneirungu\PycharmProjects\RafikiChatbot\venv\lib\site-packages\rest_framework\templates\rest_framework\vertical\checkbox_multiple.html first seen with mtime 1737108716.7740335
File C:\Users\Ireneirungu\PycharmProjects\RafikiChatbot\venv\lib\site-packages\rest_framework\templates\rest_framework\vertical\dict_field.html first seen with mtime 1737108716.7740335
File C:\Users\Ireneirungu\PycharmProjects\RafikiChatbot\venv\lib\site-packages\rest_framework\templates\rest_framework\vertical\fieldset.html first seen with mtime 1737108716.7750332
File C:\Users\Ireneirungu\PycharmProjects\RafikiChatbot\venv\lib\site-packages\rest_framework\templates\rest_framework\vertical\form.html first seen with mtime 1737108716.7750332
File C:\Users\Ireneirungu\PycharmProjects\RafikiChatbot\venv\lib\site-packages\rest_framework\templates\rest_framework\vertical\input.html first seen with mtime 1737108716.7750332
File C:\Users\Ireneirungu\PycharmProjects\RafikiChatbot\venv\lib\site-packages\rest_framework\templates\rest_framework\vertical\list_field.html first seen with mtime 1737108716.7760334
File C:\Users\Ireneirungu\PycharmProjects\RafikiChatbot\venv\lib\site-packages\rest_framework\templates\rest_framework\vertical\list_fieldset.html first seen with mtime 1737108716.7760334
File C:\Users\Ireneirungu\PycharmProjects\RafikiChatbot\venv\lib\site-packages\rest_framework\templates\rest_framework\vertical\radio.html first seen with mtime 1737108716.7760334
File C:\Users\Ireneirungu\PycharmProjects\RafikiChatbot\venv\lib\site-packages\rest_framework\templates\rest_framework\vertical\select.html first seen with mtime 1737108716.7770338
File C:\Users\Ireneirungu\PycharmProjects\RafikiChatbot\venv\lib\site-packages\rest_framework\templates\rest_framework\vertical\select_multiple.html first seen with mtime 1737108716.7770338
File C:\Users\Ireneirungu\PycharmProjects\RafikiChatbot\venv\lib\site-packages\rest_framework\templates\rest_framework\vertical\textarea.html first seen with mtime 1737108716.7770338
File C:\Users\Ireneirungu\PycharmProjects\RafikiChatbot\static\build\asset-manifest.json first seen with mtime 1742637813.1917412
File C:\Users\Ireneirungu\PycharmProjects\RafikiChatbot\static\build\favicon.ico first seen with mtime 1738670587.4226553
File C:\Users\Ireneirungu\PycharmProjects\RafikiChatbot\static\build\index.html first seen with mtime 1742637813.1917412
File C:\Users\Ireneirungu\PycharmProjects\RafikiChatbot\static\build\logo192.png first seen with mtime 1738670587.4239914
File C:\Users\Ireneirungu\PycharmProjects\RafikiChatbot\static\build\logo512.png first seen with mtime 1738670587.4250026
File C:\Users\Ireneirungu\PycharmProjects\RafikiChatbot\static\build\manifest.json first seen with mtime 1738670587.4250026
File C:\Users\Ireneirungu\PycharmProjects\RafikiChatbot\static\build\robots.txt first seen with mtime 1738670587.4259992
File C:\Users\Ireneirungu\PycharmProjects\RafikiChatbot\static\build\static first seen with mtime 1742637813.1917412
File C:\Users\Ireneirungu\PycharmProjects\RafikiChatbot\static\build\static\css first seen with mtime 1742637813.193106
File C:\Users\Ireneirungu\PycharmProjects\RafikiChatbot\static\build\static\js first seen with mtime 1742637813.1990216
File C:\Users\Ireneirungu\PycharmProjects\RafikiChatbot\static\build\static\css\main.f87b11ef.css first seen with mtime 1742637813.1990216
File C:\Users\Ireneirungu\PycharmProjects\RafikiChatbot\static\build\static\css\main.f87b11ef.css.map first seen with mtime 1742637813.1942005
File C:\Users\Ireneirungu\PycharmProjects\RafikiChatbot\static\build\static\js\488.dfa393e0.chunk.js first seen with mtime 1742637813.1942005
File C:\Users\Ireneirungu\PycharmProjects\RafikiChatbot\static\build\static\js\488.dfa393e0.chunk.js.map first seen with mtime 1742637813.1990216
File C:\Users\Ireneirungu\PycharmProjects\RafikiChatbot\static\build\static\js\main.c890551c.js first seen with mtime 1742637813.1990216
File C:\Users\Ireneirungu\PycharmProjects\RafikiChatbot\static\build\static\js\main.c890551c.js.LICENSE.txt first seen with mtime 1742637813.1990216
File C:\Users\Ireneirungu\PycharmProjects\RafikiChatbot\static\build\static\js\main.c890551c.js.map first seen with mtime 1742637813.2004356
File C:\Users\Ireneirungu\PycharmProjects\RafikiChatbot\venv\lib\site-packages\rest_framework\locale\ach\LC_MESSAGES\django.mo first seen with mtime 1737108716.6810174
File C:\Users\Ireneirungu\PycharmProjects\RafikiChatbot\venv\lib\site-packages\rest_framework\locale\ar\LC_MESSAGES\django.mo first seen with mtime 1737108716.6820176
File C:\Users\Ireneirungu\PycharmProjects\RafikiChatbot\venv\lib\site-packages\rest_framework\locale\az\LC_MESSAGES\django.mo first seen with mtime 1737108716.6820176
File C:\Users\Ireneirungu\PycharmProjects\RafikiChatbot\venv\lib\site-packages\rest_framework\locale\be\LC_MESSAGES\django.mo first seen with mtime 1737108716.6830177
File C:\Users\Ireneirungu\PycharmProjects\RafikiChatbot\venv\lib\site-packages\rest_framework\locale\bg\LC_MESSAGES\django.mo first seen with mtime 1737108716.6840172
File C:\Users\Ireneirungu\PycharmProjects\RafikiChatbot\venv\lib\site-packages\rest_framework\locale\ca\LC_MESSAGES\django.mo first seen with mtime 1737108716.6840172
File C:\Users\Ireneirungu\PycharmProjects\RafikiChatbot\venv\lib\site-packages\rest_framework\locale\ca_ES\LC_MESSAGES\django.mo first seen with mtime 1737108716.6850173
File C:\Users\Ireneirungu\PycharmProjects\RafikiChatbot\venv\lib\site-packages\rest_framework\locale\cs\LC_MESSAGES\django.mo first seen with mtime 1737108716.6860175
File C:\Users\Ireneirungu\PycharmProjects\RafikiChatbot\venv\lib\site-packages\rest_framework\locale\da\LC_MESSAGES\django.mo first seen with mtime 1737108716.6860175
File C:\Users\Ireneirungu\PycharmProjects\RafikiChatbot\venv\lib\site-packages\rest_framework\locale\de\LC_MESSAGES\django.mo first seen with mtime 1737108716.6870177
File C:\Users\Ireneirungu\PycharmProjects\RafikiChatbot\venv\lib\site-packages\rest_framework\locale\el\LC_MESSAGES\django.mo first seen with mtime 1737108716.6880174
File C:\Users\Ireneirungu\PycharmProjects\RafikiChatbot\venv\lib\site-packages\rest_framework\locale\el_GR\LC_MESSAGES\django.mo first seen with mtime 1737108716.6880174
File C:\Users\Ireneirungu\PycharmProjects\RafikiChatbot\venv\lib\site-packages\rest_framework\locale\en\LC_MESSAGES\django.mo first seen with mtime 1737108716.6890178
File C:\Users\Ireneirungu\PycharmProjects\RafikiChatbot\venv\lib\site-packages\rest_framework\locale\en_AU\LC_MESSAGES\django.mo first seen with mtime 1737108716.6900175
File C:\Users\Ireneirungu\PycharmProjects\RafikiChatbot\venv\lib\site-packages\rest_framework\locale\en_CA\LC_MESSAGES\django.mo first seen with mtime 1737108716.6910203
File C:\Users\Ireneirungu\PycharmProjects\RafikiChatbot\venv\lib\site-packages\rest_framework\locale\en_US\LC_MESSAGES\django.mo first seen with mtime 1737108716.6920173
File C:\Users\Ireneirungu\PycharmProjects\RafikiChatbot\venv\lib\site-packages\rest_framework\locale\es\LC_MESSAGES\django.mo first seen with mtime 1737108716.6930172
File C:\Users\Ireneirungu\PycharmProjects\RafikiChatbot\venv\lib\site-packages\rest_framework\locale\et\LC_MESSAGES\django.mo first seen with mtime 1737108716.6940176
File C:\Users\Ireneirungu\PycharmProjects\RafikiChatbot\venv\lib\site-packages\rest_framework\locale\fa\LC_MESSAGES\django.mo first seen with mtime 1737108716.6940176
File C:\Users\Ireneirungu\PycharmProjects\RafikiChatbot\venv\lib\site-packages\rest_framework\locale\fa_IR\LC_MESSAGES\django.mo first seen with mtime 1737108716.6950164
File C:\Users\Ireneirungu\PycharmProjects\RafikiChatbot\venv\lib\site-packages\rest_framework\locale\fi\LC_MESSAGES\django.mo first seen with mtime 1737108716.69643
File C:\Users\Ireneirungu\PycharmProjects\RafikiChatbot\venv\lib\site-packages\rest_framework\locale\fr\LC_MESSAGES\django.mo first seen with mtime 1737108716.6974347
File C:\Users\Ireneirungu\PycharmProjects\RafikiChatbot\venv\lib\site-packages\rest_framework\locale\fr_CA\LC_MESSAGES\django.mo first seen with mtime 1737108716.698464
File C:\Users\Ireneirungu\PycharmProjects\RafikiChatbot\venv\lib\site-packages\rest_framework\locale\gl\LC_MESSAGES\django.mo first seen with mtime 1737108716.698464
File C:\Users\Ireneirungu\PycharmProjects\RafikiChatbot\venv\lib\site-packages\rest_framework\locale\gl_ES\LC_MESSAGES\django.mo first seen with mtime 1737108716.699436
File C:\Users\Ireneirungu\PycharmProjects\RafikiChatbot\venv\lib\site-packages\rest_framework\locale\he_IL\LC_MESSAGES\django.mo first seen with mtime 1737108716.7004356
File C:\Users\Ireneirungu\PycharmProjects\RafikiChatbot\venv\lib\site-packages\rest_framework\locale\hu\LC_MESSAGES\django.mo first seen with mtime 1737108716.7014353
File C:\Users\Ireneirungu\PycharmProjects\RafikiChatbot\venv\lib\site-packages\rest_framework\locale\hy\LC_MESSAGES\django.mo first seen with mtime 1737108716.702435
File C:\Users\Ireneirungu\PycharmProjects\RafikiChatbot\venv\lib\site-packages\rest_framework\locale\id\LC_MESSAGES\django.mo first seen with mtime 1737108716.7034357
File C:\Users\Ireneirungu\PycharmProjects\RafikiChatbot\venv\lib\site-packages\rest_framework\locale\it\LC_MESSAGES\django.mo first seen with mtime 1737108716.7044358
File C:\Users\Ireneirungu\PycharmProjects\RafikiChatbot\venv\lib\site-packages\rest_framework\locale\ja\LC_MESSAGES\django.mo first seen with mtime 1737108716.7044358
File C:\Users\Ireneirungu\PycharmProjects\RafikiChatbot\venv\lib\site-packages\rest_framework\locale\ko_KR\LC_MESSAGES\django.mo first seen with mtime 1737108716.705436
File C:\Users\Ireneirungu\PycharmProjects\RafikiChatbot\venv\lib\site-packages\rest_framework\locale\lt\LC_MESSAGES\django.mo first seen with mtime 1737108716.7064373
File C:\Users\Ireneirungu\PycharmProjects\RafikiChatbot\venv\lib\site-packages\rest_framework\locale\lv\LC_MESSAGES\django.mo first seen with mtime 1737108716.707436
File C:\Users\Ireneirungu\PycharmProjects\RafikiChatbot\venv\lib\site-packages\rest_framework\locale\mk\LC_MESSAGES\django.mo first seen with mtime 1737108716.7084363
File C:\Users\Ireneirungu\PycharmProjects\RafikiChatbot\venv\lib\site-packages\rest_framework\locale\nb\LC_MESSAGES\django.mo first seen with mtime 1737108716.7084363
File C:\Users\Ireneirungu\PycharmProjects\RafikiChatbot\venv\lib\site-packages\rest_framework\locale\ne_NP\LC_MESSAGES\django.mo first seen with mtime 1737108716.709436
File C:\Users\Ireneirungu\PycharmProjects\RafikiChatbot\venv\lib\site-packages\rest_framework\locale\nl\LC_MESSAGES\django.mo first seen with mtime 1737108716.7104359
File C:\Users\Ireneirungu\PycharmProjects\RafikiChatbot\venv\lib\site-packages\rest_framework\locale\nn\LC_MESSAGES\django.mo first seen with mtime 1737108716.7104359
File C:\Users\Ireneirungu\PycharmProjects\RafikiChatbot\venv\lib\site-packages\rest_framework\locale\no\LC_MESSAGES\django.mo first seen with mtime 1737108716.7114358
File C:\Users\Ireneirungu\PycharmProjects\RafikiChatbot\venv\lib\site-packages\rest_framework\locale\pl\LC_MESSAGES\django.mo first seen with mtime 1737108716.7124362
File C:\Users\Ireneirungu\PycharmProjects\RafikiChatbot\venv\lib\site-packages\rest_framework\locale\pt\LC_MESSAGES\django.mo first seen with mtime 1737108716.7124362
File C:\Users\Ireneirungu\PycharmProjects\RafikiChatbot\venv\lib\site-packages\rest_framework\locale\pt_BR\LC_MESSAGES\django.mo first seen with mtime 1737108716.713436
File C:\Users\Ireneirungu\PycharmProjects\RafikiChatbot\venv\lib\site-packages\rest_framework\locale\pt_PT\LC_MESSAGES\django.mo first seen with mtime 1737108716.714436
File C:\Users\Ireneirungu\PycharmProjects\RafikiChatbot\venv\lib\site-packages\rest_framework\locale\ro\LC_MESSAGES\django.mo first seen with mtime 1737108716.71478
File C:\Users\Ireneirungu\PycharmProjects\RafikiChatbot\venv\lib\site-packages\rest_framework\locale\ru\LC_MESSAGES\django.mo first seen with mtime 1737108716.7157857
File C:\Users\Ireneirungu\PycharmProjects\RafikiChatbot\venv\lib\site-packages\rest_framework\locale\ru_RU\LC_MESSAGES\django.mo first seen with mtime 1737108716.7157857
File C:\Users\Ireneirungu\PycharmProjects\RafikiChatbot\venv\lib\site-packages\rest_framework\locale\sk\LC_MESSAGES\django.mo first seen with mtime 1737108716.7167857
File C:\Users\Ireneirungu\PycharmProjects\RafikiChatbot\venv\lib\site-packages\rest_framework\locale\sl\LC_MESSAGES\django.mo first seen with mtime 1737108716.7177856
File C:\Users\Ireneirungu\PycharmProjects\RafikiChatbot\venv\lib\site-packages\rest_framework\locale\sv\LC_MESSAGES\django.mo first seen with mtime 1737108716.7177856
File C:\Users\Ireneirungu\PycharmProjects\RafikiChatbot\venv\lib\site-packages\rest_framework\locale\th\LC_MESSAGES\django.mo first seen with mtime 1737108716.7187853
File C:\Users\Ireneirungu\PycharmProjects\RafikiChatbot\venv\lib\site-packages\rest_framework\locale\tr\LC_MESSAGES\django.mo first seen with mtime 1737108716.719786
File C:\Users\Ireneirungu\PycharmProjects\RafikiChatbot\venv\lib\site-packages\rest_framework\locale\tr_TR\LC_MESSAGES\django.mo first seen with mtime 1737108716.720785
File C:\Users\Ireneirungu\PycharmProjects\RafikiChatbot\venv\lib\site-packages\rest_framework\locale\uk\LC_MESSAGES\django.mo first seen with mtime 1737108716.7217848
File C:\Users\Ireneirungu\PycharmProjects\RafikiChatbot\venv\lib\site-packages\rest_framework\locale\vi\LC_MESSAGES\django.mo first seen with mtime 1737108716.7217848
File C:\Users\Ireneirungu\PycharmProjects\RafikiChatbot\venv\lib\site-packages\rest_framework\locale\zh_CN\LC_MESSAGES\django.mo first seen with mtime 1737108716.7227843
File C:\Users\Ireneirungu\PycharmProjects\RafikiChatbot\venv\lib\site-packages\rest_framework\locale\zh_Hans\LC_MESSAGES\django.mo first seen with mtime 1737108716.7237835
File C:\Users\Ireneirungu\PycharmProjects\RafikiChatbot\venv\lib\site-packages\rest_framework\locale\zh_Hant\LC_MESSAGES\django.mo first seen with mtime 1737108716.7237835
File C:\Users\Ireneirungu\PycharmProjects\RafikiChatbot\venv\lib\site-packages\rest_framework\locale\zh_TW\LC_MESSAGES\django.mo first seen with mtime 1737108716.7247834
File C:\Users\Ireneirungu\PycharmProjects\RafikiChatbot\venv\lib\site-packages\rest_framework_simplejwt\locale\ar\LC_MESSAGES\django.mo first seen with mtime 1738782341.4488895
File C:\Users\Ireneirungu\PycharmProjects\RafikiChatbot\venv\lib\site-packages\rest_framework_simplejwt\locale\cs\LC_MESSAGES\django.mo first seen with mtime 1738782341.451366
File C:\Users\Ireneirungu\PycharmProjects\RafikiChatbot\venv\lib\site-packages\rest_framework_simplejwt\locale\de\LC_MESSAGES\django.mo first seen with mtime 1738782341.4566271
File C:\Users\Ireneirungu\PycharmProjects\RafikiChatbot\venv\lib\site-packages\rest_framework_simplejwt\locale\es\LC_MESSAGES\django.mo first seen with mtime 1738782341.4618583
File C:\Users\Ireneirungu\PycharmProjects\RafikiChatbot\venv\lib\site-packages\rest_framework_simplejwt\locale\es_AR\LC_MESSAGES\django.mo first seen with mtime 1738782341.4648578
File C:\Users\Ireneirungu\PycharmProjects\RafikiChatbot\venv\lib\site-packages\rest_framework_simplejwt\locale\es_CL\LC_MESSAGES\django.mo first seen with mtime 1738782341.4729762
File C:\Users\Ireneirungu\PycharmProjects\RafikiChatbot\venv\lib\site-packages\rest_framework_simplejwt\locale\fa\LC_MESSAGES\django.mo first seen with mtime 1738782341.4764514
File C:\Users\Ireneirungu\PycharmProjects\RafikiChatbot\venv\lib\site-packages\rest_framework_simplejwt\locale\fa_IR\LC_MESSAGES\django.mo first seen with mtime 1738782341.479844
File C:\Users\Ireneirungu\PycharmProjects\RafikiChatbot\venv\lib\site-packages\rest_framework_simplejwt\locale\fr\LC_MESSAGES\django.mo first seen with mtime 1738782341.4828537
File C:\Users\Ireneirungu\PycharmProjects\RafikiChatbot\venv\lib\site-packages\rest_framework_simplejwt\locale\he_IL\LC_MESSAGES\django.mo first seen with mtime 1738782341.4869878
File C:\Users\Ireneirungu\PycharmProjects\RafikiChatbot\venv\lib\site-packages\rest_framework_simplejwt\locale\id_ID\LC_MESSAGES\django.mo first seen with mtime 1738782341.4893806
File C:\Users\Ireneirungu\PycharmProjects\RafikiChatbot\venv\lib\site-packages\rest_framework_simplejwt\locale\it_IT\LC_MESSAGES\django.mo first seen with mtime 1738782341.492816
File C:\Users\Ireneirungu\PycharmProjects\RafikiChatbot\venv\lib\site-packages\rest_framework_simplejwt\locale\ko_KR\LC_MESSAGES\django.mo first seen with mtime 1738782341.4952698
File C:\Users\Ireneirungu\PycharmProjects\RafikiChatbot\venv\lib\site-packages\rest_framework_simplejwt\locale\nl_NL\LC_MESSAGES\django.mo first seen with mtime 1738782341.4978006
File C:\Users\Ireneirungu\PycharmProjects\RafikiChatbot\venv\lib\site-packages\rest_framework_simplejwt\locale\pl_PL\LC_MESSAGES\django.mo first seen with mtime 1738782341.5017698
File C:\Users\Ireneirungu\PycharmProjects\RafikiChatbot\venv\lib\site-packages\rest_framework_simplejwt\locale\pt_BR\LC_MESSAGES\django.mo first seen with mtime 1738782341.5070927
File C:\Users\Ireneirungu\PycharmProjects\RafikiChatbot\venv\lib\site-packages\rest_framework_simplejwt\locale\ro\LC_MESSAGES\django.mo first seen with mtime 1738782341.5104597
File C:\Users\Ireneirungu\PycharmProjects\RafikiChatbot\venv\lib\site-packages\rest_framework_simplejwt\locale\ru_RU\LC_MESSAGES\django.mo first seen with mtime 1738782341.513865
File C:\Users\Ireneirungu\PycharmProjects\RafikiChatbot\venv\lib\site-packages\rest_framework_simplejwt\locale\sl\LC_MESSAGES\django.mo first seen with mtime 1738782341.5189614
File C:\Users\Ireneirungu\PycharmProjects\RafikiChatbot\venv\lib\site-packages\rest_framework_simplejwt\locale\sv\LC_MESSAGES\django.mo first seen with mtime 1738782341.5214865
File C:\Users\Ireneirungu\PycharmProjects\RafikiChatbot\venv\lib\site-packages\rest_framework_simplejwt\locale\tr\LC_MESSAGES\django.mo first seen with mtime 1738782341.5260963
File C:\Users\Ireneirungu\PycharmProjects\RafikiChatbot\venv\lib\site-packages\rest_framework_simplejwt\locale\uk_UA\LC_MESSAGES\django.mo first seen with mtime 1738782341.5299487
File C:\Users\Ireneirungu\PycharmProjects\RafikiChatbot\venv\lib\site-packages\rest_framework_simplejwt\locale\zh_Hans\LC_MESSAGES\django.mo first seen with mtime 1738782341.5343566
File C:\Users\Ireneirungu\PycharmProjects\RafikiChatbot\venv\Lib\site-packages\django\contrib\auth\migrations\0010_alter_group_name_max_length.py first seen with mtime 1737108718.435748
File C:\Users\Ireneirungu\PycharmProjects\RafikiChatbot\venv\Lib\site-packages\django\contrib\auth\migrations\0003_alter_user_email_max_length.py first seen with mtime 1737108718.432746
File C:\Users\Ireneirungu\PycharmProjects\RafikiChatbot\venv\Lib\site-packages\django\contrib\admin\migrations\0003_logentry_add_action_flag_choices.py first seen with mtime 1737108718.1349058
File C:\Users\Ireneirungu\PycharmProjects\RafikiChatbot\venv\Lib\site-packages\django\contrib\auth\migrations\0006_require_contenttypes_0002.py first seen with mtime 1737108718.4337478
File C:\Users\Ireneirungu\PycharmProjects\RafikiChatbot\venv\Lib\site-packages\django\contrib\contenttypes\migrations\0001_initial.py first seen with mtime 1737108718.5398185
File C:\Users\Ireneirungu\PycharmProjects\RafikiChatbot\venv\Lib\site-packages\django\db\migrations\recorder.py first seen with mtime 1737108719.4845872
File C:\Users\Ireneirungu\PycharmProjects\RafikiChatbot\venv\Lib\site-packages\django\db\migrations\executor.py first seen with mtime 1737108719.4825866
File C:\Users\Ireneirungu\PycharmProjects\RafikiChatbot\venv\Lib\site-packages\django\contrib\auth\migrations\0001_initial.py first seen with mtime 1737108718.432746
File C:\Users\Ireneirungu\PycharmProjects\RafikiChatbot\venv\Lib\site-packages\django\contrib\auth\migrations\0012_alter_user_first_name_max_length.py first seen with mtime 1737108718.4367483
File C:\Users\Ireneirungu\PycharmProjects\RafikiChatbot\venv\Lib\site-packages\django\contrib\auth\migrations\0008_alter_user_username_max_length.py first seen with mtime 1737108718.434748
File C:\Users\Ireneirungu\PycharmProjects\RafikiChatbot\venv\Lib\site-packages\django\contrib\contenttypes\migrations\__init__.py first seen with mtime 1737108718.5408187
File C:\Users\Ireneirungu\PycharmProjects\RafikiChatbot\venv\Lib\site-packages\django\db\migrations\loader.py first seen with mtime 1737108719.4825866
File C:\Users\Ireneirungu\PycharmProjects\RafikiChatbot\venv\Lib\site-packages\django\db\migrations\graph.py first seen with mtime 1737108719.4825866
File C:\Users\Ireneirungu\PycharmProjects\RafikiChatbot\venv\Lib\site-packages\django\contrib\auth\migrations\0002_alter_permission_name_max_length.py first seen with mtime 1737108718.432746
File C:\Users\Ireneirungu\PycharmProjects\RafikiChatbot\venv\Lib\site-packages\django\contrib\auth\migrations\0005_alter_user_last_login_null.py first seen with mtime 1737108718.4337478
File C:\Users\Ireneirungu\PycharmProjects\RafikiChatbot\venv\Lib\site-packages\django\contrib\auth\migrations\__init__.py first seen with mtime 1737108718.4367483
File C:\Users\Ireneirungu\PycharmProjects\RafikiChatbot\venv\Lib\site-packages\django\contrib\admin\migrations\0001_initial.py first seen with mtime 1737108718.1339056
File C:\Users\Ireneirungu\PycharmProjects\RafikiChatbot\venv\Lib\site-packages\django\contrib\auth\migrations\0011_update_proxy_permissions.py first seen with mtime 1737108718.435748
File C:\Users\Ireneirungu\PycharmProjects\RafikiChatbot\venv\Lib\site-packages\django\contrib\sessions\backends\db.py first seen with mtime 1737108719.1839561
File C:\Users\Ireneirungu\PycharmProjects\RafikiChatbot\venv\Lib\site-packages\django\contrib\sessions\migrations\0001_initial.py first seen with mtime 1737108719.2922096
File C:\Users\Ireneirungu\PycharmProjects\RafikiChatbot\chatbot\migrations\__init__.py first seen with mtime 1738505856.2380807
File C:\Users\Ireneirungu\PycharmProjects\RafikiChatbot\venv\Lib\site-packages\django\contrib\contenttypes\migrations\0002_remove_content_type_name.py first seen with mtime 1737108718.5398185
File C:\Users\Ireneirungu\PycharmProjects\RafikiChatbot\venv\Lib\site-packages\django\contrib\auth\migrations\0007_alter_validators_add_error_messages.py first seen with mtime 1737108718.434748
File C:\Users\Ireneirungu\PycharmProjects\RafikiChatbot\venv\Lib\site-packages\django\contrib\admin\migrations\__init__.py first seen with mtime 1737108718.1349058
File C:\Users\Ireneirungu\PycharmProjects\RafikiChatbot\venv\Lib\site-packages\django\contrib\sessions\migrations\__init__.py first seen with mtime 1737108719.2922096
File C:\Users\Ireneirungu\PycharmProjects\RafikiChatbot\venv\Lib\site-packages\django\contrib\auth\migrations\0004_alter_user_username_opts.py first seen with mtime 1737108718.4337478
File C:\Users\Ireneirungu\PycharmProjects\RafikiChatbot\core\wsgi.py first seen with mtime 1738505856.243953
File C:\Users\Ireneirungu\PycharmProjects\RafikiChatbot\venv\Lib\site-packages\django\contrib\admin\migrations\0002_logentry_remove_auto_add.py first seen with mtime 1737108718.1349058
File C:\Users\Ireneirungu\PycharmProjects\RafikiChatbot\venv\Lib\site-packages\django\middleware\clickjacking.py first seen with mtime 1737108719.5527613
File C:\Users\Ireneirungu\PycharmProjects\RafikiChatbot\venv\Lib\site-packages\django\contrib\auth\migrations\0009_alter_user_last_name_max_length.py first seen with mtime 1737108718.434748
File C:\Users\Ireneirungu\PycharmProjects\RafikiChatbot\core\settings.py previous mtime: 1742637035.1161451, current mtime: 1742638289.335039
C:\Users\Ireneirungu\PycharmProjects\RafikiChatbot\core\settings.py notified as changed. Signal results: [(<function template_changed at 0x000001A7920E5820>, None), (<function translation_file_changed at 0x000001A792E5B3A0>, None)].
C:\Users\Ireneirungu\PycharmProjects\RafikiChatbot\core\settings.py changed, reloading.
